Using pre-set license
Built from '2023.2/staging' branch; Version is '2023.2.4f1 (accd6d46ced1) revision 11324781'; Using compiler version '193431935'; Build Type 'Release'
OS: 'Windows 11  (10.0.26100) 64bit Professional' Language: 'en' Physical Memory: 32693 MB
BatchMode: 1, IsHumanControllingUs: 0, StartBugReporterOnCrash: 0, Is64bit: 1, IsPro: 1

COMMAND LINE ARGUMENTS:
C:\Program Files\Unity\Hub\Editor\2023.2.4f1\Editor\Unity.exe
-adb2
-batchMode
-noUpm
-name
AssetImportWorker7
-projectPath
C:/Users/aaron/Documents/GitHub/Future-Alien-Drug-Game/Future-Alien-Drug-Game
-logFile
Logs/AssetImportWorker7.log
-srvPort
63180
-job-worker-count
5
-background-job-worker-count
8
-asset-garbage-collectors
1
Successfully changed project path to: C:/Users/aaron/Documents/GitHub/Future-Alien-Drug-Game/Future-Alien-Drug-Game
C:/Users/aaron/Documents/GitHub/Future-Alien-Drug-Game/Future-Alien-Drug-Game
[UnityMemory] Configuration Parameters - Can be set up in boot.config
    "memorysetup-bucket-allocator-granularity=16"
    "memorysetup-bucket-allocator-bucket-count=8"
    "memorysetup-bucket-allocator-block-size=33554432"
    "memorysetup-bucket-allocator-block-count=8"
    "memorysetup-main-allocator-block-size=16777216"
    "memorysetup-thread-allocator-block-size=16777216"
    "memorysetup-gfx-main-allocator-block-size=16777216"
    "memorysetup-gfx-thread-allocator-block-size=16777216"
    "memorysetup-cache-allocator-block-size=4194304"
    "memorysetup-typetree-allocator-block-size=2097152"
    "memorysetup-profiler-bucket-allocator-granularity=16"
    "memorysetup-profiler-bucket-allocator-bucket-count=8"
    "memorysetup-profiler-bucket-allocator-block-size=33554432"
    "memorysetup-profiler-bucket-allocator-block-count=8"
    "memorysetup-profiler-allocator-block-size=16777216"
    "memorysetup-profiler-editor-allocator-block-size=1048576"
    "memorysetup-temp-allocator-size-main=16777216"
    "memorysetup-job-temp-allocator-block-size=2097152"
    "memorysetup-job-temp-allocator-block-size-background=1048576"
    "memorysetup-job-temp-allocator-reduction-small-platforms=262144"
    "memorysetup-allocator-temp-initial-block-size-main=262144"
    "memorysetup-allocator-temp-initial-block-size-worker=262144"
    "memorysetup-temp-allocator-size-background-worker=32768"
    "memorysetup-temp-allocator-size-job-worker=262144"
    "memorysetup-temp-allocator-size-preload-manager=33554432"
    "memorysetup-temp-allocator-size-nav-mesh-worker=65536"
    "memorysetup-temp-allocator-size-audio-worker=65536"
    "memorysetup-temp-allocator-size-cloud-worker=32768"
    "memorysetup-temp-allocator-size-gi-baking-worker=262144"
    "memorysetup-temp-allocator-size-gi-baking-worker=262144"
    "memorysetup-temp-allocator-size-gi-baking-worker=262144"
    "memorysetup-temp-allocator-size-gi-baking-worker=262144"
    "memorysetup-temp-allocator-size-gfx=262144"
Player connection [37360] Host "[IP] 192.168.0.173 [Port] 0 [Flags] 2 [Guid] 1430046974 [EditorId] 1430046974 [Version] 1048832 [Id] WindowsEditor(7,Aaron-pc2) [Debug] 1 [PackageName] WindowsEditor [ProjectName] Editor" joined multi-casting on [225.0.0.222:54997]...
Player connection [37360] Host "[IP] 192.168.0.173 [Port] 0 [Flags] 2 [Guid] 1430046974 [EditorId] 1430046974 [Version] 1048832 [Id] WindowsEditor(7,Aaron-pc2) [Debug] 1 [PackageName] WindowsEditor [ProjectName] Editor" joined alternative multi-casting on [225.0.0.222:34997]...
JobSystem: Creating JobQueue using job-worker-count value 5
[Physics::Module] Initialized MultithreadedJobDispatcher with 5 workers.
Library Redirect Path: Library/
Refreshing native plugins compatible for Editor in 1.89 ms, found 3 plugins.
Preloading 0 native plugins for Editor in 0.00 ms.
Initialize engine version: 2023.2.4f1 (accd6d46ced1)
[Subsystems] Discovering subsystems at path C:/Program Files/Unity/Hub/Editor/2023.2.4f1/Editor/Data/Resources/UnitySubsystems
[Subsystems] Discovering subsystems at path C:/Users/aaron/Documents/GitHub/Future-Alien-Drug-Game/Future-Alien-Drug-Game/Assets
GfxDevice: creating device client; kGfxThreadingModeNonThreaded
Direct3D:
    Version:  Direct3D 11.0 [level 11.1]
    Renderer: AMD Radeon RX 7600 (ID=0x7480)
    Vendor:   ATI
    VRAM:     8109 MB
    Driver:   32.0.12019.1028
Initialize mono
Mono path[0] = 'C:/Program Files/Unity/Hub/Editor/2023.2.4f1/Editor/Data/Managed'
Mono path[1] = 'C:/Program Files/Unity/Hub/Editor/2023.2.4f1/Editor/Data/MonoBleedingEdge/lib/mono/unityjit-win32'
Mono config path = 'C:/Program Files/Unity/Hub/Editor/2023.2.4f1/Editor/Data/MonoBleedingEdge/etc'
Using monoOptions --debugger-agent=transport=dt_socket,embedding=1,server=y,suspend=n,address=127.0.0.1:56092
Begin MonoManager ReloadAssembly
C:\build\output\Unity-Technologies\mono\mono\metadata\icall.c:1842:
C:\build\output\Unity-Technologies\mono\mono\metadata\icall.c:1842:
C:\build\output\Unity-Technologies\mono\mono\metadata\icall.c:1842:
C:\build\output\Unity-Technologies\mono\mono\metadata\icall.c:1842:
C:\build\output\Unity-Technologies\mono\mono\metadata\icall.c:1842:
C:\build\output\Unity-Technologies\mono\mono\metadata\icall.c:1842:
C:\build\output\Unity-Technologies\mono\mono\metadata\icall.c:1842:
C:\build\output\Unity-Technologies\mono\mono\metadata\icall.c:1842:
C:\build\output\Unity-Technologies\mono\mono\metadata\icall.c:1842:
C:\build\output\Unity-Technologies\mono\mono\metadata\icall.c:1842:
Registering precompiled unity dll's ...
Register platform support module: C:/Program Files/Unity/Hub/Editor/2023.2.4f1/Editor/Data/PlaybackEngines/WindowsStandaloneSupport/UnityEditor.WindowsStandalone.Extensions.dll
Registered in 0.002913 seconds.
- Loaded All Assemblies, in  0.359 seconds
Native extension for WindowsStandalone target not found
Mono: successfully reloaded assembly
C:\build\output\Unity-Technologies\mono\mono\metadata\icall.c:1842:
C:\build\output\Unity-Technologies\mono\mono\metadata\icall.c:1842:
- Finished resetting the current domain, in  0.314 seconds
Domain Reload Profiling: 671ms
	BeginReloadAssembly (118ms)
		ExecutionOrderSort (0ms)
		DisableScriptedObjects (0ms)
		BackupInstance (0ms)
		ReleaseScriptingObjects (0ms)
		CreateAndSetChildDomain (1ms)
	RebuildCommonClasses (33ms)
	RebuildNativeTypeToScriptingClass (11ms)
	initialDomainReloadingComplete (46ms)
	LoadAllAssembliesAndSetupDomain (149ms)
		LoadAssemblies (114ms)
		RebuildTransferFunctionScriptingTraits (0ms)
		AnalyzeDomain (146ms)
			TypeCache.Refresh (145ms)
				TypeCache.ScanAssembly (131ms)
			BuildScriptInfoCaches (0ms)
			ResolveRequiredComponents (1ms)
	FinalizeReload (314ms)
		ReleaseScriptCaches (0ms)
		RebuildScriptCaches (0ms)
		SetupLoadedEditorAssemblies (262ms)
			LogAssemblyErrors (0ms)
			InitializePlatformSupportModulesInManaged (9ms)
			SetLoadedEditorAssemblies (5ms)
			BeforeProcessingInitializeOnLoad (6ms)
			ProcessInitializeOnLoadAttributes (193ms)
			ProcessInitializeOnLoadMethodAttributes (48ms)
			AfterProcessingInitializeOnLoad (0ms)
			EditorAssembliesLoaded (0ms)
		ExecutionOrderSort2 (0ms)
		AwakeInstancesAfterBackupRestoration (0ms)
========================================================================
Worker process is ready to serve import requests
Import Worker Mode flag is 0x00
Begin MonoManager ReloadAssembly
C:\build\output\Unity-Technologies\mono\mono\metadata\icall.c:1842:
C:\build\output\Unity-Technologies\mono\mono\metadata\icall.c:1842:
C:\build\output\Unity-Technologies\mono\mono\metadata\icall.c:1842:
C:\build\output\Unity-Technologies\mono\mono\metadata\icall.c:1842:
C:\build\output\Unity-Technologies\mono\mono\metadata\icall.c:1842:
C:\build\output\Unity-Technologies\mono\mono\metadata\icall.c:1842:
C:\build\output\Unity-Technologies\mono\mono\metadata\icall.c:1842:
C:\build\output\Unity-Technologies\mono\mono\metadata\icall.c:1842:
C:\build\output\Unity-Technologies\mono\mono\metadata\icall.c:1842:
C:\build\output\Unity-Technologies\mono\mono\metadata\icall.c:1842:
C:\build\output\Unity-Technologies\mono\mono\metadata\icall.c:1842:
C:\build\output\Unity-Technologies\mono\mono\metadata\icall.c:1842:
Symbol file LoadedFromMemory doesn't match image C:\Users\aaron\Documents\GitHub\Future-Alien-Drug-Game\Future-Alien-Drug-Game\Library\PackageCache\com.unity.visualscripting@1.8.0\Editor\VisualScripting.Core\Dependencies\YamlDotNet\Unity.VisualScripting.YamlDotNet.dll
Symbol file LoadedFromMemory doesn't match image C:\Users\aaron\Documents\GitHub\Future-Alien-Drug-Game\Future-Alien-Drug-Game\Library\PackageCache\com.unity.visualscripting@1.8.0\Editor\VisualScripting.Core\Dependencies\DotNetZip\Unity.VisualScripting.IonicZip.dll
- Loaded All Assemblies, in  0.912 seconds
Refreshing native plugins compatible for Editor in 1.33 ms, found 3 plugins.
Native extension for WindowsStandalone target not found
Mono: successfully reloaded assembly
- Finished resetting the current domain, in  0.843 seconds
Domain Reload Profiling: 1751ms
	BeginReloadAssembly (305ms)
		ExecutionOrderSort (0ms)
		DisableScriptedObjects (8ms)
		BackupInstance (0ms)
		ReleaseScriptingObjects (0ms)
		CreateAndSetChildDomain (37ms)
	RebuildCommonClasses (32ms)
	RebuildNativeTypeToScriptingClass (10ms)
	initialDomainReloadingComplete (35ms)
	LoadAllAssembliesAndSetupDomain (526ms)
		LoadAssemblies (390ms)
		RebuildTransferFunctionScriptingTraits (0ms)
		AnalyzeDomain (223ms)
			TypeCache.Refresh (177ms)
				TypeCache.ScanAssembly (158ms)
			BuildScriptInfoCaches (32ms)
			ResolveRequiredComponents (11ms)
	FinalizeReload (843ms)
		ReleaseScriptCaches (0ms)
		RebuildScriptCaches (0ms)
		SetupLoadedEditorAssemblies (598ms)
			LogAssemblyErrors (0ms)
			InitializePlatformSupportModulesInManaged (3ms)
			SetLoadedEditorAssemblies (5ms)
			BeforeProcessingInitializeOnLoad (110ms)
			ProcessInitializeOnLoadAttributes (418ms)
			ProcessInitializeOnLoadMethodAttributes (54ms)
			AfterProcessingInitializeOnLoad (8ms)
			EditorAssembliesLoaded (0ms)
		ExecutionOrderSort2 (0ms)
		AwakeInstancesAfterBackupRestoration (7ms)
Launched and connected shader compiler UnityShaderCompiler.exe after 0.01 seconds
Refreshing native plugins compatible for Editor in 0.90 ms, found 3 plugins.
Preloading 0 native plugins for Editor in 0.00 ms.
Unloading 188 Unused Serialized files (Serialized files now loaded: 0)
Unloading 5307 unused Assets / (5.7 MB). Loaded Objects now: 5991.
Memory consumption went from 177.7 MB to 172.0 MB.
Total: 11.284300 ms (FindLiveObjects: 1.158500 ms CreateObjectMapping: 1.518300 ms MarkObjects: 5.321700 ms  DeleteObjects: 3.284300 ms)

========================================================================
Received Prepare
Begin MonoManager ReloadAssembly
C:\build\output\Unity-Technologies\mono\mono\metadata\icall.c:1842:
C:\build\output\Unity-Technologies\mono\mono\metadata\icall.c:1842:
C:\build\output\Unity-Technologies\mono\mono\metadata\icall.c:1842:
C:\build\output\Unity-Technologies\mono\mono\metadata\icall.c:1842:
C:\build\output\Unity-Technologies\mono\mono\metadata\icall.c:1842:
C:\build\output\Unity-Technologies\mono\mono\metadata\icall.c:1842:
C:\build\output\Unity-Technologies\mono\mono\metadata\icall.c:1842:
C:\build\output\Unity-Technologies\mono\mono\metadata\icall.c:1842:
C:\build\output\Unity-Technologies\mono\mono\metadata\icall.c:1842:
C:\build\output\Unity-Technologies\mono\mono\metadata\icall.c:1842:
C:\build\output\Unity-Technologies\mono\mono\metadata\icall.c:1842:
C:\build\output\Unity-Technologies\mono\mono\metadata\icall.c:1842:
Symbol file LoadedFromMemory doesn't match image C:\Users\aaron\Documents\GitHub\Future-Alien-Drug-Game\Future-Alien-Drug-Game\Library\PackageCache\com.unity.visualscripting@1.8.0\Editor\VisualScripting.Core\Dependencies\YamlDotNet\Unity.VisualScripting.YamlDotNet.dll
Symbol file LoadedFromMemory doesn't match image C:\Users\aaron\Documents\GitHub\Future-Alien-Drug-Game\Future-Alien-Drug-Game\Library\PackageCache\com.unity.visualscripting@1.8.0\Editor\VisualScripting.Core\Dependencies\DotNetZip\Unity.VisualScripting.IonicZip.dll
- Loaded All Assemblies, in  0.776 seconds
Refreshing native plugins compatible for Editor in 0.93 ms, found 3 plugins.
Native extension for WindowsStandalone target not found
Mono: successfully reloaded assembly
- Finished resetting the current domain, in  0.743 seconds
Domain Reload Profiling: 1517ms
	BeginReloadAssembly (224ms)
		ExecutionOrderSort (0ms)
		DisableScriptedObjects (4ms)
		BackupInstance (0ms)
		ReleaseScriptingObjects (0ms)
		CreateAndSetChildDomain (70ms)
	RebuildCommonClasses (40ms)
	RebuildNativeTypeToScriptingClass (12ms)
	initialDomainReloadingComplete (32ms)
	LoadAllAssembliesAndSetupDomain (467ms)
		LoadAssemblies (411ms)
		RebuildTransferFunctionScriptingTraits (0ms)
		AnalyzeDomain (160ms)
			TypeCache.Refresh (6ms)
				TypeCache.ScanAssembly (0ms)
			BuildScriptInfoCaches (137ms)
			ResolveRequiredComponents (13ms)
	FinalizeReload (743ms)
		ReleaseScriptCaches (0ms)
		RebuildScriptCaches (0ms)
		SetupLoadedEditorAssemblies (533ms)
			LogAssemblyErrors (0ms)
			InitializePlatformSupportModulesInManaged (3ms)
			SetLoadedEditorAssemblies (6ms)
			BeforeProcessingInitializeOnLoad (116ms)
			ProcessInitializeOnLoadAttributes (364ms)
			ProcessInitializeOnLoadMethodAttributes (37ms)
			AfterProcessingInitializeOnLoad (8ms)
			EditorAssembliesLoaded (0ms)
		ExecutionOrderSort2 (0ms)
		AwakeInstancesAfterBackupRestoration (18ms)
Refreshing native plugins compatible for Editor in 1.01 ms, found 3 plugins.
Preloading 0 native plugins for Editor in 0.00 ms.
Unloading 24 Unused Serialized files (Serialized files now loaded: 0)
Unloading 5305 unused Assets / (5.2 MB). Loaded Objects now: 5992.
Memory consumption went from 150.7 MB to 145.5 MB.
Total: 9.537000 ms (FindLiveObjects: 0.603900 ms CreateObjectMapping: 0.670900 ms MarkObjects: 4.708400 ms  DeleteObjects: 3.552900 ms)

Prepare: number of updated asset objects reloaded= 0
========================================================================
Received Prepare
Refreshing native plugins compatible for Editor in 1.21 ms, found 3 plugins.
Preloading 0 native plugins for Editor in 0.00 ms.
Unloading 21 Unused Serialized files (Serialized files now loaded: 0)
Unloading 5297 unused Assets / (5.1 MB). Loaded Objects now: 5992.
Memory consumption went from 150.5 MB to 145.4 MB.
Total: 12.342000 ms (FindLiveObjects: 0.588000 ms CreateObjectMapping: 1.079800 ms MarkObjects: 7.211800 ms  DeleteObjects: 3.461300 ms)

Prepare: number of updated asset objects reloaded= 0
========================================================================
Received Prepare
Begin MonoManager ReloadAssembly
C:\build\output\Unity-Technologies\mono\mono\metadata\icall.c:1842:
C:\build\output\Unity-Technologies\mono\mono\metadata\icall.c:1842:
C:\build\output\Unity-Technologies\mono\mono\metadata\icall.c:1842:
C:\build\output\Unity-Technologies\mono\mono\metadata\icall.c:1842:
C:\build\output\Unity-Technologies\mono\mono\metadata\icall.c:1842:
C:\build\output\Unity-Technologies\mono\mono\metadata\icall.c:1842:
C:\build\output\Unity-Technologies\mono\mono\metadata\icall.c:1842:
C:\build\output\Unity-Technologies\mono\mono\metadata\icall.c:1842:
C:\build\output\Unity-Technologies\mono\mono\metadata\icall.c:1842:
C:\build\output\Unity-Technologies\mono\mono\metadata\icall.c:1842:
C:\build\output\Unity-Technologies\mono\mono\metadata\icall.c:1842:
C:\build\output\Unity-Technologies\mono\mono\metadata\icall.c:1842:
Symbol file LoadedFromMemory doesn't match image C:\Users\aaron\Documents\GitHub\Future-Alien-Drug-Game\Future-Alien-Drug-Game\Library\PackageCache\com.unity.visualscripting@1.8.0\Editor\VisualScripting.Core\Dependencies\YamlDotNet\Unity.VisualScripting.YamlDotNet.dll
Symbol file LoadedFromMemory doesn't match image C:\Users\aaron\Documents\GitHub\Future-Alien-Drug-Game\Future-Alien-Drug-Game\Library\PackageCache\com.unity.visualscripting@1.8.0\Editor\VisualScripting.Core\Dependencies\DotNetZip\Unity.VisualScripting.IonicZip.dll
- Loaded All Assemblies, in  0.942 seconds
Refreshing native plugins compatible for Editor in 0.98 ms, found 3 plugins.
Native extension for WindowsStandalone target not found
Mono: successfully reloaded assembly
- Finished resetting the current domain, in  1.001 seconds
Domain Reload Profiling: 1941ms
	BeginReloadAssembly (243ms)
		ExecutionOrderSort (0ms)
		DisableScriptedObjects (6ms)
		BackupInstance (0ms)
		ReleaseScriptingObjects (0ms)
		CreateAndSetChildDomain (70ms)
	RebuildCommonClasses (42ms)
	RebuildNativeTypeToScriptingClass (14ms)
	initialDomainReloadingComplete (38ms)
	LoadAllAssembliesAndSetupDomain (603ms)
		LoadAssemblies (518ms)
		RebuildTransferFunctionScriptingTraits (0ms)
		AnalyzeDomain (203ms)
			TypeCache.Refresh (13ms)
				TypeCache.ScanAssembly (1ms)
			BuildScriptInfoCaches (174ms)
			ResolveRequiredComponents (11ms)
	FinalizeReload (1001ms)
		ReleaseScriptCaches (0ms)
		RebuildScriptCaches (0ms)
		SetupLoadedEditorAssemblies (731ms)
			LogAssemblyErrors (0ms)
			InitializePlatformSupportModulesInManaged (3ms)
			SetLoadedEditorAssemblies (10ms)
			BeforeProcessingInitializeOnLoad (185ms)
			ProcessInitializeOnLoadAttributes (480ms)
			ProcessInitializeOnLoadMethodAttributes (43ms)
			AfterProcessingInitializeOnLoad (9ms)
			EditorAssembliesLoaded (0ms)
		ExecutionOrderSort2 (0ms)
		AwakeInstancesAfterBackupRestoration (21ms)
Refreshing native plugins compatible for Editor in 1.27 ms, found 3 plugins.
Preloading 0 native plugins for Editor in 0.00 ms.
Unloading 23 Unused Serialized files (Serialized files now loaded: 0)
Unloading 5305 unused Assets / (5.8 MB). Loaded Objects now: 5992.
Memory consumption went from 154.4 MB to 148.6 MB.
Total: 13.050800 ms (FindLiveObjects: 0.909400 ms CreateObjectMapping: 1.122400 ms MarkObjects: 7.294900 ms  DeleteObjects: 3.722500 ms)

Prepare: number of updated asset objects reloaded= 0
========================================================================
Received Prepare
Refreshing native plugins compatible for Editor in 1.62 ms, found 3 plugins.
Preloading 0 native plugins for Editor in 0.00 ms.
Unloading 21 Unused Serialized files (Serialized files now loaded: 0)
Unloading 5297 unused Assets / (5.5 MB). Loaded Objects now: 5992.
Memory consumption went from 154.3 MB to 148.9 MB.
Total: 12.397800 ms (FindLiveObjects: 0.916000 ms CreateObjectMapping: 1.476600 ms MarkObjects: 4.931800 ms  DeleteObjects: 5.071600 ms)

Prepare: number of updated asset objects reloaded= 0
========================================================================
Received Prepare
Begin MonoManager ReloadAssembly
C:\build\output\Unity-Technologies\mono\mono\metadata\icall.c:1842:
C:\build\output\Unity-Technologies\mono\mono\metadata\icall.c:1842:
C:\build\output\Unity-Technologies\mono\mono\metadata\icall.c:1842:
C:\build\output\Unity-Technologies\mono\mono\metadata\icall.c:1842:
C:\build\output\Unity-Technologies\mono\mono\metadata\icall.c:1842:
C:\build\output\Unity-Technologies\mono\mono\metadata\icall.c:1842:
C:\build\output\Unity-Technologies\mono\mono\metadata\icall.c:1842:
C:\build\output\Unity-Technologies\mono\mono\metadata\icall.c:1842:
C:\build\output\Unity-Technologies\mono\mono\metadata\icall.c:1842:
C:\build\output\Unity-Technologies\mono\mono\metadata\icall.c:1842:
C:\build\output\Unity-Technologies\mono\mono\metadata\icall.c:1842:
C:\build\output\Unity-Technologies\mono\mono\metadata\icall.c:1842:
Symbol file LoadedFromMemory doesn't match image C:\Users\aaron\Documents\GitHub\Future-Alien-Drug-Game\Future-Alien-Drug-Game\Library\PackageCache\com.unity.visualscripting@1.8.0\Editor\VisualScripting.Core\Dependencies\YamlDotNet\Unity.VisualScripting.YamlDotNet.dll
Symbol file LoadedFromMemory doesn't match image C:\Users\aaron\Documents\GitHub\Future-Alien-Drug-Game\Future-Alien-Drug-Game\Library\PackageCache\com.unity.visualscripting@1.8.0\Editor\VisualScripting.Core\Dependencies\DotNetZip\Unity.VisualScripting.IonicZip.dll
- Loaded All Assemblies, in  0.766 seconds
Refreshing native plugins compatible for Editor in 1.05 ms, found 3 plugins.
Native extension for WindowsStandalone target not found
Mono: successfully reloaded assembly
- Finished resetting the current domain, in  0.801 seconds
Domain Reload Profiling: 1566ms
	BeginReloadAssembly (200ms)
		ExecutionOrderSort (0ms)
		DisableScriptedObjects (5ms)
		BackupInstance (0ms)
		ReleaseScriptingObjects (0ms)
		CreateAndSetChildDomain (54ms)
	RebuildCommonClasses (34ms)
	RebuildNativeTypeToScriptingClass (15ms)
	initialDomainReloadingComplete (30ms)
	LoadAllAssembliesAndSetupDomain (484ms)
		LoadAssemblies (422ms)
		RebuildTransferFunctionScriptingTraits (0ms)
		AnalyzeDomain (162ms)
			TypeCache.Refresh (11ms)
				TypeCache.ScanAssembly (1ms)
			BuildScriptInfoCaches (136ms)
			ResolveRequiredComponents (9ms)
	FinalizeReload (802ms)
		ReleaseScriptCaches (0ms)
		RebuildScriptCaches (0ms)
		SetupLoadedEditorAssemblies (586ms)
			LogAssemblyErrors (0ms)
			InitializePlatformSupportModulesInManaged (3ms)
			SetLoadedEditorAssemblies (6ms)
			BeforeProcessingInitializeOnLoad (123ms)
			ProcessInitializeOnLoadAttributes (402ms)
			ProcessInitializeOnLoadMethodAttributes (41ms)
			AfterProcessingInitializeOnLoad (9ms)
			EditorAssembliesLoaded (1ms)
		ExecutionOrderSort2 (0ms)
		AwakeInstancesAfterBackupRestoration (18ms)
Refreshing native plugins compatible for Editor in 1.12 ms, found 3 plugins.
Preloading 0 native plugins for Editor in 0.00 ms.
Unloading 23 Unused Serialized files (Serialized files now loaded: 0)
Unloading 5305 unused Assets / (4.7 MB). Loaded Objects now: 5992.
Memory consumption went from 156.3 MB to 151.7 MB.
Total: 10.038100 ms (FindLiveObjects: 0.581500 ms CreateObjectMapping: 0.669900 ms MarkObjects: 5.963100 ms  DeleteObjects: 2.822300 ms)

Prepare: number of updated asset objects reloaded= 0
========================================================================
Received Prepare
Begin MonoManager ReloadAssembly
C:\build\output\Unity-Technologies\mono\mono\metadata\icall.c:1842:
C:\build\output\Unity-Technologies\mono\mono\metadata\icall.c:1842:
C:\build\output\Unity-Technologies\mono\mono\metadata\icall.c:1842:
C:\build\output\Unity-Technologies\mono\mono\metadata\icall.c:1842:
C:\build\output\Unity-Technologies\mono\mono\metadata\icall.c:1842:
C:\build\output\Unity-Technologies\mono\mono\metadata\icall.c:1842:
C:\build\output\Unity-Technologies\mono\mono\metadata\icall.c:1842:
C:\build\output\Unity-Technologies\mono\mono\metadata\icall.c:1842:
C:\build\output\Unity-Technologies\mono\mono\metadata\icall.c:1842:
C:\build\output\Unity-Technologies\mono\mono\metadata\icall.c:1842:
C:\build\output\Unity-Technologies\mono\mono\metadata\icall.c:1842:
C:\build\output\Unity-Technologies\mono\mono\metadata\icall.c:1842:
Symbol file LoadedFromMemory doesn't match image C:\Users\aaron\Documents\GitHub\Future-Alien-Drug-Game\Future-Alien-Drug-Game\Library\PackageCache\com.unity.visualscripting@1.8.0\Editor\VisualScripting.Core\Dependencies\YamlDotNet\Unity.VisualScripting.YamlDotNet.dll
Symbol file LoadedFromMemory doesn't match image C:\Users\aaron\Documents\GitHub\Future-Alien-Drug-Game\Future-Alien-Drug-Game\Library\PackageCache\com.unity.visualscripting@1.8.0\Editor\VisualScripting.Core\Dependencies\DotNetZip\Unity.VisualScripting.IonicZip.dll
- Loaded All Assemblies, in  0.762 seconds
Refreshing native plugins compatible for Editor in 1.20 ms, found 3 plugins.
Native extension for WindowsStandalone target not found
Mono: successfully reloaded assembly
- Finished resetting the current domain, in  0.816 seconds
Domain Reload Profiling: 1577ms
	BeginReloadAssembly (210ms)
		ExecutionOrderSort (0ms)
		DisableScriptedObjects (6ms)
		BackupInstance (0ms)
		ReleaseScriptingObjects (0ms)
		CreateAndSetChildDomain (60ms)
	RebuildCommonClasses (42ms)
	RebuildNativeTypeToScriptingClass (14ms)
	initialDomainReloadingComplete (31ms)
	LoadAllAssembliesAndSetupDomain (463ms)
		LoadAssemblies (406ms)
		RebuildTransferFunctionScriptingTraits (0ms)
		AnalyzeDomain (159ms)
			TypeCache.Refresh (6ms)
				TypeCache.ScanAssembly (0ms)
			BuildScriptInfoCaches (139ms)
			ResolveRequiredComponents (9ms)
	FinalizeReload (817ms)
		ReleaseScriptCaches (0ms)
		RebuildScriptCaches (0ms)
		SetupLoadedEditorAssemblies (603ms)
			LogAssemblyErrors (0ms)
			InitializePlatformSupportModulesInManaged (3ms)
			SetLoadedEditorAssemblies (6ms)
			BeforeProcessingInitializeOnLoad (133ms)
			ProcessInitializeOnLoadAttributes (416ms)
			ProcessInitializeOnLoadMethodAttributes (37ms)
			AfterProcessingInitializeOnLoad (7ms)
			EditorAssembliesLoaded (0ms)
		ExecutionOrderSort2 (0ms)
		AwakeInstancesAfterBackupRestoration (19ms)
Refreshing native plugins compatible for Editor in 1.40 ms, found 3 plugins.
Preloading 0 native plugins for Editor in 0.00 ms.
Unloading 23 Unused Serialized files (Serialized files now loaded: 0)
Unloading 5305 unused Assets / (5.5 MB). Loaded Objects now: 5992.
Memory consumption went from 158.2 MB to 152.7 MB.
Total: 12.203000 ms (FindLiveObjects: 1.074900 ms CreateObjectMapping: 1.615400 ms MarkObjects: 5.588600 ms  DeleteObjects: 3.923000 ms)

Prepare: number of updated asset objects reloaded= 0
========================================================================
Received Prepare
Begin MonoManager ReloadAssembly
C:\build\output\Unity-Technologies\mono\mono\metadata\icall.c:1842:
C:\build\output\Unity-Technologies\mono\mono\metadata\icall.c:1842:
C:\build\output\Unity-Technologies\mono\mono\metadata\icall.c:1842:
C:\build\output\Unity-Technologies\mono\mono\metadata\icall.c:1842:
C:\build\output\Unity-Technologies\mono\mono\metadata\icall.c:1842:
C:\build\output\Unity-Technologies\mono\mono\metadata\icall.c:1842:
C:\build\output\Unity-Technologies\mono\mono\metadata\icall.c:1842:
C:\build\output\Unity-Technologies\mono\mono\metadata\icall.c:1842:
C:\build\output\Unity-Technologies\mono\mono\metadata\icall.c:1842:
C:\build\output\Unity-Technologies\mono\mono\metadata\icall.c:1842:
C:\build\output\Unity-Technologies\mono\mono\metadata\icall.c:1842:
C:\build\output\Unity-Technologies\mono\mono\metadata\icall.c:1842:
Symbol file LoadedFromMemory doesn't match image C:\Users\aaron\Documents\GitHub\Future-Alien-Drug-Game\Future-Alien-Drug-Game\Library\PackageCache\com.unity.visualscripting@1.8.0\Editor\VisualScripting.Core\Dependencies\YamlDotNet\Unity.VisualScripting.YamlDotNet.dll
Symbol file LoadedFromMemory doesn't match image C:\Users\aaron\Documents\GitHub\Future-Alien-Drug-Game\Future-Alien-Drug-Game\Library\PackageCache\com.unity.visualscripting@1.8.0\Editor\VisualScripting.Core\Dependencies\DotNetZip\Unity.VisualScripting.IonicZip.dll
- Loaded All Assemblies, in  0.775 seconds
Refreshing native plugins compatible for Editor in 0.79 ms, found 3 plugins.
Native extension for WindowsStandalone target not found
Mono: successfully reloaded assembly
- Finished resetting the current domain, in  0.802 seconds
Domain Reload Profiling: 1576ms
	BeginReloadAssembly (205ms)
		ExecutionOrderSort (0ms)
		DisableScriptedObjects (6ms)
		BackupInstance (0ms)
		ReleaseScriptingObjects (0ms)
		CreateAndSetChildDomain (52ms)
	RebuildCommonClasses (40ms)
	RebuildNativeTypeToScriptingClass (12ms)
	initialDomainReloadingComplete (35ms)
	LoadAllAssembliesAndSetupDomain (481ms)
		LoadAssemblies (426ms)
		RebuildTransferFunctionScriptingTraits (0ms)
		AnalyzeDomain (155ms)
			TypeCache.Refresh (6ms)
				TypeCache.ScanAssembly (0ms)
			BuildScriptInfoCaches (134ms)
			ResolveRequiredComponents (11ms)
	FinalizeReload (803ms)
		ReleaseScriptCaches (0ms)
		RebuildScriptCaches (0ms)
		SetupLoadedEditorAssemblies (589ms)
			LogAssemblyErrors (0ms)
			InitializePlatformSupportModulesInManaged (2ms)
			SetLoadedEditorAssemblies (8ms)
			BeforeProcessingInitializeOnLoad (149ms)
			ProcessInitializeOnLoadAttributes (380ms)
			ProcessInitializeOnLoadMethodAttributes (41ms)
			AfterProcessingInitializeOnLoad (7ms)
			EditorAssembliesLoaded (1ms)
		ExecutionOrderSort2 (0ms)
		AwakeInstancesAfterBackupRestoration (19ms)
Refreshing native plugins compatible for Editor in 1.15 ms, found 3 plugins.
Preloading 0 native plugins for Editor in 0.00 ms.
Unloading 23 Unused Serialized files (Serialized files now loaded: 0)
Unloading 5305 unused Assets / (5.2 MB). Loaded Objects now: 5992.
Memory consumption went from 160.2 MB to 154.9 MB.
Total: 10.556100 ms (FindLiveObjects: 0.588500 ms CreateObjectMapping: 0.610000 ms MarkObjects: 6.053100 ms  DeleteObjects: 3.303100 ms)

Prepare: number of updated asset objects reloaded= 0
========================================================================
Received Prepare
Refreshing native plugins compatible for Editor in 1.14 ms, found 3 plugins.
Preloading 0 native plugins for Editor in 0.00 ms.
Unloading 21 Unused Serialized files (Serialized files now loaded: 0)
Unloading 5297 unused Assets / (5.1 MB). Loaded Objects now: 5992.
Memory consumption went from 160.1 MB to 155.0 MB.
Total: 12.428200 ms (FindLiveObjects: 0.776900 ms CreateObjectMapping: 1.290400 ms MarkObjects: 7.130000 ms  DeleteObjects: 3.229500 ms)

Prepare: number of updated asset objects reloaded= 0
========================================================================
Received Prepare
Begin MonoManager ReloadAssembly
C:\build\output\Unity-Technologies\mono\mono\metadata\icall.c:1842:
C:\build\output\Unity-Technologies\mono\mono\metadata\icall.c:1842:
C:\build\output\Unity-Technologies\mono\mono\metadata\icall.c:1842:
C:\build\output\Unity-Technologies\mono\mono\metadata\icall.c:1842:
C:\build\output\Unity-Technologies\mono\mono\metadata\icall.c:1842:
C:\build\output\Unity-Technologies\mono\mono\metadata\icall.c:1842:
C:\build\output\Unity-Technologies\mono\mono\metadata\icall.c:1842:
C:\build\output\Unity-Technologies\mono\mono\metadata\icall.c:1842:
C:\build\output\Unity-Technologies\mono\mono\metadata\icall.c:1842:
C:\build\output\Unity-Technologies\mono\mono\metadata\icall.c:1842:
C:\build\output\Unity-Technologies\mono\mono\metadata\icall.c:1842:
C:\build\output\Unity-Technologies\mono\mono\metadata\icall.c:1842:
Symbol file LoadedFromMemory doesn't match image C:\Users\aaron\Documents\GitHub\Future-Alien-Drug-Game\Future-Alien-Drug-Game\Library\PackageCache\com.unity.visualscripting@1.8.0\Editor\VisualScripting.Core\Dependencies\YamlDotNet\Unity.VisualScripting.YamlDotNet.dll
Symbol file LoadedFromMemory doesn't match image C:\Users\aaron\Documents\GitHub\Future-Alien-Drug-Game\Future-Alien-Drug-Game\Library\PackageCache\com.unity.visualscripting@1.8.0\Editor\VisualScripting.Core\Dependencies\DotNetZip\Unity.VisualScripting.IonicZip.dll
- Loaded All Assemblies, in  0.849 seconds
Refreshing native plugins compatible for Editor in 0.75 ms, found 3 plugins.
Native extension for WindowsStandalone target not found
Mono: successfully reloaded assembly
- Finished resetting the current domain, in  0.935 seconds
Domain Reload Profiling: 1782ms
	BeginReloadAssembly (232ms)
		ExecutionOrderSort (0ms)
		DisableScriptedObjects (6ms)
		BackupInstance (0ms)
		ReleaseScriptingObjects (0ms)
		CreateAndSetChildDomain (63ms)
	RebuildCommonClasses (43ms)
	RebuildNativeTypeToScriptingClass (13ms)
	initialDomainReloadingComplete (32ms)
	LoadAllAssembliesAndSetupDomain (526ms)
		LoadAssemblies (467ms)
		RebuildTransferFunctionScriptingTraits (0ms)
		AnalyzeDomain (175ms)
			TypeCache.Refresh (12ms)
				TypeCache.ScanAssembly (1ms)
			BuildScriptInfoCaches (146ms)
			ResolveRequiredComponents (12ms)
	FinalizeReload (936ms)
		ReleaseScriptCaches (0ms)
		RebuildScriptCaches (0ms)
		SetupLoadedEditorAssemblies (690ms)
			LogAssemblyErrors (0ms)
			InitializePlatformSupportModulesInManaged (3ms)
			SetLoadedEditorAssemblies (9ms)
			BeforeProcessingInitializeOnLoad (164ms)
			ProcessInitializeOnLoadAttributes (464ms)
			ProcessInitializeOnLoadMethodAttributes (39ms)
			AfterProcessingInitializeOnLoad (10ms)
			EditorAssembliesLoaded (0ms)
		ExecutionOrderSort2 (0ms)
		AwakeInstancesAfterBackupRestoration (21ms)
Refreshing native plugins compatible for Editor in 0.86 ms, found 3 plugins.
Preloading 0 native plugins for Editor in 0.00 ms.
Unloading 23 Unused Serialized files (Serialized files now loaded: 0)
Unloading 5305 unused Assets / (5.1 MB). Loaded Objects now: 5992.
Memory consumption went from 162.1 MB to 157.0 MB.
Total: 8.524000 ms (FindLiveObjects: 0.573400 ms CreateObjectMapping: 0.267300 ms MarkObjects: 4.942100 ms  DeleteObjects: 2.740300 ms)

Prepare: number of updated asset objects reloaded= 0
========================================================================
Received Prepare
Begin MonoManager ReloadAssembly
C:\build\output\Unity-Technologies\mono\mono\metadata\icall.c:1842:
C:\build\output\Unity-Technologies\mono\mono\metadata\icall.c:1842:
C:\build\output\Unity-Technologies\mono\mono\metadata\icall.c:1842:
C:\build\output\Unity-Technologies\mono\mono\metadata\icall.c:1842:
C:\build\output\Unity-Technologies\mono\mono\metadata\icall.c:1842:
C:\build\output\Unity-Technologies\mono\mono\metadata\icall.c:1842:
C:\build\output\Unity-Technologies\mono\mono\metadata\icall.c:1842:
C:\build\output\Unity-Technologies\mono\mono\metadata\icall.c:1842:
C:\build\output\Unity-Technologies\mono\mono\metadata\icall.c:1842:
C:\build\output\Unity-Technologies\mono\mono\metadata\icall.c:1842:
C:\build\output\Unity-Technologies\mono\mono\metadata\icall.c:1842:
C:\build\output\Unity-Technologies\mono\mono\metadata\icall.c:1842:
Symbol file LoadedFromMemory doesn't match image C:\Users\aaron\Documents\GitHub\Future-Alien-Drug-Game\Future-Alien-Drug-Game\Library\PackageCache\com.unity.visualscripting@1.8.0\Editor\VisualScripting.Core\Dependencies\YamlDotNet\Unity.VisualScripting.YamlDotNet.dll
Symbol file LoadedFromMemory doesn't match image C:\Users\aaron\Documents\GitHub\Future-Alien-Drug-Game\Future-Alien-Drug-Game\Library\PackageCache\com.unity.visualscripting@1.8.0\Editor\VisualScripting.Core\Dependencies\DotNetZip\Unity.VisualScripting.IonicZip.dll
- Loaded All Assemblies, in  0.754 seconds
Refreshing native plugins compatible for Editor in 0.75 ms, found 3 plugins.
Native extension for WindowsStandalone target not found
Mono: successfully reloaded assembly
- Finished resetting the current domain, in  0.839 seconds
Domain Reload Profiling: 1594ms
	BeginReloadAssembly (205ms)
		ExecutionOrderSort (0ms)
		DisableScriptedObjects (6ms)
		BackupInstance (0ms)
		ReleaseScriptingObjects (0ms)
		CreateAndSetChildDomain (56ms)
	RebuildCommonClasses (44ms)
	RebuildNativeTypeToScriptingClass (15ms)
	initialDomainReloadingComplete (31ms)
	LoadAllAssembliesAndSetupDomain (460ms)
		LoadAssemblies (406ms)
		RebuildTransferFunctionScriptingTraits (0ms)
		AnalyzeDomain (153ms)
			TypeCache.Refresh (9ms)
				TypeCache.ScanAssembly (0ms)
			BuildScriptInfoCaches (131ms)
			ResolveRequiredComponents (8ms)
	FinalizeReload (839ms)
		ReleaseScriptCaches (0ms)
		RebuildScriptCaches (0ms)
		SetupLoadedEditorAssemblies (612ms)
			LogAssemblyErrors (0ms)
			InitializePlatformSupportModulesInManaged (2ms)
			SetLoadedEditorAssemblies (6ms)
			BeforeProcessingInitializeOnLoad (134ms)
			ProcessInitializeOnLoadAttributes (421ms)
			ProcessInitializeOnLoadMethodAttributes (41ms)
			AfterProcessingInitializeOnLoad (8ms)
			EditorAssembliesLoaded (0ms)
		ExecutionOrderSort2 (0ms)
		AwakeInstancesAfterBackupRestoration (19ms)
Refreshing native plugins compatible for Editor in 1.09 ms, found 3 plugins.
Preloading 0 native plugins for Editor in 0.00 ms.
Unloading 23 Unused Serialized files (Serialized files now loaded: 0)
Unloading 5305 unused Assets / (5.4 MB). Loaded Objects now: 5992.
Memory consumption went from 164.0 MB to 158.6 MB.
Total: 11.279200 ms (FindLiveObjects: 1.358400 ms CreateObjectMapping: 0.978000 ms MarkObjects: 5.333700 ms  DeleteObjects: 3.607900 ms)

Prepare: number of updated asset objects reloaded= 0
========================================================================
Received Prepare
Refreshing native plugins compatible for Editor in 1.43 ms, found 3 plugins.
Preloading 0 native plugins for Editor in 0.00 ms.
Unloading 21 Unused Serialized files (Serialized files now loaded: 0)
Unloading 5297 unused Assets / (5.7 MB). Loaded Objects now: 5992.
Memory consumption went from 164.0 MB to 158.2 MB.
Total: 12.534000 ms (FindLiveObjects: 1.334800 ms CreateObjectMapping: 1.275100 ms MarkObjects: 5.697000 ms  DeleteObjects: 4.225900 ms)

Prepare: number of updated asset objects reloaded= 0
========================================================================
Received Prepare
Begin MonoManager ReloadAssembly
C:\build\output\Unity-Technologies\mono\mono\metadata\icall.c:1842:
C:\build\output\Unity-Technologies\mono\mono\metadata\icall.c:1842:
C:\build\output\Unity-Technologies\mono\mono\metadata\icall.c:1842:
C:\build\output\Unity-Technologies\mono\mono\metadata\icall.c:1842:
C:\build\output\Unity-Technologies\mono\mono\metadata\icall.c:1842:
C:\build\output\Unity-Technologies\mono\mono\metadata\icall.c:1842:
C:\build\output\Unity-Technologies\mono\mono\metadata\icall.c:1842:
C:\build\output\Unity-Technologies\mono\mono\metadata\icall.c:1842:
C:\build\output\Unity-Technologies\mono\mono\metadata\icall.c:1842:
C:\build\output\Unity-Technologies\mono\mono\metadata\icall.c:1842:
C:\build\output\Unity-Technologies\mono\mono\metadata\icall.c:1842:
C:\build\output\Unity-Technologies\mono\mono\metadata\icall.c:1842:
Symbol file LoadedFromMemory doesn't match image C:\Users\aaron\Documents\GitHub\Future-Alien-Drug-Game\Future-Alien-Drug-Game\Library\PackageCache\com.unity.visualscripting@1.8.0\Editor\VisualScripting.Core\Dependencies\YamlDotNet\Unity.VisualScripting.YamlDotNet.dll
Symbol file LoadedFromMemory doesn't match image C:\Users\aaron\Documents\GitHub\Future-Alien-Drug-Game\Future-Alien-Drug-Game\Library\PackageCache\com.unity.visualscripting@1.8.0\Editor\VisualScripting.Core\Dependencies\DotNetZip\Unity.VisualScripting.IonicZip.dll
- Loaded All Assemblies, in  0.854 seconds
Refreshing native plugins compatible for Editor in 0.88 ms, found 3 plugins.
Native extension for WindowsStandalone target not found
Mono: successfully reloaded assembly
- Finished resetting the current domain, in  0.903 seconds
Domain Reload Profiling: 1754ms
	BeginReloadAssembly (231ms)
		ExecutionOrderSort (0ms)
		DisableScriptedObjects (4ms)
		BackupInstance (0ms)
		ReleaseScriptingObjects (0ms)
		CreateAndSetChildDomain (61ms)
	RebuildCommonClasses (38ms)
	RebuildNativeTypeToScriptingClass (11ms)
	initialDomainReloadingComplete (35ms)
	LoadAllAssembliesAndSetupDomain (536ms)
		LoadAssemblies (465ms)
		RebuildTransferFunctionScriptingTraits (0ms)
		AnalyzeDomain (187ms)
			TypeCache.Refresh (12ms)
				TypeCache.ScanAssembly (1ms)
			BuildScriptInfoCaches (155ms)
			ResolveRequiredComponents (14ms)
	FinalizeReload (904ms)
		ReleaseScriptCaches (0ms)
		RebuildScriptCaches (0ms)
		SetupLoadedEditorAssemblies (664ms)
			LogAssemblyErrors (0ms)
			InitializePlatformSupportModulesInManaged (3ms)
			SetLoadedEditorAssemblies (8ms)
			BeforeProcessingInitializeOnLoad (158ms)
			ProcessInitializeOnLoadAttributes (448ms)
			ProcessInitializeOnLoadMethodAttributes (40ms)
			AfterProcessingInitializeOnLoad (8ms)
			EditorAssembliesLoaded (0ms)
		ExecutionOrderSort2 (0ms)
		AwakeInstancesAfterBackupRestoration (19ms)
Refreshing native plugins compatible for Editor in 1.17 ms, found 3 plugins.
Preloading 0 native plugins for Editor in 0.00 ms.
Unloading 23 Unused Serialized files (Serialized files now loaded: 0)
Unloading 5305 unused Assets / (5.7 MB). Loaded Objects now: 5992.
Memory consumption went from 165.9 MB to 160.3 MB.
Total: 11.816800 ms (FindLiveObjects: 0.709100 ms CreateObjectMapping: 0.755900 ms MarkObjects: 6.434400 ms  DeleteObjects: 3.916200 ms)

Prepare: number of updated asset objects reloaded= 0
========================================================================
Received Prepare
Begin MonoManager ReloadAssembly
C:\build\output\Unity-Technologies\mono\mono\metadata\icall.c:1842:
C:\build\output\Unity-Technologies\mono\mono\metadata\icall.c:1842:
C:\build\output\Unity-Technologies\mono\mono\metadata\icall.c:1842:
C:\build\output\Unity-Technologies\mono\mono\metadata\icall.c:1842:
C:\build\output\Unity-Technologies\mono\mono\metadata\icall.c:1842:
C:\build\output\Unity-Technologies\mono\mono\metadata\icall.c:1842:
C:\build\output\Unity-Technologies\mono\mono\metadata\icall.c:1842:
C:\build\output\Unity-Technologies\mono\mono\metadata\icall.c:1842:
C:\build\output\Unity-Technologies\mono\mono\metadata\icall.c:1842:
C:\build\output\Unity-Technologies\mono\mono\metadata\icall.c:1842:
C:\build\output\Unity-Technologies\mono\mono\metadata\icall.c:1842:
C:\build\output\Unity-Technologies\mono\mono\metadata\icall.c:1842:
Symbol file LoadedFromMemory doesn't match image C:\Users\aaron\Documents\GitHub\Future-Alien-Drug-Game\Future-Alien-Drug-Game\Library\PackageCache\com.unity.visualscripting@1.8.0\Editor\VisualScripting.Core\Dependencies\YamlDotNet\Unity.VisualScripting.YamlDotNet.dll
Symbol file LoadedFromMemory doesn't match image C:\Users\aaron\Documents\GitHub\Future-Alien-Drug-Game\Future-Alien-Drug-Game\Library\PackageCache\com.unity.visualscripting@1.8.0\Editor\VisualScripting.Core\Dependencies\DotNetZip\Unity.VisualScripting.IonicZip.dll
- Loaded All Assemblies, in  0.744 seconds
Refreshing native plugins compatible for Editor in 0.73 ms, found 3 plugins.
Native extension for WindowsStandalone target not found
Mono: successfully reloaded assembly
- Finished resetting the current domain, in  0.791 seconds
Domain Reload Profiling: 1534ms
	BeginReloadAssembly (204ms)
		ExecutionOrderSort (0ms)
		DisableScriptedObjects (4ms)
		BackupInstance (0ms)
		ReleaseScriptingObjects (0ms)
		CreateAndSetChildDomain (57ms)
	RebuildCommonClasses (38ms)
	RebuildNativeTypeToScriptingClass (12ms)
	initialDomainReloadingComplete (32ms)
	LoadAllAssembliesAndSetupDomain (456ms)
		LoadAssemblies (404ms)
		RebuildTransferFunctionScriptingTraits (0ms)
		AnalyzeDomain (154ms)
			TypeCache.Refresh (7ms)
				TypeCache.ScanAssembly (0ms)
			BuildScriptInfoCaches (132ms)
			ResolveRequiredComponents (10ms)
	FinalizeReload (792ms)
		ReleaseScriptCaches (0ms)
		RebuildScriptCaches (0ms)
		SetupLoadedEditorAssemblies (569ms)
			LogAssemblyErrors (0ms)
			InitializePlatformSupportModulesInManaged (2ms)
			SetLoadedEditorAssemblies (7ms)
			BeforeProcessingInitializeOnLoad (132ms)
			ProcessInitializeOnLoadAttributes (382ms)
			ProcessInitializeOnLoadMethodAttributes (39ms)
			AfterProcessingInitializeOnLoad (6ms)
			EditorAssembliesLoaded (0ms)
		ExecutionOrderSort2 (0ms)
		AwakeInstancesAfterBackupRestoration (16ms)
Refreshing native plugins compatible for Editor in 1.16 ms, found 3 plugins.
Preloading 0 native plugins for Editor in 0.00 ms.
Unloading 23 Unused Serialized files (Serialized files now loaded: 0)
Unloading 5305 unused Assets / (5.3 MB). Loaded Objects now: 5992.
Memory consumption went from 167.8 MB to 162.5 MB.
Total: 9.464400 ms (FindLiveObjects: 0.973800 ms CreateObjectMapping: 0.925600 ms MarkObjects: 4.474500 ms  DeleteObjects: 3.089100 ms)

Prepare: number of updated asset objects reloaded= 0
========================================================================
Received Prepare
Refreshing native plugins compatible for Editor in 1.08 ms, found 3 plugins.
Preloading 0 native plugins for Editor in 0.00 ms.
Unloading 21 Unused Serialized files (Serialized files now loaded: 0)
Unloading 5297 unused Assets / (5.2 MB). Loaded Objects now: 5992.
Memory consumption went from 167.8 MB to 162.5 MB.
Total: 11.697000 ms (FindLiveObjects: 1.260900 ms CreateObjectMapping: 1.181600 ms MarkObjects: 4.534400 ms  DeleteObjects: 4.718900 ms)

Prepare: number of updated asset objects reloaded= 0
========================================================================
Received Prepare
Begin MonoManager ReloadAssembly
C:\build\output\Unity-Technologies\mono\mono\metadata\icall.c:1842:
C:\build\output\Unity-Technologies\mono\mono\metadata\icall.c:1842:
C:\build\output\Unity-Technologies\mono\mono\metadata\icall.c:1842:
C:\build\output\Unity-Technologies\mono\mono\metadata\icall.c:1842:
C:\build\output\Unity-Technologies\mono\mono\metadata\icall.c:1842:
C:\build\output\Unity-Technologies\mono\mono\metadata\icall.c:1842:
C:\build\output\Unity-Technologies\mono\mono\metadata\icall.c:1842:
C:\build\output\Unity-Technologies\mono\mono\metadata\icall.c:1842:
C:\build\output\Unity-Technologies\mono\mono\metadata\icall.c:1842:
C:\build\output\Unity-Technologies\mono\mono\metadata\icall.c:1842:
C:\build\output\Unity-Technologies\mono\mono\metadata\icall.c:1842:
C:\build\output\Unity-Technologies\mono\mono\metadata\icall.c:1842:
Symbol file LoadedFromMemory doesn't match image C:\Users\aaron\Documents\GitHub\Future-Alien-Drug-Game\Future-Alien-Drug-Game\Library\PackageCache\com.unity.visualscripting@1.8.0\Editor\VisualScripting.Core\Dependencies\YamlDotNet\Unity.VisualScripting.YamlDotNet.dll
Symbol file LoadedFromMemory doesn't match image C:\Users\aaron\Documents\GitHub\Future-Alien-Drug-Game\Future-Alien-Drug-Game\Library\PackageCache\com.unity.visualscripting@1.8.0\Editor\VisualScripting.Core\Dependencies\DotNetZip\Unity.VisualScripting.IonicZip.dll
- Loaded All Assemblies, in  0.822 seconds
Refreshing native plugins compatible for Editor in 0.82 ms, found 3 plugins.
Native extension for WindowsStandalone target not found
Mono: successfully reloaded assembly
- Finished resetting the current domain, in  0.830 seconds
Domain Reload Profiling: 1650ms
	BeginReloadAssembly (218ms)
		ExecutionOrderSort (0ms)
		DisableScriptedObjects (4ms)
		BackupInstance (0ms)
		ReleaseScriptingObjects (0ms)
		CreateAndSetChildDomain (53ms)
	RebuildCommonClasses (47ms)
	RebuildNativeTypeToScriptingClass (12ms)
	initialDomainReloadingComplete (33ms)
	LoadAllAssembliesAndSetupDomain (509ms)
		LoadAssemblies (439ms)
		RebuildTransferFunctionScriptingTraits (0ms)
		AnalyzeDomain (183ms)
			TypeCache.Refresh (13ms)
				TypeCache.ScanAssembly (1ms)
			BuildScriptInfoCaches (155ms)
			ResolveRequiredComponents (11ms)
	FinalizeReload (831ms)
		ReleaseScriptCaches (0ms)
		RebuildScriptCaches (0ms)
		SetupLoadedEditorAssemblies (561ms)
			LogAssemblyErrors (0ms)
			InitializePlatformSupportModulesInManaged (3ms)
			SetLoadedEditorAssemblies (6ms)
			BeforeProcessingInitializeOnLoad (127ms)
			ProcessInitializeOnLoadAttributes (382ms)
			ProcessInitializeOnLoadMethodAttributes (36ms)
			AfterProcessingInitializeOnLoad (6ms)
			EditorAssembliesLoaded (0ms)
		ExecutionOrderSort2 (0ms)
		AwakeInstancesAfterBackupRestoration (20ms)
Refreshing native plugins compatible for Editor in 1.01 ms, found 3 plugins.
Preloading 0 native plugins for Editor in 0.00 ms.
Unloading 23 Unused Serialized files (Serialized files now loaded: 0)
Unloading 5305 unused Assets / (5.4 MB). Loaded Objects now: 5992.
Memory consumption went from 169.8 MB to 164.3 MB.
Total: 12.466200 ms (FindLiveObjects: 1.024800 ms CreateObjectMapping: 1.634300 ms MarkObjects: 4.593400 ms  DeleteObjects: 5.212800 ms)

Prepare: number of updated asset objects reloaded= 0
========================================================================
Received Prepare
Begin MonoManager ReloadAssembly
C:\build\output\Unity-Technologies\mono\mono\metadata\icall.c:1842:
C:\build\output\Unity-Technologies\mono\mono\metadata\icall.c:1842:
C:\build\output\Unity-Technologies\mono\mono\metadata\icall.c:1842:
C:\build\output\Unity-Technologies\mono\mono\metadata\icall.c:1842:
C:\build\output\Unity-Technologies\mono\mono\metadata\icall.c:1842:
C:\build\output\Unity-Technologies\mono\mono\metadata\icall.c:1842:
C:\build\output\Unity-Technologies\mono\mono\metadata\icall.c:1842:
C:\build\output\Unity-Technologies\mono\mono\metadata\icall.c:1842:
C:\build\output\Unity-Technologies\mono\mono\metadata\icall.c:1842:
C:\build\output\Unity-Technologies\mono\mono\metadata\icall.c:1842:
C:\build\output\Unity-Technologies\mono\mono\metadata\icall.c:1842:
C:\build\output\Unity-Technologies\mono\mono\metadata\icall.c:1842:
Symbol file LoadedFromMemory doesn't match image C:\Users\aaron\Documents\GitHub\Future-Alien-Drug-Game\Future-Alien-Drug-Game\Library\PackageCache\com.unity.visualscripting@1.8.0\Editor\VisualScripting.Core\Dependencies\YamlDotNet\Unity.VisualScripting.YamlDotNet.dll
Symbol file LoadedFromMemory doesn't match image C:\Users\aaron\Documents\GitHub\Future-Alien-Drug-Game\Future-Alien-Drug-Game\Library\PackageCache\com.unity.visualscripting@1.8.0\Editor\VisualScripting.Core\Dependencies\DotNetZip\Unity.VisualScripting.IonicZip.dll
- Loaded All Assemblies, in  0.756 seconds
Refreshing native plugins compatible for Editor in 1.06 ms, found 3 plugins.
Native extension for WindowsStandalone target not found
Mono: successfully reloaded assembly
- Finished resetting the current domain, in  0.758 seconds
Domain Reload Profiling: 1513ms
	BeginReloadAssembly (203ms)
		ExecutionOrderSort (0ms)
		DisableScriptedObjects (4ms)
		BackupInstance (0ms)
		ReleaseScriptingObjects (0ms)
		CreateAndSetChildDomain (54ms)
	RebuildCommonClasses (41ms)
	RebuildNativeTypeToScriptingClass (11ms)
	initialDomainReloadingComplete (30ms)
	LoadAllAssembliesAndSetupDomain (468ms)
		LoadAssemblies (403ms)
		RebuildTransferFunctionScriptingTraits (0ms)
		AnalyzeDomain (165ms)
			TypeCache.Refresh (9ms)
				TypeCache.ScanAssembly (0ms)
			BuildScriptInfoCaches (139ms)
			ResolveRequiredComponents (13ms)
	FinalizeReload (759ms)
		ReleaseScriptCaches (0ms)
		RebuildScriptCaches (0ms)
		SetupLoadedEditorAssemblies (551ms)
			LogAssemblyErrors (0ms)
			InitializePlatformSupportModulesInManaged (2ms)
			SetLoadedEditorAssemblies (7ms)
			BeforeProcessingInitializeOnLoad (120ms)
			ProcessInitializeOnLoadAttributes (381ms)
			ProcessInitializeOnLoadMethodAttributes (34ms)
			AfterProcessingInitializeOnLoad (6ms)
			EditorAssembliesLoaded (0ms)
		ExecutionOrderSort2 (0ms)
		AwakeInstancesAfterBackupRestoration (17ms)
Refreshing native plugins compatible for Editor in 0.92 ms, found 3 plugins.
Preloading 0 native plugins for Editor in 0.00 ms.
Unloading 23 Unused Serialized files (Serialized files now loaded: 0)
Unloading 5305 unused Assets / (5.6 MB). Loaded Objects now: 5992.
Memory consumption went from 171.7 MB to 166.0 MB.
Total: 11.900100 ms (FindLiveObjects: 0.580200 ms CreateObjectMapping: 0.921800 ms MarkObjects: 6.374000 ms  DeleteObjects: 4.022700 ms)

Prepare: number of updated asset objects reloaded= 0
========================================================================
Received Prepare
Refreshing native plugins compatible for Editor in 1.03 ms, found 3 plugins.
Preloading 0 native plugins for Editor in 0.00 ms.
Unloading 21 Unused Serialized files (Serialized files now loaded: 0)
Unloading 5297 unused Assets / (5.0 MB). Loaded Objects now: 5992.
Memory consumption went from 171.7 MB to 166.6 MB.
Total: 12.247100 ms (FindLiveObjects: 0.886400 ms CreateObjectMapping: 1.415500 ms MarkObjects: 5.028100 ms  DeleteObjects: 4.915900 ms)

Prepare: number of updated asset objects reloaded= 0
========================================================================
Received Prepare
Begin MonoManager ReloadAssembly
C:\build\output\Unity-Technologies\mono\mono\metadata\icall.c:1842:
C:\build\output\Unity-Technologies\mono\mono\metadata\icall.c:1842:
C:\build\output\Unity-Technologies\mono\mono\metadata\icall.c:1842:
C:\build\output\Unity-Technologies\mono\mono\metadata\icall.c:1842:
C:\build\output\Unity-Technologies\mono\mono\metadata\icall.c:1842:
C:\build\output\Unity-Technologies\mono\mono\metadata\icall.c:1842:
C:\build\output\Unity-Technologies\mono\mono\metadata\icall.c:1842:
C:\build\output\Unity-Technologies\mono\mono\metadata\icall.c:1842:
C:\build\output\Unity-Technologies\mono\mono\metadata\icall.c:1842:
C:\build\output\Unity-Technologies\mono\mono\metadata\icall.c:1842:
C:\build\output\Unity-Technologies\mono\mono\metadata\icall.c:1842:
C:\build\output\Unity-Technologies\mono\mono\metadata\icall.c:1842:
Symbol file LoadedFromMemory doesn't match image C:\Users\aaron\Documents\GitHub\Future-Alien-Drug-Game\Future-Alien-Drug-Game\Library\PackageCache\com.unity.visualscripting@1.8.0\Editor\VisualScripting.Core\Dependencies\YamlDotNet\Unity.VisualScripting.YamlDotNet.dll
Symbol file LoadedFromMemory doesn't match image C:\Users\aaron\Documents\GitHub\Future-Alien-Drug-Game\Future-Alien-Drug-Game\Library\PackageCache\com.unity.visualscripting@1.8.0\Editor\VisualScripting.Core\Dependencies\DotNetZip\Unity.VisualScripting.IonicZip.dll
- Loaded All Assemblies, in  0.835 seconds
Refreshing native plugins compatible for Editor in 0.66 ms, found 3 plugins.
Native extension for WindowsStandalone target not found
Mono: successfully reloaded assembly
- Finished resetting the current domain, in  0.797 seconds
Domain Reload Profiling: 1631ms
	BeginReloadAssembly (215ms)
		ExecutionOrderSort (0ms)
		DisableScriptedObjects (5ms)
		BackupInstance (0ms)
		ReleaseScriptingObjects (0ms)
		CreateAndSetChildDomain (63ms)
	RebuildCommonClasses (36ms)
	RebuildNativeTypeToScriptingClass (14ms)
	initialDomainReloadingComplete (32ms)
	LoadAllAssembliesAndSetupDomain (537ms)
		LoadAssemblies (472ms)
		RebuildTransferFunctionScriptingTraits (0ms)
		AnalyzeDomain (170ms)
			TypeCache.Refresh (9ms)
				TypeCache.ScanAssembly (1ms)
			BuildScriptInfoCaches (146ms)
			ResolveRequiredComponents (11ms)
	FinalizeReload (798ms)
		ReleaseScriptCaches (0ms)
		RebuildScriptCaches (0ms)
		SetupLoadedEditorAssemblies (580ms)
			LogAssemblyErrors (0ms)
			InitializePlatformSupportModulesInManaged (2ms)
			SetLoadedEditorAssemblies (7ms)
			BeforeProcessingInitializeOnLoad (140ms)
			ProcessInitializeOnLoadAttributes (383ms)
			ProcessInitializeOnLoadMethodAttributes (39ms)
			AfterProcessingInitializeOnLoad (7ms)
			EditorAssembliesLoaded (0ms)
		ExecutionOrderSort2 (0ms)
		AwakeInstancesAfterBackupRestoration (18ms)
Refreshing native plugins compatible for Editor in 1.12 ms, found 3 plugins.
Preloading 0 native plugins for Editor in 0.00 ms.
Unloading 23 Unused Serialized files (Serialized files now loaded: 0)
Unloading 5305 unused Assets / (5.8 MB). Loaded Objects now: 5992.
Memory consumption went from 173.6 MB to 167.8 MB.
Total: 12.291800 ms (FindLiveObjects: 2.138300 ms CreateObjectMapping: 1.418100 ms MarkObjects: 4.956300 ms  DeleteObjects: 3.777800 ms)

Prepare: number of updated asset objects reloaded= 0
========================================================================
Received Prepare
Begin MonoManager ReloadAssembly
C:\build\output\Unity-Technologies\mono\mono\metadata\icall.c:1842:
C:\build\output\Unity-Technologies\mono\mono\metadata\icall.c:1842:
C:\build\output\Unity-Technologies\mono\mono\metadata\icall.c:1842:
C:\build\output\Unity-Technologies\mono\mono\metadata\icall.c:1842:
C:\build\output\Unity-Technologies\mono\mono\metadata\icall.c:1842:
C:\build\output\Unity-Technologies\mono\mono\metadata\icall.c:1842:
C:\build\output\Unity-Technologies\mono\mono\metadata\icall.c:1842:
C:\build\output\Unity-Technologies\mono\mono\metadata\icall.c:1842:
C:\build\output\Unity-Technologies\mono\mono\metadata\icall.c:1842:
C:\build\output\Unity-Technologies\mono\mono\metadata\icall.c:1842:
C:\build\output\Unity-Technologies\mono\mono\metadata\icall.c:1842:
C:\build\output\Unity-Technologies\mono\mono\metadata\icall.c:1842:
Symbol file LoadedFromMemory doesn't match image C:\Users\aaron\Documents\GitHub\Future-Alien-Drug-Game\Future-Alien-Drug-Game\Library\PackageCache\com.unity.visualscripting@1.8.0\Editor\VisualScripting.Core\Dependencies\YamlDotNet\Unity.VisualScripting.YamlDotNet.dll
Symbol file LoadedFromMemory doesn't match image C:\Users\aaron\Documents\GitHub\Future-Alien-Drug-Game\Future-Alien-Drug-Game\Library\PackageCache\com.unity.visualscripting@1.8.0\Editor\VisualScripting.Core\Dependencies\DotNetZip\Unity.VisualScripting.IonicZip.dll
- Loaded All Assemblies, in  0.745 seconds
Refreshing native plugins compatible for Editor in 1.26 ms, found 3 plugins.
Native extension for WindowsStandalone target not found
Mono: successfully reloaded assembly
- Finished resetting the current domain, in  0.796 seconds
Domain Reload Profiling: 1541ms
	BeginReloadAssembly (205ms)
		ExecutionOrderSort (0ms)
		DisableScriptedObjects (5ms)
		BackupInstance (0ms)
		ReleaseScriptingObjects (0ms)
		CreateAndSetChildDomain (55ms)
	RebuildCommonClasses (34ms)
	RebuildNativeTypeToScriptingClass (13ms)
	initialDomainReloadingComplete (28ms)
	LoadAllAssembliesAndSetupDomain (463ms)
		LoadAssemblies (403ms)
		RebuildTransferFunctionScriptingTraits (0ms)
		AnalyzeDomain (161ms)
			TypeCache.Refresh (7ms)
				TypeCache.ScanAssembly (0ms)
			BuildScriptInfoCaches (135ms)
			ResolveRequiredComponents (12ms)
	FinalizeReload (797ms)
		ReleaseScriptCaches (0ms)
		RebuildScriptCaches (0ms)
		SetupLoadedEditorAssemblies (581ms)
			LogAssemblyErrors (0ms)
			InitializePlatformSupportModulesInManaged (2ms)
			SetLoadedEditorAssemblies (7ms)
			BeforeProcessingInitializeOnLoad (138ms)
			ProcessInitializeOnLoadAttributes (384ms)
			ProcessInitializeOnLoadMethodAttributes (44ms)
			AfterProcessingInitializeOnLoad (6ms)
			EditorAssembliesLoaded (0ms)
		ExecutionOrderSort2 (0ms)
		AwakeInstancesAfterBackupRestoration (15ms)
Refreshing native plugins compatible for Editor in 1.07 ms, found 3 plugins.
Preloading 0 native plugins for Editor in 0.00 ms.
Unloading 23 Unused Serialized files (Serialized files now loaded: 0)
Unloading 5305 unused Assets / (4.5 MB). Loaded Objects now: 5992.
Memory consumption went from 175.5 MB to 171.1 MB.
Total: 8.667800 ms (FindLiveObjects: 1.150900 ms CreateObjectMapping: 0.543200 ms MarkObjects: 4.047900 ms  DeleteObjects: 2.924900 ms)

Prepare: number of updated asset objects reloaded= 0
========================================================================
Received Prepare
Refreshing native plugins compatible for Editor in 1.07 ms, found 3 plugins.
Preloading 0 native plugins for Editor in 0.00 ms.
Unloading 21 Unused Serialized files (Serialized files now loaded: 0)
Unloading 5297 unused Assets / (5.2 MB). Loaded Objects now: 5992.
Memory consumption went from 175.5 MB to 170.3 MB.
Total: 10.735000 ms (FindLiveObjects: 1.024900 ms CreateObjectMapping: 1.117800 ms MarkObjects: 4.437200 ms  DeleteObjects: 4.154000 ms)

Prepare: number of updated asset objects reloaded= 0
========================================================================
Received Prepare
Begin MonoManager ReloadAssembly
C:\build\output\Unity-Technologies\mono\mono\metadata\icall.c:1842:
C:\build\output\Unity-Technologies\mono\mono\metadata\icall.c:1842:
C:\build\output\Unity-Technologies\mono\mono\metadata\icall.c:1842:
C:\build\output\Unity-Technologies\mono\mono\metadata\icall.c:1842:
C:\build\output\Unity-Technologies\mono\mono\metadata\icall.c:1842:
C:\build\output\Unity-Technologies\mono\mono\metadata\icall.c:1842:
C:\build\output\Unity-Technologies\mono\mono\metadata\icall.c:1842:
C:\build\output\Unity-Technologies\mono\mono\metadata\icall.c:1842:
C:\build\output\Unity-Technologies\mono\mono\metadata\icall.c:1842:
C:\build\output\Unity-Technologies\mono\mono\metadata\icall.c:1842:
C:\build\output\Unity-Technologies\mono\mono\metadata\icall.c:1842:
C:\build\output\Unity-Technologies\mono\mono\metadata\icall.c:1842:
Symbol file LoadedFromMemory doesn't match image C:\Users\aaron\Documents\GitHub\Future-Alien-Drug-Game\Future-Alien-Drug-Game\Library\PackageCache\com.unity.visualscripting@1.8.0\Editor\VisualScripting.Core\Dependencies\YamlDotNet\Unity.VisualScripting.YamlDotNet.dll
Symbol file LoadedFromMemory doesn't match image C:\Users\aaron\Documents\GitHub\Future-Alien-Drug-Game\Future-Alien-Drug-Game\Library\PackageCache\com.unity.visualscripting@1.8.0\Editor\VisualScripting.Core\Dependencies\DotNetZip\Unity.VisualScripting.IonicZip.dll
- Loaded All Assemblies, in  0.868 seconds
Refreshing native plugins compatible for Editor in 1.04 ms, found 3 plugins.
Native extension for WindowsStandalone target not found
Mono: successfully reloaded assembly
- Finished resetting the current domain, in  0.941 seconds
Domain Reload Profiling: 1805ms
	BeginReloadAssembly (232ms)
		ExecutionOrderSort (0ms)
		DisableScriptedObjects (5ms)
		BackupInstance (0ms)
		ReleaseScriptingObjects (0ms)
		CreateAndSetChildDomain (66ms)
	RebuildCommonClasses (44ms)
	RebuildNativeTypeToScriptingClass (11ms)
	initialDomainReloadingComplete (39ms)
	LoadAllAssembliesAndSetupDomain (536ms)
		LoadAssemblies (461ms)
		RebuildTransferFunctionScriptingTraits (0ms)
		AnalyzeDomain (190ms)
			TypeCache.Refresh (9ms)
				TypeCache.ScanAssembly (1ms)
			BuildScriptInfoCaches (162ms)
			ResolveRequiredComponents (14ms)
	FinalizeReload (942ms)
		ReleaseScriptCaches (0ms)
		RebuildScriptCaches (0ms)
		SetupLoadedEditorAssemblies (693ms)
			LogAssemblyErrors (0ms)
			InitializePlatformSupportModulesInManaged (3ms)
			SetLoadedEditorAssemblies (8ms)
			BeforeProcessingInitializeOnLoad (164ms)
			ProcessInitializeOnLoadAttributes (463ms)
			ProcessInitializeOnLoadMethodAttributes (45ms)
			AfterProcessingInitializeOnLoad (10ms)
			EditorAssembliesLoaded (0ms)
		ExecutionOrderSort2 (0ms)
		AwakeInstancesAfterBackupRestoration (17ms)
Refreshing native plugins compatible for Editor in 1.17 ms, found 3 plugins.
Preloading 0 native plugins for Editor in 0.00 ms.
Unloading 23 Unused Serialized files (Serialized files now loaded: 0)
Unloading 5305 unused Assets / (4.9 MB). Loaded Objects now: 5992.
Memory consumption went from 177.5 MB to 172.5 MB.
Total: 12.251900 ms (FindLiveObjects: 0.659300 ms CreateObjectMapping: 0.946800 ms MarkObjects: 7.337700 ms  DeleteObjects: 3.307000 ms)

Prepare: number of updated asset objects reloaded= 0
========================================================================
Received Prepare
Begin MonoManager ReloadAssembly
C:\build\output\Unity-Technologies\mono\mono\metadata\icall.c:1842:
C:\build\output\Unity-Technologies\mono\mono\metadata\icall.c:1842:
C:\build\output\Unity-Technologies\mono\mono\metadata\icall.c:1842:
C:\build\output\Unity-Technologies\mono\mono\metadata\icall.c:1842:
C:\build\output\Unity-Technologies\mono\mono\metadata\icall.c:1842:
C:\build\output\Unity-Technologies\mono\mono\metadata\icall.c:1842:
C:\build\output\Unity-Technologies\mono\mono\metadata\icall.c:1842:
C:\build\output\Unity-Technologies\mono\mono\metadata\icall.c:1842:
C:\build\output\Unity-Technologies\mono\mono\metadata\icall.c:1842:
C:\build\output\Unity-Technologies\mono\mono\metadata\icall.c:1842:
C:\build\output\Unity-Technologies\mono\mono\metadata\icall.c:1842:
C:\build\output\Unity-Technologies\mono\mono\metadata\icall.c:1842:
Symbol file LoadedFromMemory doesn't match image C:\Users\aaron\Documents\GitHub\Future-Alien-Drug-Game\Future-Alien-Drug-Game\Library\PackageCache\com.unity.visualscripting@1.8.0\Editor\VisualScripting.Core\Dependencies\YamlDotNet\Unity.VisualScripting.YamlDotNet.dll
Symbol file LoadedFromMemory doesn't match image C:\Users\aaron\Documents\GitHub\Future-Alien-Drug-Game\Future-Alien-Drug-Game\Library\PackageCache\com.unity.visualscripting@1.8.0\Editor\VisualScripting.Core\Dependencies\DotNetZip\Unity.VisualScripting.IonicZip.dll
- Loaded All Assemblies, in  0.753 seconds
Refreshing native plugins compatible for Editor in 1.01 ms, found 3 plugins.
Native extension for WindowsStandalone target not found
Mono: successfully reloaded assembly
- Finished resetting the current domain, in  0.772 seconds
Domain Reload Profiling: 1523ms
	BeginReloadAssembly (202ms)
		ExecutionOrderSort (0ms)
		DisableScriptedObjects (4ms)
		BackupInstance (0ms)
		ReleaseScriptingObjects (0ms)
		CreateAndSetChildDomain (51ms)
	RebuildCommonClasses (36ms)
	RebuildNativeTypeToScriptingClass (13ms)
	initialDomainReloadingComplete (29ms)
	LoadAllAssembliesAndSetupDomain (470ms)
		LoadAssemblies (420ms)
		RebuildTransferFunctionScriptingTraits (0ms)
		AnalyzeDomain (156ms)
			TypeCache.Refresh (7ms)
				TypeCache.ScanAssembly (0ms)
			BuildScriptInfoCaches (135ms)
			ResolveRequiredComponents (11ms)
	FinalizeReload (773ms)
		ReleaseScriptCaches (0ms)
		RebuildScriptCaches (0ms)
		SetupLoadedEditorAssemblies (563ms)
			LogAssemblyErrors (0ms)
			InitializePlatformSupportModulesInManaged (2ms)
			SetLoadedEditorAssemblies (6ms)
			BeforeProcessingInitializeOnLoad (133ms)
			ProcessInitializeOnLoadAttributes (377ms)
			ProcessInitializeOnLoadMethodAttributes (37ms)
			AfterProcessingInitializeOnLoad (8ms)
			EditorAssembliesLoaded (0ms)
		ExecutionOrderSort2 (0ms)
		AwakeInstancesAfterBackupRestoration (17ms)
Refreshing native plugins compatible for Editor in 1.25 ms, found 3 plugins.
Preloading 0 native plugins for Editor in 0.00 ms.
Unloading 23 Unused Serialized files (Serialized files now loaded: 0)
Unloading 5305 unused Assets / (5.2 MB). Loaded Objects now: 5992.
Memory consumption went from 179.4 MB to 174.2 MB.
Total: 9.414900 ms (FindLiveObjects: 0.640800 ms CreateObjectMapping: 0.786900 ms MarkObjects: 5.088200 ms  DeleteObjects: 2.897800 ms)

Prepare: number of updated asset objects reloaded= 0
========================================================================
Received Prepare
Refreshing native plugins compatible for Editor in 1.00 ms, found 3 plugins.
Preloading 0 native plugins for Editor in 0.00 ms.
Unloading 21 Unused Serialized files (Serialized files now loaded: 0)
Unloading 5297 unused Assets / (5.2 MB). Loaded Objects now: 5992.
Memory consumption went from 179.4 MB to 174.1 MB.
Total: 13.712400 ms (FindLiveObjects: 1.024900 ms CreateObjectMapping: 1.137400 ms MarkObjects: 6.987800 ms  DeleteObjects: 4.561100 ms)

Prepare: number of updated asset objects reloaded= 0
========================================================================
Received Prepare
Begin MonoManager ReloadAssembly
C:\build\output\Unity-Technologies\mono\mono\metadata\icall.c:1842:
C:\build\output\Unity-Technologies\mono\mono\metadata\icall.c:1842:
C:\build\output\Unity-Technologies\mono\mono\metadata\icall.c:1842:
C:\build\output\Unity-Technologies\mono\mono\metadata\icall.c:1842:
C:\build\output\Unity-Technologies\mono\mono\metadata\icall.c:1842:
C:\build\output\Unity-Technologies\mono\mono\metadata\icall.c:1842:
C:\build\output\Unity-Technologies\mono\mono\metadata\icall.c:1842:
C:\build\output\Unity-Technologies\mono\mono\metadata\icall.c:1842:
C:\build\output\Unity-Technologies\mono\mono\metadata\icall.c:1842:
C:\build\output\Unity-Technologies\mono\mono\metadata\icall.c:1842:
C:\build\output\Unity-Technologies\mono\mono\metadata\icall.c:1842:
C:\build\output\Unity-Technologies\mono\mono\metadata\icall.c:1842:
Symbol file LoadedFromMemory doesn't match image C:\Users\aaron\Documents\GitHub\Future-Alien-Drug-Game\Future-Alien-Drug-Game\Library\PackageCache\com.unity.visualscripting@1.8.0\Editor\VisualScripting.Core\Dependencies\YamlDotNet\Unity.VisualScripting.YamlDotNet.dll
Symbol file LoadedFromMemory doesn't match image C:\Users\aaron\Documents\GitHub\Future-Alien-Drug-Game\Future-Alien-Drug-Game\Library\PackageCache\com.unity.visualscripting@1.8.0\Editor\VisualScripting.Core\Dependencies\DotNetZip\Unity.VisualScripting.IonicZip.dll
- Loaded All Assemblies, in  0.763 seconds
Refreshing native plugins compatible for Editor in 1.39 ms, found 3 plugins.
Native extension for WindowsStandalone target not found
Mono: successfully reloaded assembly
- Finished resetting the current domain, in  0.807 seconds
Domain Reload Profiling: 1570ms
	BeginReloadAssembly (202ms)
		ExecutionOrderSort (0ms)
		DisableScriptedObjects (6ms)
		BackupInstance (0ms)
		ReleaseScriptingObjects (0ms)
		CreateAndSetChildDomain (52ms)
	RebuildCommonClasses (40ms)
	RebuildNativeTypeToScriptingClass (14ms)
	initialDomainReloadingComplete (30ms)
	LoadAllAssembliesAndSetupDomain (476ms)
		LoadAssemblies (401ms)
		RebuildTransferFunctionScriptingTraits (0ms)
		AnalyzeDomain (172ms)
			TypeCache.Refresh (12ms)
				TypeCache.ScanAssembly (1ms)
			BuildScriptInfoCaches (142ms)
			ResolveRequiredComponents (13ms)
	FinalizeReload (808ms)
		ReleaseScriptCaches (0ms)
		RebuildScriptCaches (0ms)
		SetupLoadedEditorAssemblies (592ms)
			LogAssemblyErrors (0ms)
			InitializePlatformSupportModulesInManaged (3ms)
			SetLoadedEditorAssemblies (7ms)
			BeforeProcessingInitializeOnLoad (131ms)
			ProcessInitializeOnLoadAttributes (404ms)
			ProcessInitializeOnLoadMethodAttributes (39ms)
			AfterProcessingInitializeOnLoad (7ms)
			EditorAssembliesLoaded (0ms)
		ExecutionOrderSort2 (0ms)
		AwakeInstancesAfterBackupRestoration (17ms)
Refreshing native plugins compatible for Editor in 0.98 ms, found 3 plugins.
Preloading 0 native plugins for Editor in 0.00 ms.
Unloading 23 Unused Serialized files (Serialized files now loaded: 0)
Unloading 5305 unused Assets / (5.1 MB). Loaded Objects now: 5992.
Memory consumption went from 181.3 MB to 176.2 MB.
Total: 11.073600 ms (FindLiveObjects: 0.891000 ms CreateObjectMapping: 2.620800 ms MarkObjects: 4.490500 ms  DeleteObjects: 3.070300 ms)

Prepare: number of updated asset objects reloaded= 0
========================================================================
Received Prepare
Begin MonoManager ReloadAssembly
C:\build\output\Unity-Technologies\mono\mono\metadata\icall.c:1842:
C:\build\output\Unity-Technologies\mono\mono\metadata\icall.c:1842:
C:\build\output\Unity-Technologies\mono\mono\metadata\icall.c:1842:
C:\build\output\Unity-Technologies\mono\mono\metadata\icall.c:1842:
C:\build\output\Unity-Technologies\mono\mono\metadata\icall.c:1842:
C:\build\output\Unity-Technologies\mono\mono\metadata\icall.c:1842:
C:\build\output\Unity-Technologies\mono\mono\metadata\icall.c:1842:
C:\build\output\Unity-Technologies\mono\mono\metadata\icall.c:1842:
C:\build\output\Unity-Technologies\mono\mono\metadata\icall.c:1842:
C:\build\output\Unity-Technologies\mono\mono\metadata\icall.c:1842:
C:\build\output\Unity-Technologies\mono\mono\metadata\icall.c:1842:
C:\build\output\Unity-Technologies\mono\mono\metadata\icall.c:1842:
Symbol file LoadedFromMemory doesn't match image C:\Users\aaron\Documents\GitHub\Future-Alien-Drug-Game\Future-Alien-Drug-Game\Library\PackageCache\com.unity.visualscripting@1.8.0\Editor\VisualScripting.Core\Dependencies\YamlDotNet\Unity.VisualScripting.YamlDotNet.dll
Symbol file LoadedFromMemory doesn't match image C:\Users\aaron\Documents\GitHub\Future-Alien-Drug-Game\Future-Alien-Drug-Game\Library\PackageCache\com.unity.visualscripting@1.8.0\Editor\VisualScripting.Core\Dependencies\DotNetZip\Unity.VisualScripting.IonicZip.dll
- Loaded All Assemblies, in  0.821 seconds
Refreshing native plugins compatible for Editor in 1.32 ms, found 3 plugins.
Native extension for WindowsStandalone target not found
Mono: successfully reloaded assembly
- Finished resetting the current domain, in  0.813 seconds
Domain Reload Profiling: 1630ms
	BeginReloadAssembly (220ms)
		ExecutionOrderSort (0ms)
		DisableScriptedObjects (5ms)
		BackupInstance (0ms)
		ReleaseScriptingObjects (0ms)
		CreateAndSetChildDomain (56ms)
	RebuildCommonClasses (46ms)
	RebuildNativeTypeToScriptingClass (12ms)
	initialDomainReloadingComplete (35ms)
	LoadAllAssembliesAndSetupDomain (503ms)
		LoadAssemblies (452ms)
		RebuildTransferFunctionScriptingTraits (0ms)
		AnalyzeDomain (168ms)
			TypeCache.Refresh (10ms)
				TypeCache.ScanAssembly (0ms)
			BuildScriptInfoCaches (144ms)
			ResolveRequiredComponents (11ms)
	FinalizeReload (814ms)
		ReleaseScriptCaches (0ms)
		RebuildScriptCaches (0ms)
		SetupLoadedEditorAssemblies (582ms)
			LogAssemblyErrors (0ms)
			InitializePlatformSupportModulesInManaged (3ms)
			SetLoadedEditorAssemblies (6ms)
			BeforeProcessingInitializeOnLoad (135ms)
			ProcessInitializeOnLoadAttributes (394ms)
			ProcessInitializeOnLoadMethodAttributes (37ms)
			AfterProcessingInitializeOnLoad (6ms)
			EditorAssembliesLoaded (0ms)
		ExecutionOrderSort2 (0ms)
		AwakeInstancesAfterBackupRestoration (22ms)
Refreshing native plugins compatible for Editor in 1.37 ms, found 3 plugins.
Preloading 0 native plugins for Editor in 0.00 ms.
Unloading 23 Unused Serialized files (Serialized files now loaded: 0)
Unloading 5305 unused Assets / (5.3 MB). Loaded Objects now: 5992.
Memory consumption went from 183.3 MB to 177.9 MB.
Total: 9.976500 ms (FindLiveObjects: 0.987800 ms CreateObjectMapping: 1.510100 ms MarkObjects: 3.986000 ms  DeleteObjects: 3.491300 ms)

Prepare: number of updated asset objects reloaded= 0
========================================================================
Received Prepare
Refreshing native plugins compatible for Editor in 1.26 ms, found 3 plugins.
Preloading 0 native plugins for Editor in 0.00 ms.
Unloading 21 Unused Serialized files (Serialized files now loaded: 0)
Unloading 5297 unused Assets / (5.4 MB). Loaded Objects now: 5992.
Memory consumption went from 183.2 MB to 177.8 MB.
Total: 13.972500 ms (FindLiveObjects: 0.908400 ms CreateObjectMapping: 0.804100 ms MarkObjects: 7.324500 ms  DeleteObjects: 4.932900 ms)

Prepare: number of updated asset objects reloaded= 0
========================================================================
Received Prepare
Begin MonoManager ReloadAssembly
C:\build\output\Unity-Technologies\mono\mono\metadata\icall.c:1842:
C:\build\output\Unity-Technologies\mono\mono\metadata\icall.c:1842:
C:\build\output\Unity-Technologies\mono\mono\metadata\icall.c:1842:
C:\build\output\Unity-Technologies\mono\mono\metadata\icall.c:1842:
C:\build\output\Unity-Technologies\mono\mono\metadata\icall.c:1842:
C:\build\output\Unity-Technologies\mono\mono\metadata\icall.c:1842:
C:\build\output\Unity-Technologies\mono\mono\metadata\icall.c:1842:
C:\build\output\Unity-Technologies\mono\mono\metadata\icall.c:1842:
C:\build\output\Unity-Technologies\mono\mono\metadata\icall.c:1842:
C:\build\output\Unity-Technologies\mono\mono\metadata\icall.c:1842:
C:\build\output\Unity-Technologies\mono\mono\metadata\icall.c:1842:
C:\build\output\Unity-Technologies\mono\mono\metadata\icall.c:1842:
Symbol file LoadedFromMemory doesn't match image C:\Users\aaron\Documents\GitHub\Future-Alien-Drug-Game\Future-Alien-Drug-Game\Library\PackageCache\com.unity.visualscripting@1.8.0\Editor\VisualScripting.Core\Dependencies\YamlDotNet\Unity.VisualScripting.YamlDotNet.dll
Symbol file LoadedFromMemory doesn't match image C:\Users\aaron\Documents\GitHub\Future-Alien-Drug-Game\Future-Alien-Drug-Game\Library\PackageCache\com.unity.visualscripting@1.8.0\Editor\VisualScripting.Core\Dependencies\DotNetZip\Unity.VisualScripting.IonicZip.dll
- Loaded All Assemblies, in  0.863 seconds
Refreshing native plugins compatible for Editor in 1.13 ms, found 3 plugins.
Native extension for WindowsStandalone target not found
Mono: successfully reloaded assembly
- Finished resetting the current domain, in  0.970 seconds
Domain Reload Profiling: 1829ms
	BeginReloadAssembly (239ms)
		ExecutionOrderSort (0ms)
		DisableScriptedObjects (6ms)
		BackupInstance (0ms)
		ReleaseScriptingObjects (0ms)
		CreateAndSetChildDomain (60ms)
	RebuildCommonClasses (42ms)
	RebuildNativeTypeToScriptingClass (16ms)
	initialDomainReloadingComplete (37ms)
	LoadAllAssembliesAndSetupDomain (524ms)
		LoadAssemblies (463ms)
		RebuildTransferFunctionScriptingTraits (0ms)
		AnalyzeDomain (186ms)
			TypeCache.Refresh (13ms)
				TypeCache.ScanAssembly (1ms)
			BuildScriptInfoCaches (158ms)
			ResolveRequiredComponents (10ms)
	FinalizeReload (970ms)
		ReleaseScriptCaches (0ms)
		RebuildScriptCaches (0ms)
		SetupLoadedEditorAssemblies (708ms)
			LogAssemblyErrors (0ms)
			InitializePlatformSupportModulesInManaged (3ms)
			SetLoadedEditorAssemblies (6ms)
			BeforeProcessingInitializeOnLoad (151ms)
			ProcessInitializeOnLoadAttributes (491ms)
			ProcessInitializeOnLoadMethodAttributes (46ms)
			AfterProcessingInitializeOnLoad (10ms)
			EditorAssembliesLoaded (0ms)
		ExecutionOrderSort2 (0ms)
		AwakeInstancesAfterBackupRestoration (18ms)
Refreshing native plugins compatible for Editor in 2.35 ms, found 3 plugins.
Preloading 0 native plugins for Editor in 0.00 ms.
Unloading 23 Unused Serialized files (Serialized files now loaded: 0)
Unloading 5305 unused Assets / (5.2 MB). Loaded Objects now: 5992.
Memory consumption went from 185.2 MB to 179.9 MB.
Total: 14.316800 ms (FindLiveObjects: 0.968500 ms CreateObjectMapping: 1.191500 ms MarkObjects: 8.279800 ms  DeleteObjects: 3.875600 ms)

Prepare: number of updated asset objects reloaded= 0
========================================================================
Received Prepare
Begin MonoManager ReloadAssembly
C:\build\output\Unity-Technologies\mono\mono\metadata\icall.c:1842:
C:\build\output\Unity-Technologies\mono\mono\metadata\icall.c:1842:
C:\build\output\Unity-Technologies\mono\mono\metadata\icall.c:1842:
C:\build\output\Unity-Technologies\mono\mono\metadata\icall.c:1842:
C:\build\output\Unity-Technologies\mono\mono\metadata\icall.c:1842:
C:\build\output\Unity-Technologies\mono\mono\metadata\icall.c:1842:
C:\build\output\Unity-Technologies\mono\mono\metadata\icall.c:1842:
C:\build\output\Unity-Technologies\mono\mono\metadata\icall.c:1842:
C:\build\output\Unity-Technologies\mono\mono\metadata\icall.c:1842:
C:\build\output\Unity-Technologies\mono\mono\metadata\icall.c:1842:
C:\build\output\Unity-Technologies\mono\mono\metadata\icall.c:1842:
C:\build\output\Unity-Technologies\mono\mono\metadata\icall.c:1842:
Symbol file LoadedFromMemory doesn't match image C:\Users\aaron\Documents\GitHub\Future-Alien-Drug-Game\Future-Alien-Drug-Game\Library\PackageCache\com.unity.visualscripting@1.8.0\Editor\VisualScripting.Core\Dependencies\YamlDotNet\Unity.VisualScripting.YamlDotNet.dll
Symbol file LoadedFromMemory doesn't match image C:\Users\aaron\Documents\GitHub\Future-Alien-Drug-Game\Future-Alien-Drug-Game\Library\PackageCache\com.unity.visualscripting@1.8.0\Editor\VisualScripting.Core\Dependencies\DotNetZip\Unity.VisualScripting.IonicZip.dll
- Loaded All Assemblies, in  0.742 seconds
Refreshing native plugins compatible for Editor in 0.75 ms, found 3 plugins.
Native extension for WindowsStandalone target not found
Mono: successfully reloaded assembly
- Finished resetting the current domain, in  0.764 seconds
Domain Reload Profiling: 1503ms
	BeginReloadAssembly (205ms)
		ExecutionOrderSort (0ms)
		DisableScriptedObjects (6ms)
		BackupInstance (0ms)
		ReleaseScriptingObjects (0ms)
		CreateAndSetChildDomain (53ms)
	RebuildCommonClasses (41ms)
	RebuildNativeTypeToScriptingClass (11ms)
	initialDomainReloadingComplete (29ms)
	LoadAllAssembliesAndSetupDomain (454ms)
		LoadAssemblies (395ms)
		RebuildTransferFunctionScriptingTraits (0ms)
		AnalyzeDomain (160ms)
			TypeCache.Refresh (9ms)
				TypeCache.ScanAssembly (1ms)
			BuildScriptInfoCaches (139ms)
			ResolveRequiredComponents (8ms)
	FinalizeReload (764ms)
		ReleaseScriptCaches (0ms)
		RebuildScriptCaches (0ms)
		SetupLoadedEditorAssemblies (545ms)
			LogAssemblyErrors (0ms)
			InitializePlatformSupportModulesInManaged (2ms)
			SetLoadedEditorAssemblies (5ms)
			BeforeProcessingInitializeOnLoad (121ms)
			ProcessInitializeOnLoadAttributes (376ms)
			ProcessInitializeOnLoadMethodAttributes (35ms)
			AfterProcessingInitializeOnLoad (6ms)
			EditorAssembliesLoaded (0ms)
		ExecutionOrderSort2 (0ms)
		AwakeInstancesAfterBackupRestoration (19ms)
Refreshing native plugins compatible for Editor in 1.06 ms, found 3 plugins.
Preloading 0 native plugins for Editor in 0.00 ms.
Unloading 23 Unused Serialized files (Serialized files now loaded: 0)
Unloading 5305 unused Assets / (5.0 MB). Loaded Objects now: 5992.
Memory consumption went from 187.1 MB to 182.1 MB.
Total: 7.964200 ms (FindLiveObjects: 0.621100 ms CreateObjectMapping: 0.308400 ms MarkObjects: 4.307600 ms  DeleteObjects: 2.726000 ms)

Prepare: number of updated asset objects reloaded= 0
========================================================================
Received Prepare
Begin MonoManager ReloadAssembly
C:\build\output\Unity-Technologies\mono\mono\metadata\icall.c:1842:
C:\build\output\Unity-Technologies\mono\mono\metadata\icall.c:1842:
C:\build\output\Unity-Technologies\mono\mono\metadata\icall.c:1842:
C:\build\output\Unity-Technologies\mono\mono\metadata\icall.c:1842:
C:\build\output\Unity-Technologies\mono\mono\metadata\icall.c:1842:
C:\build\output\Unity-Technologies\mono\mono\metadata\icall.c:1842:
C:\build\output\Unity-Technologies\mono\mono\metadata\icall.c:1842:
C:\build\output\Unity-Technologies\mono\mono\metadata\icall.c:1842:
C:\build\output\Unity-Technologies\mono\mono\metadata\icall.c:1842:
C:\build\output\Unity-Technologies\mono\mono\metadata\icall.c:1842:
C:\build\output\Unity-Technologies\mono\mono\metadata\icall.c:1842:
C:\build\output\Unity-Technologies\mono\mono\metadata\icall.c:1842:
Symbol file LoadedFromMemory doesn't match image C:\Users\aaron\Documents\GitHub\Future-Alien-Drug-Game\Future-Alien-Drug-Game\Library\PackageCache\com.unity.visualscripting@1.8.0\Editor\VisualScripting.Core\Dependencies\YamlDotNet\Unity.VisualScripting.YamlDotNet.dll
Symbol file LoadedFromMemory doesn't match image C:\Users\aaron\Documents\GitHub\Future-Alien-Drug-Game\Future-Alien-Drug-Game\Library\PackageCache\com.unity.visualscripting@1.8.0\Editor\VisualScripting.Core\Dependencies\DotNetZip\Unity.VisualScripting.IonicZip.dll
- Loaded All Assemblies, in  0.749 seconds
Refreshing native plugins compatible for Editor in 0.98 ms, found 3 plugins.
Native extension for WindowsStandalone target not found
Mono: successfully reloaded assembly
- Finished resetting the current domain, in  0.800 seconds
Domain Reload Profiling: 1549ms
	BeginReloadAssembly (208ms)
		ExecutionOrderSort (0ms)
		DisableScriptedObjects (5ms)
		BackupInstance (0ms)
		ReleaseScriptingObjects (0ms)
		CreateAndSetChildDomain (53ms)
	RebuildCommonClasses (37ms)
	RebuildNativeTypeToScriptingClass (11ms)
	initialDomainReloadingComplete (29ms)
	LoadAllAssembliesAndSetupDomain (464ms)
		LoadAssemblies (406ms)
		RebuildTransferFunctionScriptingTraits (0ms)
		AnalyzeDomain (162ms)
			TypeCache.Refresh (10ms)
				TypeCache.ScanAssembly (0ms)
			BuildScriptInfoCaches (135ms)
			ResolveRequiredComponents (12ms)
	FinalizeReload (801ms)
		ReleaseScriptCaches (0ms)
		RebuildScriptCaches (0ms)
		SetupLoadedEditorAssemblies (568ms)
			LogAssemblyErrors (0ms)
			InitializePlatformSupportModulesInManaged (2ms)
			SetLoadedEditorAssemblies (6ms)
			BeforeProcessingInitializeOnLoad (132ms)
			ProcessInitializeOnLoadAttributes (383ms)
			ProcessInitializeOnLoadMethodAttributes (37ms)
			AfterProcessingInitializeOnLoad (8ms)
			EditorAssembliesLoaded (0ms)
		ExecutionOrderSort2 (0ms)
		AwakeInstancesAfterBackupRestoration (19ms)
Refreshing native plugins compatible for Editor in 1.22 ms, found 3 plugins.
Preloading 0 native plugins for Editor in 0.00 ms.
Unloading 23 Unused Serialized files (Serialized files now loaded: 0)
Unloading 5305 unused Assets / (5.2 MB). Loaded Objects now: 5992.
Memory consumption went from 189.0 MB to 183.8 MB.
Total: 8.897200 ms (FindLiveObjects: 0.776000 ms CreateObjectMapping: 0.833600 ms MarkObjects: 4.313600 ms  DeleteObjects: 2.972800 ms)

Prepare: number of updated asset objects reloaded= 0
========================================================================
Received Prepare
Refreshing native plugins compatible for Editor in 0.87 ms, found 3 plugins.
Preloading 0 native plugins for Editor in 0.00 ms.
Unloading 21 Unused Serialized files (Serialized files now loaded: 0)
Unloading 5297 unused Assets / (5.0 MB). Loaded Objects now: 5992.
Memory consumption went from 189.0 MB to 184.0 MB.
Total: 11.475400 ms (FindLiveObjects: 0.705500 ms CreateObjectMapping: 1.125800 ms MarkObjects: 5.073100 ms  DeleteObjects: 4.569800 ms)

Prepare: number of updated asset objects reloaded= 0
========================================================================
Received Prepare
Begin MonoManager ReloadAssembly
C:\build\output\Unity-Technologies\mono\mono\metadata\icall.c:1842:
C:\build\output\Unity-Technologies\mono\mono\metadata\icall.c:1842:
C:\build\output\Unity-Technologies\mono\mono\metadata\icall.c:1842:
C:\build\output\Unity-Technologies\mono\mono\metadata\icall.c:1842:
C:\build\output\Unity-Technologies\mono\mono\metadata\icall.c:1842:
C:\build\output\Unity-Technologies\mono\mono\metadata\icall.c:1842:
C:\build\output\Unity-Technologies\mono\mono\metadata\icall.c:1842:
C:\build\output\Unity-Technologies\mono\mono\metadata\icall.c:1842:
C:\build\output\Unity-Technologies\mono\mono\metadata\icall.c:1842:
C:\build\output\Unity-Technologies\mono\mono\metadata\icall.c:1842:
C:\build\output\Unity-Technologies\mono\mono\metadata\icall.c:1842:
C:\build\output\Unity-Technologies\mono\mono\metadata\icall.c:1842:
Symbol file LoadedFromMemory doesn't match image C:\Users\aaron\Documents\GitHub\Future-Alien-Drug-Game\Future-Alien-Drug-Game\Library\PackageCache\com.unity.visualscripting@1.8.0\Editor\VisualScripting.Core\Dependencies\YamlDotNet\Unity.VisualScripting.YamlDotNet.dll
Symbol file LoadedFromMemory doesn't match image C:\Users\aaron\Documents\GitHub\Future-Alien-Drug-Game\Future-Alien-Drug-Game\Library\PackageCache\com.unity.visualscripting@1.8.0\Editor\VisualScripting.Core\Dependencies\DotNetZip\Unity.VisualScripting.IonicZip.dll
- Loaded All Assemblies, in  0.759 seconds
Refreshing native plugins compatible for Editor in 0.66 ms, found 3 plugins.
Native extension for WindowsStandalone target not found
Mono: successfully reloaded assembly
- Finished resetting the current domain, in  0.778 seconds
Domain Reload Profiling: 1537ms
	BeginReloadAssembly (202ms)
		ExecutionOrderSort (0ms)
		DisableScriptedObjects (7ms)
		BackupInstance (0ms)
		ReleaseScriptingObjects (0ms)
		CreateAndSetChildDomain (54ms)
	RebuildCommonClasses (40ms)
	RebuildNativeTypeToScriptingClass (14ms)
	initialDomainReloadingComplete (34ms)
	LoadAllAssembliesAndSetupDomain (468ms)
		LoadAssemblies (392ms)
		RebuildTransferFunctionScriptingTraits (0ms)
		AnalyzeDomain (169ms)
			TypeCache.Refresh (10ms)
				TypeCache.ScanAssembly (1ms)
			BuildScriptInfoCaches (145ms)
			ResolveRequiredComponents (10ms)
	FinalizeReload (779ms)
		ReleaseScriptCaches (0ms)
		RebuildScriptCaches (0ms)
		SetupLoadedEditorAssemblies (566ms)
			LogAssemblyErrors (0ms)
			InitializePlatformSupportModulesInManaged (2ms)
			SetLoadedEditorAssemblies (6ms)
			BeforeProcessingInitializeOnLoad (119ms)
			ProcessInitializeOnLoadAttributes (395ms)
			ProcessInitializeOnLoadMethodAttributes (36ms)
			AfterProcessingInitializeOnLoad (7ms)
			EditorAssembliesLoaded (0ms)
		ExecutionOrderSort2 (0ms)
		AwakeInstancesAfterBackupRestoration (16ms)
Refreshing native plugins compatible for Editor in 0.87 ms, found 3 plugins.
Preloading 0 native plugins for Editor in 0.00 ms.
Unloading 23 Unused Serialized files (Serialized files now loaded: 0)
Unloading 5305 unused Assets / (5.5 MB). Loaded Objects now: 5992.
Memory consumption went from 191.0 MB to 185.5 MB.
Total: 12.008500 ms (FindLiveObjects: 0.706900 ms CreateObjectMapping: 1.039200 ms MarkObjects: 6.475500 ms  DeleteObjects: 3.785300 ms)

Prepare: number of updated asset objects reloaded= 0
========================================================================
Received Prepare
Begin MonoManager ReloadAssembly
C:\build\output\Unity-Technologies\mono\mono\metadata\icall.c:1842:
C:\build\output\Unity-Technologies\mono\mono\metadata\icall.c:1842:
C:\build\output\Unity-Technologies\mono\mono\metadata\icall.c:1842:
C:\build\output\Unity-Technologies\mono\mono\metadata\icall.c:1842:
C:\build\output\Unity-Technologies\mono\mono\metadata\icall.c:1842:
C:\build\output\Unity-Technologies\mono\mono\metadata\icall.c:1842:
C:\build\output\Unity-Technologies\mono\mono\metadata\icall.c:1842:
C:\build\output\Unity-Technologies\mono\mono\metadata\icall.c:1842:
C:\build\output\Unity-Technologies\mono\mono\metadata\icall.c:1842:
C:\build\output\Unity-Technologies\mono\mono\metadata\icall.c:1842:
C:\build\output\Unity-Technologies\mono\mono\metadata\icall.c:1842:
C:\build\output\Unity-Technologies\mono\mono\metadata\icall.c:1842:
Symbol file LoadedFromMemory doesn't match image C:\Users\aaron\Documents\GitHub\Future-Alien-Drug-Game\Future-Alien-Drug-Game\Library\PackageCache\com.unity.visualscripting@1.8.0\Editor\VisualScripting.Core\Dependencies\YamlDotNet\Unity.VisualScripting.YamlDotNet.dll
Symbol file LoadedFromMemory doesn't match image C:\Users\aaron\Documents\GitHub\Future-Alien-Drug-Game\Future-Alien-Drug-Game\Library\PackageCache\com.unity.visualscripting@1.8.0\Editor\VisualScripting.Core\Dependencies\DotNetZip\Unity.VisualScripting.IonicZip.dll
- Loaded All Assemblies, in  0.821 seconds
Refreshing native plugins compatible for Editor in 1.23 ms, found 3 plugins.
Native extension for WindowsStandalone target not found
Mono: successfully reloaded assembly
- Finished resetting the current domain, in  0.817 seconds
Domain Reload Profiling: 1636ms
	BeginReloadAssembly (213ms)
		ExecutionOrderSort (0ms)
		DisableScriptedObjects (4ms)
		BackupInstance (0ms)
		ReleaseScriptingObjects (0ms)
		CreateAndSetChildDomain (55ms)
	RebuildCommonClasses (46ms)
	RebuildNativeTypeToScriptingClass (12ms)
	initialDomainReloadingComplete (35ms)
	LoadAllAssembliesAndSetupDomain (511ms)
		LoadAssemblies (444ms)
		RebuildTransferFunctionScriptingTraits (0ms)
		AnalyzeDomain (176ms)
			TypeCache.Refresh (7ms)
				TypeCache.ScanAssembly (0ms)
			BuildScriptInfoCaches (152ms)
			ResolveRequiredComponents (13ms)
	FinalizeReload (818ms)
		ReleaseScriptCaches (0ms)
		RebuildScriptCaches (0ms)
		SetupLoadedEditorAssemblies (590ms)
			LogAssemblyErrors (0ms)
			InitializePlatformSupportModulesInManaged (2ms)
			SetLoadedEditorAssemblies (7ms)
			BeforeProcessingInitializeOnLoad (139ms)
			ProcessInitializeOnLoadAttributes (402ms)
			ProcessInitializeOnLoadMethodAttributes (33ms)
			AfterProcessingInitializeOnLoad (6ms)
			EditorAssembliesLoaded (0ms)
		ExecutionOrderSort2 (0ms)
		AwakeInstancesAfterBackupRestoration (19ms)
Refreshing native plugins compatible for Editor in 1.07 ms, found 3 plugins.
Preloading 0 native plugins for Editor in 0.00 ms.
Unloading 23 Unused Serialized files (Serialized files now loaded: 0)
Unloading 5305 unused Assets / (5.2 MB). Loaded Objects now: 5992.
Memory consumption went from 192.9 MB to 187.7 MB.
Total: 10.144000 ms (FindLiveObjects: 0.611500 ms CreateObjectMapping: 0.672300 ms MarkObjects: 4.829200 ms  DeleteObjects: 4.029800 ms)

Prepare: number of updated asset objects reloaded= 0
========================================================================
Received Prepare
Refreshing native plugins compatible for Editor in 1.15 ms, found 3 plugins.
Preloading 0 native plugins for Editor in 0.00 ms.
Unloading 21 Unused Serialized files (Serialized files now loaded: 0)
Unloading 5297 unused Assets / (5.1 MB). Loaded Objects now: 5992.
Memory consumption went from 192.8 MB to 187.7 MB.
Total: 12.159200 ms (FindLiveObjects: 1.897200 ms CreateObjectMapping: 1.361500 ms MarkObjects: 5.609100 ms  DeleteObjects: 3.289700 ms)

Prepare: number of updated asset objects reloaded= 0
========================================================================
Received Prepare
Refreshing native plugins compatible for Editor in 1.10 ms, found 3 plugins.
Preloading 0 native plugins for Editor in 0.00 ms.
Unloading 21 Unused Serialized files (Serialized files now loaded: 0)
Unloading 5297 unused Assets / (4.8 MB). Loaded Objects now: 5992.
Memory consumption went from 192.8 MB to 188.0 MB.
Total: 16.827100 ms (FindLiveObjects: 0.914600 ms CreateObjectMapping: 1.310300 ms MarkObjects: 6.683800 ms  DeleteObjects: 7.916100 ms)

Prepare: number of updated asset objects reloaded= 0
========================================================================
Received Prepare
Refreshing native plugins compatible for Editor in 0.83 ms, found 3 plugins.
Preloading 0 native plugins for Editor in 0.00 ms.
Unloading 21 Unused Serialized files (Serialized files now loaded: 0)
Unloading 5298 unused Assets / (5.6 MB). Loaded Objects now: 5993.
Memory consumption went from 192.8 MB to 187.2 MB.
Total: 12.380400 ms (FindLiveObjects: 0.583200 ms CreateObjectMapping: 0.678500 ms MarkObjects: 6.525100 ms  DeleteObjects: 4.592500 ms)

Prepare: number of updated asset objects reloaded= 0
========================================================================
Received Prepare
Refreshing native plugins compatible for Editor in 0.97 ms, found 3 plugins.
Preloading 0 native plugins for Editor in 0.00 ms.
Unloading 21 Unused Serialized files (Serialized files now loaded: 0)
Unloading 5298 unused Assets / (5.3 MB). Loaded Objects now: 5993.
Memory consumption went from 192.8 MB to 187.5 MB.
Total: 12.958600 ms (FindLiveObjects: 1.913100 ms CreateObjectMapping: 1.576700 ms MarkObjects: 5.707300 ms  DeleteObjects: 3.759900 ms)

Prepare: number of updated asset objects reloaded= 0
========================================================================
Received Import Request.
  Time since last request: 1067179.540887 seconds.
  path: Assets/Scripts/Grower.cs
  artifactKey: Guid(1f9f2226bf6c55b4692b61c3765661de) Importer(815301076,1909f56bfc062723c751e8b465ee728b)
Start importing Assets/Scripts/Grower.cs using Guid(1f9f2226bf6c55b4692b61c3765661de) Importer(815301076,1909f56bfc062723c751e8b465ee728b) (PreviewImporter) -> (artifact id: 'a34d35996f3085223e16747f4bdc7ce3') in 0.0044576 seconds
Number of updated asset objects reloaded before import = 0Number of asset objects unloaded after import = 0

========================================================================
Received Prepare
Refreshing native plugins compatible for Editor in 1.28 ms, found 3 plugins.
Preloading 0 native plugins for Editor in 0.00 ms.
Unloading 21 Unused Serialized files (Serialized files now loaded: 0)
Unloading 5298 unused Assets / (5.1 MB). Loaded Objects now: 5995.
Memory consumption went from 193.1 MB to 187.9 MB.
Total: 13.837400 ms (FindLiveObjects: 0.977900 ms CreateObjectMapping: 1.714600 ms MarkObjects: 7.461100 ms  DeleteObjects: 3.682700 ms)

Prepare: number of updated asset objects reloaded= 0
========================================================================
Received Import Request.
  Time since last request: 44.548454 seconds.
  path: Assets/Scripts/Grower.cs
  artifactKey: Guid(1f9f2226bf6c55b4692b61c3765661de) Importer(815301076,1909f56bfc062723c751e8b465ee728b)
Start importing Assets/Scripts/Grower.cs using Guid(1f9f2226bf6c55b4692b61c3765661de) Importer(815301076,1909f56bfc062723c751e8b465ee728b) (PreviewImporter) -> (artifact id: 'a34d35996f3085223e16747f4bdc7ce3') in 0.0007746 seconds
Number of updated asset objects reloaded before import = 0Number of asset objects unloaded after import = 0

========================================================================
Received Prepare
Refreshing native plugins compatible for Editor in 0.84 ms, found 3 plugins.
Preloading 0 native plugins for Editor in 0.00 ms.
Unloading 21 Unused Serialized files (Serialized files now loaded: 0)
Unloading 5298 unused Assets / (4.9 MB). Loaded Objects now: 5995.
Memory consumption went from 193.1 MB to 188.1 MB.
Total: 12.480100 ms (FindLiveObjects: 2.425100 ms CreateObjectMapping: 1.638600 ms MarkObjects: 5.342600 ms  DeleteObjects: 3.072100 ms)

Prepare: number of updated asset objects reloaded= 0
========================================================================
Received Import Request.
  Time since last request: 196.271289 seconds.
  path: Assets/Scripts/Grower.cs
  artifactKey: Guid(1f9f2226bf6c55b4692b61c3765661de) Importer(815301076,1909f56bfc062723c751e8b465ee728b)
Start importing Assets/Scripts/Grower.cs using Guid(1f9f2226bf6c55b4692b61c3765661de) Importer(815301076,1909f56bfc062723c751e8b465ee728b) (PreviewImporter) -> (artifact id: 'a34d35996f3085223e16747f4bdc7ce3') in 0.001031 seconds
Number of updated asset objects reloaded before import = 0Number of asset objects unloaded after import = 0

========================================================================
Received Prepare
Refreshing native plugins compatible for Editor in 1.23 ms, found 3 plugins.
Preloading 0 native plugins for Editor in 0.00 ms.
Unloading 21 Unused Serialized files (Serialized files now loaded: 0)
Unloading 5298 unused Assets / (5.1 MB). Loaded Objects now: 5995.
Memory consumption went from 193.1 MB to 187.9 MB.
Total: 11.082600 ms (FindLiveObjects: 0.676600 ms CreateObjectMapping: 0.854600 ms MarkObjects: 5.165900 ms  DeleteObjects: 4.384600 ms)

Prepare: number of updated asset objects reloaded= 0
========================================================================
Received Import Request.
  Time since last request: 43.226061 seconds.
  path: Assets/Scripts/Grower.cs
  artifactKey: Guid(1f9f2226bf6c55b4692b61c3765661de) Importer(815301076,1909f56bfc062723c751e8b465ee728b)
Start importing Assets/Scripts/Grower.cs using Guid(1f9f2226bf6c55b4692b61c3765661de) Importer(815301076,1909f56bfc062723c751e8b465ee728b) (PreviewImporter) -> (artifact id: '63f5d2cf5f6c5a07c494cdc526f1e3e0') in 0.000833 seconds
Number of updated asset objects reloaded before import = 0Number of asset objects unloaded after import = 0

========================================================================
Received Prepare
Begin MonoManager ReloadAssembly
C:\build\output\Unity-Technologies\mono\mono\metadata\icall.c:1842:
C:\build\output\Unity-Technologies\mono\mono\metadata\icall.c:1842:
C:\build\output\Unity-Technologies\mono\mono\metadata\icall.c:1842:
C:\build\output\Unity-Technologies\mono\mono\metadata\icall.c:1842:
C:\build\output\Unity-Technologies\mono\mono\metadata\icall.c:1842:
C:\build\output\Unity-Technologies\mono\mono\metadata\icall.c:1842:
C:\build\output\Unity-Technologies\mono\mono\metadata\icall.c:1842:
C:\build\output\Unity-Technologies\mono\mono\metadata\icall.c:1842:
C:\build\output\Unity-Technologies\mono\mono\metadata\icall.c:1842:
C:\build\output\Unity-Technologies\mono\mono\metadata\icall.c:1842:
C:\build\output\Unity-Technologies\mono\mono\metadata\icall.c:1842:
C:\build\output\Unity-Technologies\mono\mono\metadata\icall.c:1842:
Symbol file LoadedFromMemory doesn't match image C:\Users\aaron\Documents\GitHub\Future-Alien-Drug-Game\Future-Alien-Drug-Game\Library\PackageCache\com.unity.visualscripting@1.8.0\Editor\VisualScripting.Core\Dependencies\YamlDotNet\Unity.VisualScripting.YamlDotNet.dll
Symbol file LoadedFromMemory doesn't match image C:\Users\aaron\Documents\GitHub\Future-Alien-Drug-Game\Future-Alien-Drug-Game\Library\PackageCache\com.unity.visualscripting@1.8.0\Editor\VisualScripting.Core\Dependencies\DotNetZip\Unity.VisualScripting.IonicZip.dll
- Loaded All Assemblies, in  0.801 seconds
Refreshing native plugins compatible for Editor in 0.94 ms, found 3 plugins.
Native extension for WindowsStandalone target not found
Mono: successfully reloaded assembly
- Finished resetting the current domain, in  0.804 seconds
Domain Reload Profiling: 1603ms
	BeginReloadAssembly (220ms)
		ExecutionOrderSort (0ms)
		DisableScriptedObjects (8ms)
		BackupInstance (0ms)
		ReleaseScriptingObjects (0ms)
		CreateAndSetChildDomain (53ms)
	RebuildCommonClasses (42ms)
	RebuildNativeTypeToScriptingClass (13ms)
	initialDomainReloadingComplete (32ms)
	LoadAllAssembliesAndSetupDomain (491ms)
		LoadAssemblies (441ms)
		RebuildTransferFunctionScriptingTraits (0ms)
		AnalyzeDomain (159ms)
			TypeCache.Refresh (10ms)
				TypeCache.ScanAssembly (1ms)
			BuildScriptInfoCaches (132ms)
			ResolveRequiredComponents (12ms)
	FinalizeReload (804ms)
		ReleaseScriptCaches (0ms)
		RebuildScriptCaches (0ms)
		SetupLoadedEditorAssemblies (591ms)
			LogAssemblyErrors (0ms)
			InitializePlatformSupportModulesInManaged (2ms)
			SetLoadedEditorAssemblies (7ms)
			BeforeProcessingInitializeOnLoad (133ms)
			ProcessInitializeOnLoadAttributes (400ms)
			ProcessInitializeOnLoadMethodAttributes (40ms)
			AfterProcessingInitializeOnLoad (8ms)
			EditorAssembliesLoaded (0ms)
		ExecutionOrderSort2 (0ms)
		AwakeInstancesAfterBackupRestoration (16ms)
Refreshing native plugins compatible for Editor in 0.94 ms, found 3 plugins.
Preloading 0 native plugins for Editor in 0.00 ms.
Unloading 23 Unused Serialized files (Serialized files now loaded: 0)
Unloading 5306 unused Assets / (5.7 MB). Loaded Objects now: 5995.
Memory consumption went from 195.3 MB to 189.6 MB.
Total: 11.544100 ms (FindLiveObjects: 1.069100 ms CreateObjectMapping: 1.161500 ms MarkObjects: 4.765300 ms  DeleteObjects: 4.546900 ms)

Prepare: number of updated asset objects reloaded= 0
========================================================================
Received Prepare
Begin MonoManager ReloadAssembly
C:\build\output\Unity-Technologies\mono\mono\metadata\icall.c:1842:
C:\build\output\Unity-Technologies\mono\mono\metadata\icall.c:1842:
C:\build\output\Unity-Technologies\mono\mono\metadata\icall.c:1842:
C:\build\output\Unity-Technologies\mono\mono\metadata\icall.c:1842:
C:\build\output\Unity-Technologies\mono\mono\metadata\icall.c:1842:
C:\build\output\Unity-Technologies\mono\mono\metadata\icall.c:1842:
C:\build\output\Unity-Technologies\mono\mono\metadata\icall.c:1842:
C:\build\output\Unity-Technologies\mono\mono\metadata\icall.c:1842:
C:\build\output\Unity-Technologies\mono\mono\metadata\icall.c:1842:
C:\build\output\Unity-Technologies\mono\mono\metadata\icall.c:1842:
C:\build\output\Unity-Technologies\mono\mono\metadata\icall.c:1842:
C:\build\output\Unity-Technologies\mono\mono\metadata\icall.c:1842:
Symbol file LoadedFromMemory doesn't match image C:\Users\aaron\Documents\GitHub\Future-Alien-Drug-Game\Future-Alien-Drug-Game\Library\PackageCache\com.unity.visualscripting@1.8.0\Editor\VisualScripting.Core\Dependencies\YamlDotNet\Unity.VisualScripting.YamlDotNet.dll
Symbol file LoadedFromMemory doesn't match image C:\Users\aaron\Documents\GitHub\Future-Alien-Drug-Game\Future-Alien-Drug-Game\Library\PackageCache\com.unity.visualscripting@1.8.0\Editor\VisualScripting.Core\Dependencies\DotNetZip\Unity.VisualScripting.IonicZip.dll
- Loaded All Assemblies, in  0.766 seconds
Refreshing native plugins compatible for Editor in 0.75 ms, found 3 plugins.
Native extension for WindowsStandalone target not found
Mono: successfully reloaded assembly
- Finished resetting the current domain, in  0.824 seconds
Domain Reload Profiling: 1587ms
	BeginReloadAssembly (213ms)
		ExecutionOrderSort (0ms)
		DisableScriptedObjects (5ms)
		BackupInstance (0ms)
		ReleaseScriptingObjects (0ms)
		CreateAndSetChildDomain (57ms)
	RebuildCommonClasses (41ms)
	RebuildNativeTypeToScriptingClass (11ms)
	initialDomainReloadingComplete (32ms)
	LoadAllAssembliesAndSetupDomain (465ms)
		LoadAssemblies (411ms)
		RebuildTransferFunctionScriptingTraits (0ms)
		AnalyzeDomain (160ms)
			TypeCache.Refresh (9ms)
				TypeCache.ScanAssembly (0ms)
			BuildScriptInfoCaches (136ms)
			ResolveRequiredComponents (11ms)
	FinalizeReload (824ms)
		ReleaseScriptCaches (0ms)
		RebuildScriptCaches (0ms)
		SetupLoadedEditorAssemblies (597ms)
			LogAssemblyErrors (0ms)
			InitializePlatformSupportModulesInManaged (3ms)
			SetLoadedEditorAssemblies (8ms)
			BeforeProcessingInitializeOnLoad (139ms)
			ProcessInitializeOnLoadAttributes (402ms)
			ProcessInitializeOnLoadMethodAttributes (38ms)
			AfterProcessingInitializeOnLoad (8ms)
			EditorAssembliesLoaded (0ms)
		ExecutionOrderSort2 (0ms)
		AwakeInstancesAfterBackupRestoration (17ms)
Refreshing native plugins compatible for Editor in 1.03 ms, found 3 plugins.
Preloading 0 native plugins for Editor in 0.00 ms.
Unloading 23 Unused Serialized files (Serialized files now loaded: 0)
Unloading 5306 unused Assets / (5.4 MB). Loaded Objects now: 5995.
Memory consumption went from 197.3 MB to 191.9 MB.
Total: 9.619700 ms (FindLiveObjects: 0.992100 ms CreateObjectMapping: 0.712700 ms MarkObjects: 4.679500 ms  DeleteObjects: 3.233700 ms)

Prepare: number of updated asset objects reloaded= 0
========================================================================
Received Prepare
Begin MonoManager ReloadAssembly
C:\build\output\Unity-Technologies\mono\mono\metadata\icall.c:1842:
C:\build\output\Unity-Technologies\mono\mono\metadata\icall.c:1842:
C:\build\output\Unity-Technologies\mono\mono\metadata\icall.c:1842:
C:\build\output\Unity-Technologies\mono\mono\metadata\icall.c:1842:
C:\build\output\Unity-Technologies\mono\mono\metadata\icall.c:1842:
C:\build\output\Unity-Technologies\mono\mono\metadata\icall.c:1842:
C:\build\output\Unity-Technologies\mono\mono\metadata\icall.c:1842:
C:\build\output\Unity-Technologies\mono\mono\metadata\icall.c:1842:
C:\build\output\Unity-Technologies\mono\mono\metadata\icall.c:1842:
C:\build\output\Unity-Technologies\mono\mono\metadata\icall.c:1842:
C:\build\output\Unity-Technologies\mono\mono\metadata\icall.c:1842:
C:\build\output\Unity-Technologies\mono\mono\metadata\icall.c:1842:
Symbol file LoadedFromMemory doesn't match image C:\Users\aaron\Documents\GitHub\Future-Alien-Drug-Game\Future-Alien-Drug-Game\Library\PackageCache\com.unity.visualscripting@1.8.0\Editor\VisualScripting.Core\Dependencies\YamlDotNet\Unity.VisualScripting.YamlDotNet.dll
Symbol file LoadedFromMemory doesn't match image C:\Users\aaron\Documents\GitHub\Future-Alien-Drug-Game\Future-Alien-Drug-Game\Library\PackageCache\com.unity.visualscripting@1.8.0\Editor\VisualScripting.Core\Dependencies\DotNetZip\Unity.VisualScripting.IonicZip.dll
- Loaded All Assemblies, in  0.765 seconds
Refreshing native plugins compatible for Editor in 1.09 ms, found 3 plugins.
Native extension for WindowsStandalone target not found
Mono: successfully reloaded assembly
- Finished resetting the current domain, in  0.847 seconds
Domain Reload Profiling: 1612ms
	BeginReloadAssembly (211ms)
		ExecutionOrderSort (0ms)
		DisableScriptedObjects (5ms)
		BackupInstance (0ms)
		ReleaseScriptingObjects (0ms)
		CreateAndSetChildDomain (60ms)
	RebuildCommonClasses (38ms)
	RebuildNativeTypeToScriptingClass (14ms)
	initialDomainReloadingComplete (29ms)
	LoadAllAssembliesAndSetupDomain (473ms)
		LoadAssemblies (409ms)
		RebuildTransferFunctionScriptingTraits (0ms)
		AnalyzeDomain (163ms)
			TypeCache.Refresh (8ms)
				TypeCache.ScanAssembly (0ms)
			BuildScriptInfoCaches (138ms)
			ResolveRequiredComponents (12ms)
	FinalizeReload (847ms)
		ReleaseScriptCaches (0ms)
		RebuildScriptCaches (0ms)
		SetupLoadedEditorAssemblies (618ms)
			LogAssemblyErrors (0ms)
			InitializePlatformSupportModulesInManaged (3ms)
			SetLoadedEditorAssemblies (7ms)
			BeforeProcessingInitializeOnLoad (133ms)
			ProcessInitializeOnLoadAttributes (429ms)
			ProcessInitializeOnLoadMethodAttributes (38ms)
			AfterProcessingInitializeOnLoad (8ms)
			EditorAssembliesLoaded (0ms)
		ExecutionOrderSort2 (0ms)
		AwakeInstancesAfterBackupRestoration (17ms)
Refreshing native plugins compatible for Editor in 0.85 ms, found 3 plugins.
Preloading 0 native plugins for Editor in 0.00 ms.
Unloading 23 Unused Serialized files (Serialized files now loaded: 0)
Unloading 5306 unused Assets / (4.8 MB). Loaded Objects now: 5995.
Memory consumption went from 199.2 MB to 194.3 MB.
Total: 11.205200 ms (FindLiveObjects: 0.615200 ms CreateObjectMapping: 0.582600 ms MarkObjects: 6.779500 ms  DeleteObjects: 3.226500 ms)

Prepare: number of updated asset objects reloaded= 0
========================================================================
Received Prepare
Begin MonoManager ReloadAssembly
C:\build\output\Unity-Technologies\mono\mono\metadata\icall.c:1842:
C:\build\output\Unity-Technologies\mono\mono\metadata\icall.c:1842:
C:\build\output\Unity-Technologies\mono\mono\metadata\icall.c:1842:
C:\build\output\Unity-Technologies\mono\mono\metadata\icall.c:1842:
C:\build\output\Unity-Technologies\mono\mono\metadata\icall.c:1842:
C:\build\output\Unity-Technologies\mono\mono\metadata\icall.c:1842:
C:\build\output\Unity-Technologies\mono\mono\metadata\icall.c:1842:
C:\build\output\Unity-Technologies\mono\mono\metadata\icall.c:1842:
C:\build\output\Unity-Technologies\mono\mono\metadata\icall.c:1842:
C:\build\output\Unity-Technologies\mono\mono\metadata\icall.c:1842:
C:\build\output\Unity-Technologies\mono\mono\metadata\icall.c:1842:
C:\build\output\Unity-Technologies\mono\mono\metadata\icall.c:1842:
Symbol file LoadedFromMemory doesn't match image C:\Users\aaron\Documents\GitHub\Future-Alien-Drug-Game\Future-Alien-Drug-Game\Library\PackageCache\com.unity.visualscripting@1.8.0\Editor\VisualScripting.Core\Dependencies\YamlDotNet\Unity.VisualScripting.YamlDotNet.dll
Symbol file LoadedFromMemory doesn't match image C:\Users\aaron\Documents\GitHub\Future-Alien-Drug-Game\Future-Alien-Drug-Game\Library\PackageCache\com.unity.visualscripting@1.8.0\Editor\VisualScripting.Core\Dependencies\DotNetZip\Unity.VisualScripting.IonicZip.dll
- Loaded All Assemblies, in  0.762 seconds
Refreshing native plugins compatible for Editor in 1.07 ms, found 3 plugins.
Native extension for WindowsStandalone target not found
Mono: successfully reloaded assembly
- Finished resetting the current domain, in  0.823 seconds
Domain Reload Profiling: 1583ms
	BeginReloadAssembly (201ms)
		ExecutionOrderSort (0ms)
		DisableScriptedObjects (7ms)
		BackupInstance (0ms)
		ReleaseScriptingObjects (1ms)
		CreateAndSetChildDomain (56ms)
	RebuildCommonClasses (42ms)
	RebuildNativeTypeToScriptingClass (14ms)
	initialDomainReloadingComplete (28ms)
	LoadAllAssembliesAndSetupDomain (474ms)
		LoadAssemblies (404ms)
		RebuildTransferFunctionScriptingTraits (0ms)
		AnalyzeDomain (165ms)
			TypeCache.Refresh (6ms)
				TypeCache.ScanAssembly (0ms)
			BuildScriptInfoCaches (145ms)
			ResolveRequiredComponents (11ms)
	FinalizeReload (824ms)
		ReleaseScriptCaches (0ms)
		RebuildScriptCaches (0ms)
		SetupLoadedEditorAssemblies (605ms)
			LogAssemblyErrors (0ms)
			InitializePlatformSupportModulesInManaged (2ms)
			SetLoadedEditorAssemblies (7ms)
			BeforeProcessingInitializeOnLoad (132ms)
			ProcessInitializeOnLoadAttributes (410ms)
			ProcessInitializeOnLoadMethodAttributes (43ms)
			AfterProcessingInitializeOnLoad (9ms)
			EditorAssembliesLoaded (0ms)
		ExecutionOrderSort2 (0ms)
		AwakeInstancesAfterBackupRestoration (17ms)
Refreshing native plugins compatible for Editor in 1.02 ms, found 3 plugins.
Preloading 0 native plugins for Editor in 0.00 ms.
Unloading 23 Unused Serialized files (Serialized files now loaded: 0)
Unloading 5306 unused Assets / (5.2 MB). Loaded Objects now: 5995.
Memory consumption went from 201.1 MB to 195.9 MB.
Total: 9.810000 ms (FindLiveObjects: 0.670800 ms CreateObjectMapping: 0.989300 ms MarkObjects: 4.466500 ms  DeleteObjects: 3.682600 ms)

Prepare: number of updated asset objects reloaded= 0
========================================================================
Received Prepare
Begin MonoManager ReloadAssembly
C:\build\output\Unity-Technologies\mono\mono\metadata\icall.c:1842:
C:\build\output\Unity-Technologies\mono\mono\metadata\icall.c:1842:
C:\build\output\Unity-Technologies\mono\mono\metadata\icall.c:1842:
C:\build\output\Unity-Technologies\mono\mono\metadata\icall.c:1842:
C:\build\output\Unity-Technologies\mono\mono\metadata\icall.c:1842:
C:\build\output\Unity-Technologies\mono\mono\metadata\icall.c:1842:
C:\build\output\Unity-Technologies\mono\mono\metadata\icall.c:1842:
C:\build\output\Unity-Technologies\mono\mono\metadata\icall.c:1842:
C:\build\output\Unity-Technologies\mono\mono\metadata\icall.c:1842:
C:\build\output\Unity-Technologies\mono\mono\metadata\icall.c:1842:
C:\build\output\Unity-Technologies\mono\mono\metadata\icall.c:1842:
C:\build\output\Unity-Technologies\mono\mono\metadata\icall.c:1842:
Symbol file LoadedFromMemory doesn't match image C:\Users\aaron\Documents\GitHub\Future-Alien-Drug-Game\Future-Alien-Drug-Game\Library\PackageCache\com.unity.visualscripting@1.8.0\Editor\VisualScripting.Core\Dependencies\YamlDotNet\Unity.VisualScripting.YamlDotNet.dll
Symbol file LoadedFromMemory doesn't match image C:\Users\aaron\Documents\GitHub\Future-Alien-Drug-Game\Future-Alien-Drug-Game\Library\PackageCache\com.unity.visualscripting@1.8.0\Editor\VisualScripting.Core\Dependencies\DotNetZip\Unity.VisualScripting.IonicZip.dll
- Loaded All Assemblies, in  0.823 seconds
Refreshing native plugins compatible for Editor in 0.76 ms, found 3 plugins.
Native extension for WindowsStandalone target not found
Mono: successfully reloaded assembly
- Finished resetting the current domain, in  0.825 seconds
Domain Reload Profiling: 1646ms
	BeginReloadAssembly (221ms)
		ExecutionOrderSort (0ms)
		DisableScriptedObjects (5ms)
		BackupInstance (0ms)
		ReleaseScriptingObjects (0ms)
		CreateAndSetChildDomain (60ms)
	RebuildCommonClasses (44ms)
	RebuildNativeTypeToScriptingClass (12ms)
	initialDomainReloadingComplete (40ms)
	LoadAllAssembliesAndSetupDomain (504ms)
		LoadAssemblies (452ms)
		RebuildTransferFunctionScriptingTraits (0ms)
		AnalyzeDomain (161ms)
			TypeCache.Refresh (12ms)
				TypeCache.ScanAssembly (0ms)
			BuildScriptInfoCaches (134ms)
			ResolveRequiredComponents (12ms)
	FinalizeReload (826ms)
		ReleaseScriptCaches (0ms)
		RebuildScriptCaches (0ms)
		SetupLoadedEditorAssemblies (583ms)
			LogAssemblyErrors (0ms)
			InitializePlatformSupportModulesInManaged (2ms)
			SetLoadedEditorAssemblies (6ms)
			BeforeProcessingInitializeOnLoad (130ms)
			ProcessInitializeOnLoadAttributes (400ms)
			ProcessInitializeOnLoadMethodAttributes (38ms)
			AfterProcessingInitializeOnLoad (7ms)
			EditorAssembliesLoaded (0ms)
		ExecutionOrderSort2 (0ms)
		AwakeInstancesAfterBackupRestoration (20ms)
Refreshing native plugins compatible for Editor in 0.88 ms, found 3 plugins.
Preloading 0 native plugins for Editor in 0.00 ms.
Unloading 23 Unused Serialized files (Serialized files now loaded: 0)
Unloading 5306 unused Assets / (5.5 MB). Loaded Objects now: 5995.
Memory consumption went from 203.0 MB to 197.5 MB.
Total: 11.585200 ms (FindLiveObjects: 0.812500 ms CreateObjectMapping: 1.154400 ms MarkObjects: 4.948900 ms  DeleteObjects: 4.668500 ms)

Prepare: number of updated asset objects reloaded= 0
========================================================================
Received Prepare
Begin MonoManager ReloadAssembly
C:\build\output\Unity-Technologies\mono\mono\metadata\icall.c:1842:
C:\build\output\Unity-Technologies\mono\mono\metadata\icall.c:1842:
C:\build\output\Unity-Technologies\mono\mono\metadata\icall.c:1842:
C:\build\output\Unity-Technologies\mono\mono\metadata\icall.c:1842:
C:\build\output\Unity-Technologies\mono\mono\metadata\icall.c:1842:
C:\build\output\Unity-Technologies\mono\mono\metadata\icall.c:1842:
C:\build\output\Unity-Technologies\mono\mono\metadata\icall.c:1842:
C:\build\output\Unity-Technologies\mono\mono\metadata\icall.c:1842:
C:\build\output\Unity-Technologies\mono\mono\metadata\icall.c:1842:
C:\build\output\Unity-Technologies\mono\mono\metadata\icall.c:1842:
C:\build\output\Unity-Technologies\mono\mono\metadata\icall.c:1842:
C:\build\output\Unity-Technologies\mono\mono\metadata\icall.c:1842:
Symbol file LoadedFromMemory doesn't match image C:\Users\aaron\Documents\GitHub\Future-Alien-Drug-Game\Future-Alien-Drug-Game\Library\PackageCache\com.unity.visualscripting@1.8.0\Editor\VisualScripting.Core\Dependencies\YamlDotNet\Unity.VisualScripting.YamlDotNet.dll
Symbol file LoadedFromMemory doesn't match image C:\Users\aaron\Documents\GitHub\Future-Alien-Drug-Game\Future-Alien-Drug-Game\Library\PackageCache\com.unity.visualscripting@1.8.0\Editor\VisualScripting.Core\Dependencies\DotNetZip\Unity.VisualScripting.IonicZip.dll
- Loaded All Assemblies, in  0.840 seconds
Refreshing native plugins compatible for Editor in 0.79 ms, found 3 plugins.
Native extension for WindowsStandalone target not found
Mono: successfully reloaded assembly
- Finished resetting the current domain, in  0.827 seconds
Domain Reload Profiling: 1665ms
	BeginReloadAssembly (212ms)
		ExecutionOrderSort (0ms)
		DisableScriptedObjects (9ms)
		BackupInstance (0ms)
		ReleaseScriptingObjects (0ms)
		CreateAndSetChildDomain (54ms)
	RebuildCommonClasses (37ms)
	RebuildNativeTypeToScriptingClass (14ms)
	initialDomainReloadingComplete (34ms)
	LoadAllAssembliesAndSetupDomain (541ms)
		LoadAssemblies (480ms)
		RebuildTransferFunctionScriptingTraits (0ms)
		AnalyzeDomain (161ms)
			TypeCache.Refresh (6ms)
				TypeCache.ScanAssembly (0ms)
			BuildScriptInfoCaches (140ms)
			ResolveRequiredComponents (10ms)
	FinalizeReload (827ms)
		ReleaseScriptCaches (0ms)
		RebuildScriptCaches (0ms)
		SetupLoadedEditorAssemblies (604ms)
			LogAssemblyErrors (0ms)
			InitializePlatformSupportModulesInManaged (2ms)
			SetLoadedEditorAssemblies (9ms)
			BeforeProcessingInitializeOnLoad (134ms)
			ProcessInitializeOnLoadAttributes (408ms)
			ProcessInitializeOnLoadMethodAttributes (43ms)
			AfterProcessingInitializeOnLoad (8ms)
			EditorAssembliesLoaded (0ms)
		ExecutionOrderSort2 (0ms)
		AwakeInstancesAfterBackupRestoration (22ms)
Refreshing native plugins compatible for Editor in 1.39 ms, found 3 plugins.
Preloading 0 native plugins for Editor in 0.00 ms.
Unloading 23 Unused Serialized files (Serialized files now loaded: 0)
Unloading 5306 unused Assets / (5.1 MB). Loaded Objects now: 5995.
Memory consumption went from 204.9 MB to 199.8 MB.
Total: 11.661600 ms (FindLiveObjects: 0.604200 ms CreateObjectMapping: 0.728900 ms MarkObjects: 5.295100 ms  DeleteObjects: 5.032100 ms)

Prepare: number of updated asset objects reloaded= 0
========================================================================
Received Prepare
Begin MonoManager ReloadAssembly
C:\build\output\Unity-Technologies\mono\mono\metadata\icall.c:1842:
C:\build\output\Unity-Technologies\mono\mono\metadata\icall.c:1842:
C:\build\output\Unity-Technologies\mono\mono\metadata\icall.c:1842:
C:\build\output\Unity-Technologies\mono\mono\metadata\icall.c:1842:
C:\build\output\Unity-Technologies\mono\mono\metadata\icall.c:1842:
C:\build\output\Unity-Technologies\mono\mono\metadata\icall.c:1842:
C:\build\output\Unity-Technologies\mono\mono\metadata\icall.c:1842:
C:\build\output\Unity-Technologies\mono\mono\metadata\icall.c:1842:
C:\build\output\Unity-Technologies\mono\mono\metadata\icall.c:1842:
C:\build\output\Unity-Technologies\mono\mono\metadata\icall.c:1842:
C:\build\output\Unity-Technologies\mono\mono\metadata\icall.c:1842:
C:\build\output\Unity-Technologies\mono\mono\metadata\icall.c:1842:
Symbol file LoadedFromMemory doesn't match image C:\Users\aaron\Documents\GitHub\Future-Alien-Drug-Game\Future-Alien-Drug-Game\Library\PackageCache\com.unity.visualscripting@1.8.0\Editor\VisualScripting.Core\Dependencies\YamlDotNet\Unity.VisualScripting.YamlDotNet.dll
Symbol file LoadedFromMemory doesn't match image C:\Users\aaron\Documents\GitHub\Future-Alien-Drug-Game\Future-Alien-Drug-Game\Library\PackageCache\com.unity.visualscripting@1.8.0\Editor\VisualScripting.Core\Dependencies\DotNetZip\Unity.VisualScripting.IonicZip.dll
- Loaded All Assemblies, in  0.772 seconds
Refreshing native plugins compatible for Editor in 0.77 ms, found 3 plugins.
Native extension for WindowsStandalone target not found
Mono: successfully reloaded assembly
- Finished resetting the current domain, in  0.840 seconds
Domain Reload Profiling: 1611ms
	BeginReloadAssembly (202ms)
		ExecutionOrderSort (0ms)
		DisableScriptedObjects (5ms)
		BackupInstance (0ms)
		ReleaseScriptingObjects (0ms)
		CreateAndSetChildDomain (53ms)
	RebuildCommonClasses (38ms)
	RebuildNativeTypeToScriptingClass (15ms)
	initialDomainReloadingComplete (33ms)
	LoadAllAssembliesAndSetupDomain (482ms)
		LoadAssemblies (411ms)
		RebuildTransferFunctionScriptingTraits (0ms)
		AnalyzeDomain (173ms)
			TypeCache.Refresh (7ms)
				TypeCache.ScanAssembly (0ms)
			BuildScriptInfoCaches (148ms)
			ResolveRequiredComponents (14ms)
	FinalizeReload (841ms)
		ReleaseScriptCaches (0ms)
		RebuildScriptCaches (0ms)
		SetupLoadedEditorAssemblies (612ms)
			LogAssemblyErrors (0ms)
			InitializePlatformSupportModulesInManaged (2ms)
			SetLoadedEditorAssemblies (7ms)
			BeforeProcessingInitializeOnLoad (141ms)
			ProcessInitializeOnLoadAttributes (419ms)
			ProcessInitializeOnLoadMethodAttributes (36ms)
			AfterProcessingInitializeOnLoad (6ms)
			EditorAssembliesLoaded (0ms)
		ExecutionOrderSort2 (0ms)
		AwakeInstancesAfterBackupRestoration (18ms)
Refreshing native plugins compatible for Editor in 1.20 ms, found 3 plugins.
Preloading 0 native plugins for Editor in 0.00 ms.
Unloading 23 Unused Serialized files (Serialized files now loaded: 0)
Unloading 5306 unused Assets / (5.4 MB). Loaded Objects now: 5995.
Memory consumption went from 206.9 MB to 201.4 MB.
Total: 10.658600 ms (FindLiveObjects: 0.603000 ms CreateObjectMapping: 0.780100 ms MarkObjects: 4.175600 ms  DeleteObjects: 5.099000 ms)

Prepare: number of updated asset objects reloaded= 0
========================================================================
Received Prepare
Refreshing native plugins compatible for Editor in 1.44 ms, found 3 plugins.
Preloading 0 native plugins for Editor in 0.00 ms.
Unloading 21 Unused Serialized files (Serialized files now loaded: 0)
Unloading 5298 unused Assets / (5.4 MB). Loaded Objects now: 5995.
Memory consumption went from 206.8 MB to 201.4 MB.
Total: 10.625000 ms (FindLiveObjects: 0.821600 ms CreateObjectMapping: 0.861300 ms MarkObjects: 4.806200 ms  DeleteObjects: 4.135000 ms)

Prepare: number of updated asset objects reloaded= 0
========================================================================
Received Prepare
Begin MonoManager ReloadAssembly
C:\build\output\Unity-Technologies\mono\mono\metadata\icall.c:1842:
C:\build\output\Unity-Technologies\mono\mono\metadata\icall.c:1842:
C:\build\output\Unity-Technologies\mono\mono\metadata\icall.c:1842:
C:\build\output\Unity-Technologies\mono\mono\metadata\icall.c:1842:
C:\build\output\Unity-Technologies\mono\mono\metadata\icall.c:1842:
C:\build\output\Unity-Technologies\mono\mono\metadata\icall.c:1842:
C:\build\output\Unity-Technologies\mono\mono\metadata\icall.c:1842:
C:\build\output\Unity-Technologies\mono\mono\metadata\icall.c:1842:
C:\build\output\Unity-Technologies\mono\mono\metadata\icall.c:1842:
C:\build\output\Unity-Technologies\mono\mono\metadata\icall.c:1842:
C:\build\output\Unity-Technologies\mono\mono\metadata\icall.c:1842:
C:\build\output\Unity-Technologies\mono\mono\metadata\icall.c:1842:
Symbol file LoadedFromMemory doesn't match image C:\Users\aaron\Documents\GitHub\Future-Alien-Drug-Game\Future-Alien-Drug-Game\Library\PackageCache\com.unity.visualscripting@1.8.0\Editor\VisualScripting.Core\Dependencies\YamlDotNet\Unity.VisualScripting.YamlDotNet.dll
Symbol file LoadedFromMemory doesn't match image C:\Users\aaron\Documents\GitHub\Future-Alien-Drug-Game\Future-Alien-Drug-Game\Library\PackageCache\com.unity.visualscripting@1.8.0\Editor\VisualScripting.Core\Dependencies\DotNetZip\Unity.VisualScripting.IonicZip.dll
- Loaded All Assemblies, in  0.813 seconds
Refreshing native plugins compatible for Editor in 1.41 ms, found 3 plugins.
Native extension for WindowsStandalone target not found
Mono: successfully reloaded assembly
- Finished resetting the current domain, in  0.908 seconds
Domain Reload Profiling: 1722ms
	BeginReloadAssembly (226ms)
		ExecutionOrderSort (0ms)
		DisableScriptedObjects (6ms)
		BackupInstance (0ms)
		ReleaseScriptingObjects (0ms)
		CreateAndSetChildDomain (65ms)
	RebuildCommonClasses (42ms)
	RebuildNativeTypeToScriptingClass (12ms)
	initialDomainReloadingComplete (33ms)
	LoadAllAssembliesAndSetupDomain (500ms)
		LoadAssemblies (429ms)
		RebuildTransferFunctionScriptingTraits (0ms)
		AnalyzeDomain (175ms)
			TypeCache.Refresh (9ms)
				TypeCache.ScanAssembly (1ms)
			BuildScriptInfoCaches (149ms)
			ResolveRequiredComponents (13ms)
	FinalizeReload (908ms)
		ReleaseScriptCaches (0ms)
		RebuildScriptCaches (0ms)
		SetupLoadedEditorAssemblies (643ms)
			LogAssemblyErrors (0ms)
			InitializePlatformSupportModulesInManaged (3ms)
			SetLoadedEditorAssemblies (9ms)
			BeforeProcessingInitializeOnLoad (138ms)
			ProcessInitializeOnLoadAttributes (425ms)
			ProcessInitializeOnLoadMethodAttributes (58ms)
			AfterProcessingInitializeOnLoad (10ms)
			EditorAssembliesLoaded (0ms)
		ExecutionOrderSort2 (0ms)
		AwakeInstancesAfterBackupRestoration (23ms)
Refreshing native plugins compatible for Editor in 2.26 ms, found 3 plugins.
Preloading 0 native plugins for Editor in 0.00 ms.
Unloading 23 Unused Serialized files (Serialized files now loaded: 0)
Unloading 5306 unused Assets / (5.7 MB). Loaded Objects now: 5995.
Memory consumption went from 208.7 MB to 203.0 MB.
Total: 17.390900 ms (FindLiveObjects: 1.284000 ms CreateObjectMapping: 1.572800 ms MarkObjects: 7.777700 ms  DeleteObjects: 6.755100 ms)

Prepare: number of updated asset objects reloaded= 0
========================================================================
Received Prepare
Begin MonoManager ReloadAssembly
C:\build\output\Unity-Technologies\mono\mono\metadata\icall.c:1842:
C:\build\output\Unity-Technologies\mono\mono\metadata\icall.c:1842:
C:\build\output\Unity-Technologies\mono\mono\metadata\icall.c:1842:
C:\build\output\Unity-Technologies\mono\mono\metadata\icall.c:1842:
C:\build\output\Unity-Technologies\mono\mono\metadata\icall.c:1842:
C:\build\output\Unity-Technologies\mono\mono\metadata\icall.c:1842:
C:\build\output\Unity-Technologies\mono\mono\metadata\icall.c:1842:
C:\build\output\Unity-Technologies\mono\mono\metadata\icall.c:1842:
C:\build\output\Unity-Technologies\mono\mono\metadata\icall.c:1842:
C:\build\output\Unity-Technologies\mono\mono\metadata\icall.c:1842:
C:\build\output\Unity-Technologies\mono\mono\metadata\icall.c:1842:
C:\build\output\Unity-Technologies\mono\mono\metadata\icall.c:1842:
Symbol file LoadedFromMemory doesn't match image C:\Users\aaron\Documents\GitHub\Future-Alien-Drug-Game\Future-Alien-Drug-Game\Library\PackageCache\com.unity.visualscripting@1.8.0\Editor\VisualScripting.Core\Dependencies\YamlDotNet\Unity.VisualScripting.YamlDotNet.dll
Symbol file LoadedFromMemory doesn't match image C:\Users\aaron\Documents\GitHub\Future-Alien-Drug-Game\Future-Alien-Drug-Game\Library\PackageCache\com.unity.visualscripting@1.8.0\Editor\VisualScripting.Core\Dependencies\DotNetZip\Unity.VisualScripting.IonicZip.dll
- Loaded All Assemblies, in  0.751 seconds
Refreshing native plugins compatible for Editor in 1.14 ms, found 3 plugins.
Native extension for WindowsStandalone target not found
Mono: successfully reloaded assembly
- Finished resetting the current domain, in  0.817 seconds
Domain Reload Profiling: 1567ms
	BeginReloadAssembly (199ms)
		ExecutionOrderSort (0ms)
		DisableScriptedObjects (5ms)
		BackupInstance (0ms)
		ReleaseScriptingObjects (0ms)
		CreateAndSetChildDomain (52ms)
	RebuildCommonClasses (37ms)
	RebuildNativeTypeToScriptingClass (12ms)
	initialDomainReloadingComplete (34ms)
	LoadAllAssembliesAndSetupDomain (467ms)
		LoadAssemblies (410ms)
		RebuildTransferFunctionScriptingTraits (0ms)
		AnalyzeDomain (155ms)
			TypeCache.Refresh (7ms)
				TypeCache.ScanAssembly (0ms)
			BuildScriptInfoCaches (134ms)
			ResolveRequiredComponents (10ms)
	FinalizeReload (818ms)
		ReleaseScriptCaches (0ms)
		RebuildScriptCaches (0ms)
		SetupLoadedEditorAssemblies (589ms)
			LogAssemblyErrors (0ms)
			InitializePlatformSupportModulesInManaged (2ms)
			SetLoadedEditorAssemblies (7ms)
			BeforeProcessingInitializeOnLoad (126ms)
			ProcessInitializeOnLoadAttributes (408ms)
			ProcessInitializeOnLoadMethodAttributes (38ms)
			AfterProcessingInitializeOnLoad (7ms)
			EditorAssembliesLoaded (0ms)
		ExecutionOrderSort2 (0ms)
		AwakeInstancesAfterBackupRestoration (18ms)
Refreshing native plugins compatible for Editor in 1.42 ms, found 3 plugins.
Preloading 0 native plugins for Editor in 0.00 ms.
Unloading 23 Unused Serialized files (Serialized files now loaded: 0)
Unloading 5306 unused Assets / (5.1 MB). Loaded Objects now: 5995.
Memory consumption went from 210.6 MB to 205.5 MB.
Total: 11.610000 ms (FindLiveObjects: 1.079900 ms CreateObjectMapping: 1.841400 ms MarkObjects: 5.619600 ms  DeleteObjects: 3.068000 ms)

Prepare: number of updated asset objects reloaded= 0
========================================================================
Received Prepare
Refreshing native plugins compatible for Editor in 0.93 ms, found 3 plugins.
Preloading 0 native plugins for Editor in 0.00 ms.
Unloading 21 Unused Serialized files (Serialized files now loaded: 0)
Unloading 5298 unused Assets / (5.1 MB). Loaded Objects now: 5995.
Memory consumption went from 210.6 MB to 205.5 MB.
Total: 10.974300 ms (FindLiveObjects: 0.691300 ms CreateObjectMapping: 0.792200 ms MarkObjects: 6.112000 ms  DeleteObjects: 3.377400 ms)

Prepare: number of updated asset objects reloaded= 0
========================================================================
Received Prepare
Begin MonoManager ReloadAssembly
C:\build\output\Unity-Technologies\mono\mono\metadata\icall.c:1842:
C:\build\output\Unity-Technologies\mono\mono\metadata\icall.c:1842:
C:\build\output\Unity-Technologies\mono\mono\metadata\icall.c:1842:
C:\build\output\Unity-Technologies\mono\mono\metadata\icall.c:1842:
C:\build\output\Unity-Technologies\mono\mono\metadata\icall.c:1842:
C:\build\output\Unity-Technologies\mono\mono\metadata\icall.c:1842:
C:\build\output\Unity-Technologies\mono\mono\metadata\icall.c:1842:
C:\build\output\Unity-Technologies\mono\mono\metadata\icall.c:1842:
C:\build\output\Unity-Technologies\mono\mono\metadata\icall.c:1842:
C:\build\output\Unity-Technologies\mono\mono\metadata\icall.c:1842:
C:\build\output\Unity-Technologies\mono\mono\metadata\icall.c:1842:
C:\build\output\Unity-Technologies\mono\mono\metadata\icall.c:1842:
Symbol file LoadedFromMemory doesn't match image C:\Users\aaron\Documents\GitHub\Future-Alien-Drug-Game\Future-Alien-Drug-Game\Library\PackageCache\com.unity.visualscripting@1.8.0\Editor\VisualScripting.Core\Dependencies\YamlDotNet\Unity.VisualScripting.YamlDotNet.dll
Symbol file LoadedFromMemory doesn't match image C:\Users\aaron\Documents\GitHub\Future-Alien-Drug-Game\Future-Alien-Drug-Game\Library\PackageCache\com.unity.visualscripting@1.8.0\Editor\VisualScripting.Core\Dependencies\DotNetZip\Unity.VisualScripting.IonicZip.dll
- Loaded All Assemblies, in  0.755 seconds
Refreshing native plugins compatible for Editor in 1.46 ms, found 3 plugins.
Native extension for WindowsStandalone target not found
Mono: successfully reloaded assembly
- Finished resetting the current domain, in  0.838 seconds
Domain Reload Profiling: 1592ms
	BeginReloadAssembly (203ms)
		ExecutionOrderSort (0ms)
		DisableScriptedObjects (5ms)
		BackupInstance (0ms)
		ReleaseScriptingObjects (0ms)
		CreateAndSetChildDomain (53ms)
	RebuildCommonClasses (39ms)
	RebuildNativeTypeToScriptingClass (12ms)
	initialDomainReloadingComplete (32ms)
	LoadAllAssembliesAndSetupDomain (467ms)
		LoadAssemblies (402ms)
		RebuildTransferFunctionScriptingTraits (0ms)
		AnalyzeDomain (169ms)
			TypeCache.Refresh (12ms)
				TypeCache.ScanAssembly (1ms)
			BuildScriptInfoCaches (141ms)
			ResolveRequiredComponents (10ms)
	FinalizeReload (839ms)
		ReleaseScriptCaches (0ms)
		RebuildScriptCaches (0ms)
		SetupLoadedEditorAssemblies (600ms)
			LogAssemblyErrors (0ms)
			InitializePlatformSupportModulesInManaged (3ms)
			SetLoadedEditorAssemblies (6ms)
			BeforeProcessingInitializeOnLoad (132ms)
			ProcessInitializeOnLoadAttributes (412ms)
			ProcessInitializeOnLoadMethodAttributes (40ms)
			AfterProcessingInitializeOnLoad (7ms)
			EditorAssembliesLoaded (0ms)
		ExecutionOrderSort2 (0ms)
		AwakeInstancesAfterBackupRestoration (22ms)
Refreshing native plugins compatible for Editor in 1.64 ms, found 3 plugins.
Preloading 0 native plugins for Editor in 0.00 ms.
Unloading 23 Unused Serialized files (Serialized files now loaded: 0)
Unloading 5306 unused Assets / (5.5 MB). Loaded Objects now: 5995.
Memory consumption went from 212.6 MB to 207.1 MB.
Total: 12.753800 ms (FindLiveObjects: 0.765600 ms CreateObjectMapping: 0.824500 ms MarkObjects: 7.768600 ms  DeleteObjects: 3.394000 ms)

Prepare: number of updated asset objects reloaded= 0
========================================================================
Received Prepare
Begin MonoManager ReloadAssembly
C:\build\output\Unity-Technologies\mono\mono\metadata\icall.c:1842:
C:\build\output\Unity-Technologies\mono\mono\metadata\icall.c:1842:
C:\build\output\Unity-Technologies\mono\mono\metadata\icall.c:1842:
C:\build\output\Unity-Technologies\mono\mono\metadata\icall.c:1842:
C:\build\output\Unity-Technologies\mono\mono\metadata\icall.c:1842:
C:\build\output\Unity-Technologies\mono\mono\metadata\icall.c:1842:
C:\build\output\Unity-Technologies\mono\mono\metadata\icall.c:1842:
C:\build\output\Unity-Technologies\mono\mono\metadata\icall.c:1842:
C:\build\output\Unity-Technologies\mono\mono\metadata\icall.c:1842:
C:\build\output\Unity-Technologies\mono\mono\metadata\icall.c:1842:
C:\build\output\Unity-Technologies\mono\mono\metadata\icall.c:1842:
C:\build\output\Unity-Technologies\mono\mono\metadata\icall.c:1842:
Symbol file LoadedFromMemory doesn't match image C:\Users\aaron\Documents\GitHub\Future-Alien-Drug-Game\Future-Alien-Drug-Game\Library\PackageCache\com.unity.visualscripting@1.8.0\Editor\VisualScripting.Core\Dependencies\YamlDotNet\Unity.VisualScripting.YamlDotNet.dll
Symbol file LoadedFromMemory doesn't match image C:\Users\aaron\Documents\GitHub\Future-Alien-Drug-Game\Future-Alien-Drug-Game\Library\PackageCache\com.unity.visualscripting@1.8.0\Editor\VisualScripting.Core\Dependencies\DotNetZip\Unity.VisualScripting.IonicZip.dll
- Loaded All Assemblies, in  0.775 seconds
Refreshing native plugins compatible for Editor in 1.15 ms, found 3 plugins.
Native extension for WindowsStandalone target not found
Mono: successfully reloaded assembly
- Finished resetting the current domain, in  0.838 seconds
Domain Reload Profiling: 1613ms
	BeginReloadAssembly (214ms)
		ExecutionOrderSort (0ms)
		DisableScriptedObjects (8ms)
		BackupInstance (0ms)
		ReleaseScriptingObjects (0ms)
		CreateAndSetChildDomain (58ms)
	RebuildCommonClasses (38ms)
	RebuildNativeTypeToScriptingClass (15ms)
	initialDomainReloadingComplete (32ms)
	LoadAllAssembliesAndSetupDomain (475ms)
		LoadAssemblies (413ms)
		RebuildTransferFunctionScriptingTraits (0ms)
		AnalyzeDomain (164ms)
			TypeCache.Refresh (7ms)
				TypeCache.ScanAssembly (0ms)
			BuildScriptInfoCaches (141ms)
			ResolveRequiredComponents (11ms)
	FinalizeReload (839ms)
		ReleaseScriptCaches (0ms)
		RebuildScriptCaches (0ms)
		SetupLoadedEditorAssemblies (602ms)
			LogAssemblyErrors (0ms)
			InitializePlatformSupportModulesInManaged (2ms)
			SetLoadedEditorAssemblies (6ms)
			BeforeProcessingInitializeOnLoad (138ms)
			ProcessInitializeOnLoadAttributes (405ms)
			ProcessInitializeOnLoadMethodAttributes (41ms)
			AfterProcessingInitializeOnLoad (10ms)
			EditorAssembliesLoaded (0ms)
		ExecutionOrderSort2 (0ms)
		AwakeInstancesAfterBackupRestoration (18ms)
Refreshing native plugins compatible for Editor in 0.97 ms, found 3 plugins.
Preloading 0 native plugins for Editor in 0.00 ms.
Unloading 23 Unused Serialized files (Serialized files now loaded: 0)
Unloading 5306 unused Assets / (5.5 MB). Loaded Objects now: 5995.
Memory consumption went from 214.5 MB to 209.0 MB.
Total: 11.184300 ms (FindLiveObjects: 0.687800 ms CreateObjectMapping: 0.839900 ms MarkObjects: 6.564600 ms  DeleteObjects: 3.090700 ms)

Prepare: number of updated asset objects reloaded= 0
========================================================================
Received Prepare
Refreshing native plugins compatible for Editor in 1.07 ms, found 3 plugins.
Preloading 0 native plugins for Editor in 0.00 ms.
Unloading 21 Unused Serialized files (Serialized files now loaded: 0)
Unloading 5298 unused Assets / (5.2 MB). Loaded Objects now: 5995.
Memory consumption went from 214.5 MB to 209.2 MB.
Total: 11.006700 ms (FindLiveObjects: 1.036500 ms CreateObjectMapping: 1.285800 ms MarkObjects: 5.508300 ms  DeleteObjects: 3.175400 ms)

Prepare: number of updated asset objects reloaded= 0
========================================================================
Received Prepare
Begin MonoManager ReloadAssembly
C:\build\output\Unity-Technologies\mono\mono\metadata\icall.c:1842:
C:\build\output\Unity-Technologies\mono\mono\metadata\icall.c:1842:
C:\build\output\Unity-Technologies\mono\mono\metadata\icall.c:1842:
C:\build\output\Unity-Technologies\mono\mono\metadata\icall.c:1842:
C:\build\output\Unity-Technologies\mono\mono\metadata\icall.c:1842:
C:\build\output\Unity-Technologies\mono\mono\metadata\icall.c:1842:
C:\build\output\Unity-Technologies\mono\mono\metadata\icall.c:1842:
C:\build\output\Unity-Technologies\mono\mono\metadata\icall.c:1842:
C:\build\output\Unity-Technologies\mono\mono\metadata\icall.c:1842:
C:\build\output\Unity-Technologies\mono\mono\metadata\icall.c:1842:
C:\build\output\Unity-Technologies\mono\mono\metadata\icall.c:1842:
C:\build\output\Unity-Technologies\mono\mono\metadata\icall.c:1842:
Symbol file LoadedFromMemory doesn't match image C:\Users\aaron\Documents\GitHub\Future-Alien-Drug-Game\Future-Alien-Drug-Game\Library\PackageCache\com.unity.visualscripting@1.8.0\Editor\VisualScripting.Core\Dependencies\YamlDotNet\Unity.VisualScripting.YamlDotNet.dll
Symbol file LoadedFromMemory doesn't match image C:\Users\aaron\Documents\GitHub\Future-Alien-Drug-Game\Future-Alien-Drug-Game\Library\PackageCache\com.unity.visualscripting@1.8.0\Editor\VisualScripting.Core\Dependencies\DotNetZip\Unity.VisualScripting.IonicZip.dll
- Loaded All Assemblies, in  0.850 seconds
Refreshing native plugins compatible for Editor in 1.19 ms, found 3 plugins.
Native extension for WindowsStandalone target not found
Mono: successfully reloaded assembly
- Finished resetting the current domain, in  0.978 seconds
Domain Reload Profiling: 1825ms
	BeginReloadAssembly (217ms)
		ExecutionOrderSort (0ms)
		DisableScriptedObjects (6ms)
		BackupInstance (0ms)
		ReleaseScriptingObjects (0ms)
		CreateAndSetChildDomain (54ms)
	RebuildCommonClasses (43ms)
	RebuildNativeTypeToScriptingClass (19ms)
	initialDomainReloadingComplete (40ms)
	LoadAllAssembliesAndSetupDomain (528ms)
		LoadAssemblies (445ms)
		RebuildTransferFunctionScriptingTraits (0ms)
		AnalyzeDomain (192ms)
			TypeCache.Refresh (10ms)
				TypeCache.ScanAssembly (1ms)
			BuildScriptInfoCaches (164ms)
			ResolveRequiredComponents (13ms)
	FinalizeReload (978ms)
		ReleaseScriptCaches (0ms)
		RebuildScriptCaches (0ms)
		SetupLoadedEditorAssemblies (722ms)
			LogAssemblyErrors (0ms)
			InitializePlatformSupportModulesInManaged (2ms)
			SetLoadedEditorAssemblies (7ms)
			BeforeProcessingInitializeOnLoad (154ms)
			ProcessInitializeOnLoadAttributes (511ms)
			ProcessInitializeOnLoadMethodAttributes (40ms)
			AfterProcessingInitializeOnLoad (8ms)
			EditorAssembliesLoaded (0ms)
		ExecutionOrderSort2 (0ms)
		AwakeInstancesAfterBackupRestoration (18ms)
Refreshing native plugins compatible for Editor in 0.84 ms, found 3 plugins.
Preloading 0 native plugins for Editor in 0.00 ms.
Unloading 23 Unused Serialized files (Serialized files now loaded: 0)
Unloading 5306 unused Assets / (5.3 MB). Loaded Objects now: 5995.
Memory consumption went from 216.4 MB to 211.1 MB.
Total: 10.210900 ms (FindLiveObjects: 0.638600 ms CreateObjectMapping: 0.538800 ms MarkObjects: 5.297400 ms  DeleteObjects: 3.735100 ms)

Prepare: number of updated asset objects reloaded= 0
========================================================================
Received Prepare
Begin MonoManager ReloadAssembly
C:\build\output\Unity-Technologies\mono\mono\metadata\icall.c:1842:
C:\build\output\Unity-Technologies\mono\mono\metadata\icall.c:1842:
C:\build\output\Unity-Technologies\mono\mono\metadata\icall.c:1842:
C:\build\output\Unity-Technologies\mono\mono\metadata\icall.c:1842:
C:\build\output\Unity-Technologies\mono\mono\metadata\icall.c:1842:
C:\build\output\Unity-Technologies\mono\mono\metadata\icall.c:1842:
C:\build\output\Unity-Technologies\mono\mono\metadata\icall.c:1842:
C:\build\output\Unity-Technologies\mono\mono\metadata\icall.c:1842:
C:\build\output\Unity-Technologies\mono\mono\metadata\icall.c:1842:
C:\build\output\Unity-Technologies\mono\mono\metadata\icall.c:1842:
C:\build\output\Unity-Technologies\mono\mono\metadata\icall.c:1842:
C:\build\output\Unity-Technologies\mono\mono\metadata\icall.c:1842:
Symbol file LoadedFromMemory doesn't match image C:\Users\aaron\Documents\GitHub\Future-Alien-Drug-Game\Future-Alien-Drug-Game\Library\PackageCache\com.unity.visualscripting@1.8.0\Editor\VisualScripting.Core\Dependencies\YamlDotNet\Unity.VisualScripting.YamlDotNet.dll
Symbol file LoadedFromMemory doesn't match image C:\Users\aaron\Documents\GitHub\Future-Alien-Drug-Game\Future-Alien-Drug-Game\Library\PackageCache\com.unity.visualscripting@1.8.0\Editor\VisualScripting.Core\Dependencies\DotNetZip\Unity.VisualScripting.IonicZip.dll
- Loaded All Assemblies, in  0.751 seconds
Refreshing native plugins compatible for Editor in 0.89 ms, found 3 plugins.
Native extension for WindowsStandalone target not found
Mono: successfully reloaded assembly
- Finished resetting the current domain, in  0.821 seconds
Domain Reload Profiling: 1571ms
	BeginReloadAssembly (206ms)
		ExecutionOrderSort (0ms)
		DisableScriptedObjects (5ms)
		BackupInstance (0ms)
		ReleaseScriptingObjects (0ms)
		CreateAndSetChildDomain (54ms)
	RebuildCommonClasses (38ms)
	RebuildNativeTypeToScriptingClass (12ms)
	initialDomainReloadingComplete (32ms)
	LoadAllAssembliesAndSetupDomain (461ms)
		LoadAssemblies (403ms)
		RebuildTransferFunctionScriptingTraits (0ms)
		AnalyzeDomain (157ms)
			TypeCache.Refresh (7ms)
				TypeCache.ScanAssembly (0ms)
			BuildScriptInfoCaches (136ms)
			ResolveRequiredComponents (10ms)
	FinalizeReload (822ms)
		ReleaseScriptCaches (0ms)
		RebuildScriptCaches (0ms)
		SetupLoadedEditorAssemblies (589ms)
			LogAssemblyErrors (0ms)
			InitializePlatformSupportModulesInManaged (2ms)
			SetLoadedEditorAssemblies (6ms)
			BeforeProcessingInitializeOnLoad (133ms)
			ProcessInitializeOnLoadAttributes (403ms)
			ProcessInitializeOnLoadMethodAttributes (37ms)
			AfterProcessingInitializeOnLoad (8ms)
			EditorAssembliesLoaded (0ms)
		ExecutionOrderSort2 (0ms)
		AwakeInstancesAfterBackupRestoration (18ms)
Refreshing native plugins compatible for Editor in 0.80 ms, found 3 plugins.
Preloading 0 native plugins for Editor in 0.00 ms.
Unloading 23 Unused Serialized files (Serialized files now loaded: 0)
Unloading 5306 unused Assets / (5.5 MB). Loaded Objects now: 5995.
Memory consumption went from 218.4 MB to 212.8 MB.
Total: 11.357200 ms (FindLiveObjects: 1.045900 ms CreateObjectMapping: 0.938300 ms MarkObjects: 6.496000 ms  DeleteObjects: 2.875500 ms)

Prepare: number of updated asset objects reloaded= 0
========================================================================
Received Prepare
Refreshing native plugins compatible for Editor in 0.99 ms, found 3 plugins.
Preloading 0 native plugins for Editor in 0.00 ms.
Unloading 21 Unused Serialized files (Serialized files now loaded: 0)
Unloading 5298 unused Assets / (5.3 MB). Loaded Objects now: 5995.
Memory consumption went from 218.3 MB to 213.1 MB.
Total: 12.184200 ms (FindLiveObjects: 0.812100 ms CreateObjectMapping: 1.054000 ms MarkObjects: 6.829700 ms  DeleteObjects: 3.487200 ms)

Prepare: number of updated asset objects reloaded= 0
========================================================================
Received Prepare
Begin MonoManager ReloadAssembly
C:\build\output\Unity-Technologies\mono\mono\metadata\icall.c:1842:
C:\build\output\Unity-Technologies\mono\mono\metadata\icall.c:1842:
C:\build\output\Unity-Technologies\mono\mono\metadata\icall.c:1842:
C:\build\output\Unity-Technologies\mono\mono\metadata\icall.c:1842:
C:\build\output\Unity-Technologies\mono\mono\metadata\icall.c:1842:
C:\build\output\Unity-Technologies\mono\mono\metadata\icall.c:1842:
C:\build\output\Unity-Technologies\mono\mono\metadata\icall.c:1842:
C:\build\output\Unity-Technologies\mono\mono\metadata\icall.c:1842:
C:\build\output\Unity-Technologies\mono\mono\metadata\icall.c:1842:
C:\build\output\Unity-Technologies\mono\mono\metadata\icall.c:1842:
C:\build\output\Unity-Technologies\mono\mono\metadata\icall.c:1842:
C:\build\output\Unity-Technologies\mono\mono\metadata\icall.c:1842:
Symbol file LoadedFromMemory doesn't match image C:\Users\aaron\Documents\GitHub\Future-Alien-Drug-Game\Future-Alien-Drug-Game\Library\PackageCache\com.unity.visualscripting@1.8.0\Editor\VisualScripting.Core\Dependencies\YamlDotNet\Unity.VisualScripting.YamlDotNet.dll
Symbol file LoadedFromMemory doesn't match image C:\Users\aaron\Documents\GitHub\Future-Alien-Drug-Game\Future-Alien-Drug-Game\Library\PackageCache\com.unity.visualscripting@1.8.0\Editor\VisualScripting.Core\Dependencies\DotNetZip\Unity.VisualScripting.IonicZip.dll
- Loaded All Assemblies, in  0.760 seconds
Refreshing native plugins compatible for Editor in 0.71 ms, found 3 plugins.
Native extension for WindowsStandalone target not found
Mono: successfully reloaded assembly
- Finished resetting the current domain, in  0.826 seconds
Domain Reload Profiling: 1585ms
	BeginReloadAssembly (214ms)
		ExecutionOrderSort (0ms)
		DisableScriptedObjects (6ms)
		BackupInstance (0ms)
		ReleaseScriptingObjects (0ms)
		CreateAndSetChildDomain (56ms)
	RebuildCommonClasses (39ms)
	RebuildNativeTypeToScriptingClass (13ms)
	initialDomainReloadingComplete (28ms)
	LoadAllAssembliesAndSetupDomain (464ms)
		LoadAssemblies (402ms)
		RebuildTransferFunctionScriptingTraits (0ms)
		AnalyzeDomain (168ms)
			TypeCache.Refresh (13ms)
				TypeCache.ScanAssembly (2ms)
			BuildScriptInfoCaches (139ms)
			ResolveRequiredComponents (10ms)
	FinalizeReload (826ms)
		ReleaseScriptCaches (0ms)
		RebuildScriptCaches (0ms)
		SetupLoadedEditorAssemblies (586ms)
			LogAssemblyErrors (0ms)
			InitializePlatformSupportModulesInManaged (3ms)
			SetLoadedEditorAssemblies (7ms)
			BeforeProcessingInitializeOnLoad (131ms)
			ProcessInitializeOnLoadAttributes (400ms)
			ProcessInitializeOnLoadMethodAttributes (38ms)
			AfterProcessingInitializeOnLoad (6ms)
			EditorAssembliesLoaded (0ms)
		ExecutionOrderSort2 (0ms)
		AwakeInstancesAfterBackupRestoration (16ms)
Refreshing native plugins compatible for Editor in 0.97 ms, found 3 plugins.
Preloading 0 native plugins for Editor in 0.00 ms.
Unloading 23 Unused Serialized files (Serialized files now loaded: 0)
Unloading 5306 unused Assets / (4.8 MB). Loaded Objects now: 5995.
Memory consumption went from 220.3 MB to 215.5 MB.
Total: 10.168500 ms (FindLiveObjects: 0.974400 ms CreateObjectMapping: 1.127400 ms MarkObjects: 4.929300 ms  DeleteObjects: 3.136400 ms)

Prepare: number of updated asset objects reloaded= 0
========================================================================
Received Prepare
Begin MonoManager ReloadAssembly
C:\build\output\Unity-Technologies\mono\mono\metadata\icall.c:1842:
C:\build\output\Unity-Technologies\mono\mono\metadata\icall.c:1842:
C:\build\output\Unity-Technologies\mono\mono\metadata\icall.c:1842:
C:\build\output\Unity-Technologies\mono\mono\metadata\icall.c:1842:
C:\build\output\Unity-Technologies\mono\mono\metadata\icall.c:1842:
C:\build\output\Unity-Technologies\mono\mono\metadata\icall.c:1842:
C:\build\output\Unity-Technologies\mono\mono\metadata\icall.c:1842:
C:\build\output\Unity-Technologies\mono\mono\metadata\icall.c:1842:
C:\build\output\Unity-Technologies\mono\mono\metadata\icall.c:1842:
C:\build\output\Unity-Technologies\mono\mono\metadata\icall.c:1842:
C:\build\output\Unity-Technologies\mono\mono\metadata\icall.c:1842:
C:\build\output\Unity-Technologies\mono\mono\metadata\icall.c:1842:
Symbol file LoadedFromMemory doesn't match image C:\Users\aaron\Documents\GitHub\Future-Alien-Drug-Game\Future-Alien-Drug-Game\Library\PackageCache\com.unity.visualscripting@1.8.0\Editor\VisualScripting.Core\Dependencies\YamlDotNet\Unity.VisualScripting.YamlDotNet.dll
Symbol file LoadedFromMemory doesn't match image C:\Users\aaron\Documents\GitHub\Future-Alien-Drug-Game\Future-Alien-Drug-Game\Library\PackageCache\com.unity.visualscripting@1.8.0\Editor\VisualScripting.Core\Dependencies\DotNetZip\Unity.VisualScripting.IonicZip.dll
- Loaded All Assemblies, in  0.755 seconds
Refreshing native plugins compatible for Editor in 1.11 ms, found 3 plugins.
Native extension for WindowsStandalone target not found
Mono: successfully reloaded assembly
- Finished resetting the current domain, in  0.822 seconds
Domain Reload Profiling: 1577ms
	BeginReloadAssembly (204ms)
		ExecutionOrderSort (0ms)
		DisableScriptedObjects (6ms)
		BackupInstance (0ms)
		ReleaseScriptingObjects (0ms)
		CreateAndSetChildDomain (54ms)
	RebuildCommonClasses (41ms)
	RebuildNativeTypeToScriptingClass (14ms)
	initialDomainReloadingComplete (34ms)
	LoadAllAssembliesAndSetupDomain (462ms)
		LoadAssemblies (391ms)
		RebuildTransferFunctionScriptingTraits (0ms)
		AnalyzeDomain (172ms)
			TypeCache.Refresh (9ms)
				TypeCache.ScanAssembly (0ms)
			BuildScriptInfoCaches (145ms)
			ResolveRequiredComponents (12ms)
	FinalizeReload (822ms)
		ReleaseScriptCaches (0ms)
		RebuildScriptCaches (0ms)
		SetupLoadedEditorAssemblies (598ms)
			LogAssemblyErrors (0ms)
			InitializePlatformSupportModulesInManaged (2ms)
			SetLoadedEditorAssemblies (8ms)
			BeforeProcessingInitializeOnLoad (135ms)
			ProcessInitializeOnLoadAttributes (407ms)
			ProcessInitializeOnLoadMethodAttributes (38ms)
			AfterProcessingInitializeOnLoad (7ms)
			EditorAssembliesLoaded (0ms)
		ExecutionOrderSort2 (0ms)
		AwakeInstancesAfterBackupRestoration (19ms)
Refreshing native plugins compatible for Editor in 1.16 ms, found 3 plugins.
Preloading 0 native plugins for Editor in 0.00 ms.
Unloading 23 Unused Serialized files (Serialized files now loaded: 0)
Unloading 5306 unused Assets / (5.0 MB). Loaded Objects now: 5995.
Memory consumption went from 222.2 MB to 217.2 MB.
Total: 8.748700 ms (FindLiveObjects: 0.942400 ms CreateObjectMapping: 1.388400 ms MarkObjects: 3.947900 ms  DeleteObjects: 2.469000 ms)

Prepare: number of updated asset objects reloaded= 0
========================================================================
Received Prepare
Refreshing native plugins compatible for Editor in 1.31 ms, found 3 plugins.
Preloading 0 native plugins for Editor in 0.00 ms.
Unloading 21 Unused Serialized files (Serialized files now loaded: 0)
Unloading 5298 unused Assets / (5.1 MB). Loaded Objects now: 5995.
Memory consumption went from 222.2 MB to 217.1 MB.
Total: 13.127800 ms (FindLiveObjects: 1.173800 ms CreateObjectMapping: 1.400200 ms MarkObjects: 5.828300 ms  DeleteObjects: 4.723900 ms)

Prepare: number of updated asset objects reloaded= 0
========================================================================
Received Prepare
Refreshing native plugins compatible for Editor in 0.98 ms, found 3 plugins.
Preloading 0 native plugins for Editor in 0.00 ms.
Unloading 21 Unused Serialized files (Serialized files now loaded: 0)
Unloading 5298 unused Assets / (5.1 MB). Loaded Objects now: 5995.
Memory consumption went from 222.2 MB to 217.0 MB.
Total: 12.451900 ms (FindLiveObjects: 1.141400 ms CreateObjectMapping: 1.494600 ms MarkObjects: 6.365400 ms  DeleteObjects: 3.448900 ms)

Prepare: number of updated asset objects reloaded= 0
========================================================================
Received Prepare
Begin MonoManager ReloadAssembly
C:\build\output\Unity-Technologies\mono\mono\metadata\icall.c:1842:
C:\build\output\Unity-Technologies\mono\mono\metadata\icall.c:1842:
C:\build\output\Unity-Technologies\mono\mono\metadata\icall.c:1842:
C:\build\output\Unity-Technologies\mono\mono\metadata\icall.c:1842:
C:\build\output\Unity-Technologies\mono\mono\metadata\icall.c:1842:
C:\build\output\Unity-Technologies\mono\mono\metadata\icall.c:1842:
C:\build\output\Unity-Technologies\mono\mono\metadata\icall.c:1842:
C:\build\output\Unity-Technologies\mono\mono\metadata\icall.c:1842:
C:\build\output\Unity-Technologies\mono\mono\metadata\icall.c:1842:
C:\build\output\Unity-Technologies\mono\mono\metadata\icall.c:1842:
C:\build\output\Unity-Technologies\mono\mono\metadata\icall.c:1842:
C:\build\output\Unity-Technologies\mono\mono\metadata\icall.c:1842:
Symbol file LoadedFromMemory doesn't match image C:\Users\aaron\Documents\GitHub\Future-Alien-Drug-Game\Future-Alien-Drug-Game\Library\PackageCache\com.unity.visualscripting@1.8.0\Editor\VisualScripting.Core\Dependencies\YamlDotNet\Unity.VisualScripting.YamlDotNet.dll
Symbol file LoadedFromMemory doesn't match image C:\Users\aaron\Documents\GitHub\Future-Alien-Drug-Game\Future-Alien-Drug-Game\Library\PackageCache\com.unity.visualscripting@1.8.0\Editor\VisualScripting.Core\Dependencies\DotNetZip\Unity.VisualScripting.IonicZip.dll
- Loaded All Assemblies, in  1.001 seconds
Refreshing native plugins compatible for Editor in 0.82 ms, found 3 plugins.
Native extension for WindowsStandalone target not found
Mono: successfully reloaded assembly
- Finished resetting the current domain, in  0.796 seconds
Domain Reload Profiling: 1793ms
	BeginReloadAssembly (246ms)
		ExecutionOrderSort (0ms)
		DisableScriptedObjects (7ms)
		BackupInstance (0ms)
		ReleaseScriptingObjects (0ms)
		CreateAndSetChildDomain (62ms)
	RebuildCommonClasses (50ms)
	RebuildNativeTypeToScriptingClass (17ms)
	initialDomainReloadingComplete (40ms)
	LoadAllAssembliesAndSetupDomain (643ms)
		LoadAssemblies (596ms)
		RebuildTransferFunctionScriptingTraits (0ms)
		AnalyzeDomain (175ms)
			TypeCache.Refresh (8ms)
				TypeCache.ScanAssembly (1ms)
			BuildScriptInfoCaches (153ms)
			ResolveRequiredComponents (9ms)
	FinalizeReload (796ms)
		ReleaseScriptCaches (0ms)
		RebuildScriptCaches (0ms)
		SetupLoadedEditorAssemblies (569ms)
			LogAssemblyErrors (0ms)
			InitializePlatformSupportModulesInManaged (2ms)
			SetLoadedEditorAssemblies (8ms)
			BeforeProcessingInitializeOnLoad (130ms)
			ProcessInitializeOnLoadAttributes (387ms)
			ProcessInitializeOnLoadMethodAttributes (36ms)
			AfterProcessingInitializeOnLoad (7ms)
			EditorAssembliesLoaded (0ms)
		ExecutionOrderSort2 (0ms)
		AwakeInstancesAfterBackupRestoration (18ms)
Refreshing native plugins compatible for Editor in 1.78 ms, found 3 plugins.
Preloading 0 native plugins for Editor in 0.00 ms.
Unloading 23 Unused Serialized files (Serialized files now loaded: 0)
Unloading 5306 unused Assets / (5.2 MB). Loaded Objects now: 5995.
Memory consumption went from 224.1 MB to 218.9 MB.
Total: 15.204900 ms (FindLiveObjects: 1.089500 ms CreateObjectMapping: 1.086700 ms MarkObjects: 7.431000 ms  DeleteObjects: 5.595800 ms)

Prepare: number of updated asset objects reloaded= 0
========================================================================
Received Prepare
Refreshing native plugins compatible for Editor in 1.18 ms, found 3 plugins.
Preloading 0 native plugins for Editor in 0.00 ms.
Unloading 21 Unused Serialized files (Serialized files now loaded: 0)
Unloading 5298 unused Assets / (5.1 MB). Loaded Objects now: 5995.
Memory consumption went from 224.1 MB to 218.9 MB.
Total: 11.846200 ms (FindLiveObjects: 0.628400 ms CreateObjectMapping: 0.721700 ms MarkObjects: 6.559800 ms  DeleteObjects: 3.935300 ms)

Prepare: number of updated asset objects reloaded= 0
========================================================================
Received Prepare
Begin MonoManager ReloadAssembly
C:\build\output\Unity-Technologies\mono\mono\metadata\icall.c:1842:
C:\build\output\Unity-Technologies\mono\mono\metadata\icall.c:1842:
C:\build\output\Unity-Technologies\mono\mono\metadata\icall.c:1842:
C:\build\output\Unity-Technologies\mono\mono\metadata\icall.c:1842:
C:\build\output\Unity-Technologies\mono\mono\metadata\icall.c:1842:
C:\build\output\Unity-Technologies\mono\mono\metadata\icall.c:1842:
C:\build\output\Unity-Technologies\mono\mono\metadata\icall.c:1842:
C:\build\output\Unity-Technologies\mono\mono\metadata\icall.c:1842:
C:\build\output\Unity-Technologies\mono\mono\metadata\icall.c:1842:
C:\build\output\Unity-Technologies\mono\mono\metadata\icall.c:1842:
C:\build\output\Unity-Technologies\mono\mono\metadata\icall.c:1842:
C:\build\output\Unity-Technologies\mono\mono\metadata\icall.c:1842:
Symbol file LoadedFromMemory doesn't match image C:\Users\aaron\Documents\GitHub\Future-Alien-Drug-Game\Future-Alien-Drug-Game\Library\PackageCache\com.unity.visualscripting@1.8.0\Editor\VisualScripting.Core\Dependencies\YamlDotNet\Unity.VisualScripting.YamlDotNet.dll
Symbol file LoadedFromMemory doesn't match image C:\Users\aaron\Documents\GitHub\Future-Alien-Drug-Game\Future-Alien-Drug-Game\Library\PackageCache\com.unity.visualscripting@1.8.0\Editor\VisualScripting.Core\Dependencies\DotNetZip\Unity.VisualScripting.IonicZip.dll
- Loaded All Assemblies, in  0.762 seconds
Refreshing native plugins compatible for Editor in 1.15 ms, found 3 plugins.
Native extension for WindowsStandalone target not found
Mono: successfully reloaded assembly
- Finished resetting the current domain, in  0.846 seconds
Domain Reload Profiling: 1605ms
	BeginReloadAssembly (206ms)
		ExecutionOrderSort (0ms)
		DisableScriptedObjects (5ms)
		BackupInstance (0ms)
		ReleaseScriptingObjects (0ms)
		CreateAndSetChildDomain (51ms)
	RebuildCommonClasses (40ms)
	RebuildNativeTypeToScriptingClass (13ms)
	initialDomainReloadingComplete (33ms)
	LoadAllAssembliesAndSetupDomain (467ms)
		LoadAssemblies (416ms)
		RebuildTransferFunctionScriptingTraits (0ms)
		AnalyzeDomain (155ms)
			TypeCache.Refresh (10ms)
				TypeCache.ScanAssembly (1ms)
			BuildScriptInfoCaches (131ms)
			ResolveRequiredComponents (9ms)
	FinalizeReload (846ms)
		ReleaseScriptCaches (0ms)
		RebuildScriptCaches (0ms)
		SetupLoadedEditorAssemblies (613ms)
			LogAssemblyErrors (0ms)
			InitializePlatformSupportModulesInManaged (3ms)
			SetLoadedEditorAssemblies (7ms)
			BeforeProcessingInitializeOnLoad (148ms)
			ProcessInitializeOnLoadAttributes (410ms)
			ProcessInitializeOnLoadMethodAttributes (37ms)
			AfterProcessingInitializeOnLoad (7ms)
			EditorAssembliesLoaded (0ms)
		ExecutionOrderSort2 (0ms)
		AwakeInstancesAfterBackupRestoration (17ms)
Refreshing native plugins compatible for Editor in 1.01 ms, found 3 plugins.
Preloading 0 native plugins for Editor in 0.00 ms.
Unloading 23 Unused Serialized files (Serialized files now loaded: 0)
Unloading 5306 unused Assets / (5.7 MB). Loaded Objects now: 5995.
Memory consumption went from 226.0 MB to 220.3 MB.
Total: 10.344000 ms (FindLiveObjects: 1.007900 ms CreateObjectMapping: 1.035000 ms MarkObjects: 4.901200 ms  DeleteObjects: 3.398900 ms)

Prepare: number of updated asset objects reloaded= 0
========================================================================
Received Import Request.
  Time since last request: 1341.396400 seconds.
  path: Assets/Prefab/UI/PlaronSeedSlot.prefab
  artifactKey: Guid(2a8e84f26f9ef8b4a957670af636fc2e) Importer(815301076,1909f56bfc062723c751e8b465ee728b)
Start importing Assets/Prefab/UI/PlaronSeedSlot.prefab using Guid(2a8e84f26f9ef8b4a957670af636fc2e) Importer(815301076,1909f56bfc062723c751e8b465ee728b) (PreviewImporter) -> (artifact id: '597fcc0573cdc6de56cc138597d44c51') in 0.0766829 seconds
Number of updated asset objects reloaded before import = 0Number of asset objects unloaded after import = 26

========================================================================
Received Prepare
Refreshing native plugins compatible for Editor in 1.05 ms, found 3 plugins.
Preloading 0 native plugins for Editor in 0.00 ms.
Unloading 21 Unused Serialized files (Serialized files now loaded: 0)
Unloading 5298 unused Assets / (5.4 MB). Loaded Objects now: 5996.
Memory consumption went from 225.9 MB to 220.5 MB.
Total: 11.061100 ms (FindLiveObjects: 1.550600 ms CreateObjectMapping: 1.217000 ms MarkObjects: 5.269600 ms  DeleteObjects: 3.022900 ms)

Prepare: number of updated asset objects reloaded= 0
========================================================================
Received Prepare
Begin MonoManager ReloadAssembly
C:\build\output\Unity-Technologies\mono\mono\metadata\icall.c:1842:
C:\build\output\Unity-Technologies\mono\mono\metadata\icall.c:1842:
C:\build\output\Unity-Technologies\mono\mono\metadata\icall.c:1842:
C:\build\output\Unity-Technologies\mono\mono\metadata\icall.c:1842:
C:\build\output\Unity-Technologies\mono\mono\metadata\icall.c:1842:
C:\build\output\Unity-Technologies\mono\mono\metadata\icall.c:1842:
C:\build\output\Unity-Technologies\mono\mono\metadata\icall.c:1842:
C:\build\output\Unity-Technologies\mono\mono\metadata\icall.c:1842:
C:\build\output\Unity-Technologies\mono\mono\metadata\icall.c:1842:
C:\build\output\Unity-Technologies\mono\mono\metadata\icall.c:1842:
C:\build\output\Unity-Technologies\mono\mono\metadata\icall.c:1842:
C:\build\output\Unity-Technologies\mono\mono\metadata\icall.c:1842:
Symbol file LoadedFromMemory doesn't match image C:\Users\aaron\Documents\GitHub\Future-Alien-Drug-Game\Future-Alien-Drug-Game\Library\PackageCache\com.unity.visualscripting@1.8.0\Editor\VisualScripting.Core\Dependencies\YamlDotNet\Unity.VisualScripting.YamlDotNet.dll
Symbol file LoadedFromMemory doesn't match image C:\Users\aaron\Documents\GitHub\Future-Alien-Drug-Game\Future-Alien-Drug-Game\Library\PackageCache\com.unity.visualscripting@1.8.0\Editor\VisualScripting.Core\Dependencies\DotNetZip\Unity.VisualScripting.IonicZip.dll
- Loaded All Assemblies, in  0.779 seconds
Refreshing native plugins compatible for Editor in 0.65 ms, found 3 plugins.
Native extension for WindowsStandalone target not found
Mono: successfully reloaded assembly
- Finished resetting the current domain, in  0.834 seconds
Domain Reload Profiling: 1611ms
	BeginReloadAssembly (214ms)
		ExecutionOrderSort (0ms)
		DisableScriptedObjects (6ms)
		BackupInstance (0ms)
		ReleaseScriptingObjects (0ms)
		CreateAndSetChildDomain (59ms)
	RebuildCommonClasses (37ms)
	RebuildNativeTypeToScriptingClass (13ms)
	initialDomainReloadingComplete (34ms)
	LoadAllAssembliesAndSetupDomain (480ms)
		LoadAssemblies (413ms)
		RebuildTransferFunctionScriptingTraits (0ms)
		AnalyzeDomain (169ms)
			TypeCache.Refresh (11ms)
				TypeCache.ScanAssembly (1ms)
			BuildScriptInfoCaches (141ms)
			ResolveRequiredComponents (14ms)
	FinalizeReload (835ms)
		ReleaseScriptCaches (0ms)
		RebuildScriptCaches (0ms)
		SetupLoadedEditorAssemblies (599ms)
			LogAssemblyErrors (0ms)
			InitializePlatformSupportModulesInManaged (2ms)
			SetLoadedEditorAssemblies (8ms)
			BeforeProcessingInitializeOnLoad (144ms)
			ProcessInitializeOnLoadAttributes (394ms)
			ProcessInitializeOnLoadMethodAttributes (43ms)
			AfterProcessingInitializeOnLoad (7ms)
			EditorAssembliesLoaded (0ms)
		ExecutionOrderSort2 (0ms)
		AwakeInstancesAfterBackupRestoration (18ms)
Refreshing native plugins compatible for Editor in 0.83 ms, found 3 plugins.
Preloading 0 native plugins for Editor in 0.00 ms.
Unloading 23 Unused Serialized files (Serialized files now loaded: 0)
Unloading 5306 unused Assets / (5.5 MB). Loaded Objects now: 5996.
Memory consumption went from 228.0 MB to 222.5 MB.
Total: 11.983700 ms (FindLiveObjects: 1.303900 ms CreateObjectMapping: 1.723400 ms MarkObjects: 5.570000 ms  DeleteObjects: 3.385000 ms)

Prepare: number of updated asset objects reloaded= 0
========================================================================
Received Prepare
Begin MonoManager ReloadAssembly
C:\build\output\Unity-Technologies\mono\mono\metadata\icall.c:1842:
C:\build\output\Unity-Technologies\mono\mono\metadata\icall.c:1842:
C:\build\output\Unity-Technologies\mono\mono\metadata\icall.c:1842:
C:\build\output\Unity-Technologies\mono\mono\metadata\icall.c:1842:
C:\build\output\Unity-Technologies\mono\mono\metadata\icall.c:1842:
C:\build\output\Unity-Technologies\mono\mono\metadata\icall.c:1842:
C:\build\output\Unity-Technologies\mono\mono\metadata\icall.c:1842:
C:\build\output\Unity-Technologies\mono\mono\metadata\icall.c:1842:
C:\build\output\Unity-Technologies\mono\mono\metadata\icall.c:1842:
C:\build\output\Unity-Technologies\mono\mono\metadata\icall.c:1842:
C:\build\output\Unity-Technologies\mono\mono\metadata\icall.c:1842:
C:\build\output\Unity-Technologies\mono\mono\metadata\icall.c:1842:
Symbol file LoadedFromMemory doesn't match image C:\Users\aaron\Documents\GitHub\Future-Alien-Drug-Game\Future-Alien-Drug-Game\Library\PackageCache\com.unity.visualscripting@1.8.0\Editor\VisualScripting.Core\Dependencies\YamlDotNet\Unity.VisualScripting.YamlDotNet.dll
Symbol file LoadedFromMemory doesn't match image C:\Users\aaron\Documents\GitHub\Future-Alien-Drug-Game\Future-Alien-Drug-Game\Library\PackageCache\com.unity.visualscripting@1.8.0\Editor\VisualScripting.Core\Dependencies\DotNetZip\Unity.VisualScripting.IonicZip.dll
- Loaded All Assemblies, in  0.772 seconds
Refreshing native plugins compatible for Editor in 1.77 ms, found 3 plugins.
Native extension for WindowsStandalone target not found
Mono: successfully reloaded assembly
- Finished resetting the current domain, in  0.880 seconds
Domain Reload Profiling: 1651ms
	BeginReloadAssembly (213ms)
		ExecutionOrderSort (0ms)
		DisableScriptedObjects (6ms)
		BackupInstance (0ms)
		ReleaseScriptingObjects (0ms)
		CreateAndSetChildDomain (57ms)
	RebuildCommonClasses (40ms)
	RebuildNativeTypeToScriptingClass (16ms)
	initialDomainReloadingComplete (31ms)
	LoadAllAssembliesAndSetupDomain (471ms)
		LoadAssemblies (406ms)
		RebuildTransferFunctionScriptingTraits (0ms)
		AnalyzeDomain (168ms)
			TypeCache.Refresh (9ms)
				TypeCache.ScanAssembly (0ms)
			BuildScriptInfoCaches (144ms)
			ResolveRequiredComponents (10ms)
	FinalizeReload (880ms)
		ReleaseScriptCaches (0ms)
		RebuildScriptCaches (0ms)
		SetupLoadedEditorAssemblies (608ms)
			LogAssemblyErrors (0ms)
			InitializePlatformSupportModulesInManaged (3ms)
			SetLoadedEditorAssemblies (8ms)
			BeforeProcessingInitializeOnLoad (139ms)
			ProcessInitializeOnLoadAttributes (406ms)
			ProcessInitializeOnLoadMethodAttributes (42ms)
			AfterProcessingInitializeOnLoad (9ms)
			EditorAssembliesLoaded (1ms)
		ExecutionOrderSort2 (0ms)
		AwakeInstancesAfterBackupRestoration (23ms)
Refreshing native plugins compatible for Editor in 1.05 ms, found 3 plugins.
Preloading 0 native plugins for Editor in 0.00 ms.
Unloading 23 Unused Serialized files (Serialized files now loaded: 0)
Unloading 5306 unused Assets / (6.2 MB). Loaded Objects now: 5996.
Memory consumption went from 229.9 MB to 223.7 MB.
Total: 12.126100 ms (FindLiveObjects: 2.049600 ms CreateObjectMapping: 1.410300 ms MarkObjects: 5.025700 ms  DeleteObjects: 3.639500 ms)

Prepare: number of updated asset objects reloaded= 0
========================================================================
Received Prepare
Begin MonoManager ReloadAssembly
C:\build\output\Unity-Technologies\mono\mono\metadata\icall.c:1842:
C:\build\output\Unity-Technologies\mono\mono\metadata\icall.c:1842:
C:\build\output\Unity-Technologies\mono\mono\metadata\icall.c:1842:
C:\build\output\Unity-Technologies\mono\mono\metadata\icall.c:1842:
C:\build\output\Unity-Technologies\mono\mono\metadata\icall.c:1842:
C:\build\output\Unity-Technologies\mono\mono\metadata\icall.c:1842:
C:\build\output\Unity-Technologies\mono\mono\metadata\icall.c:1842:
C:\build\output\Unity-Technologies\mono\mono\metadata\icall.c:1842:
C:\build\output\Unity-Technologies\mono\mono\metadata\icall.c:1842:
C:\build\output\Unity-Technologies\mono\mono\metadata\icall.c:1842:
C:\build\output\Unity-Technologies\mono\mono\metadata\icall.c:1842:
C:\build\output\Unity-Technologies\mono\mono\metadata\icall.c:1842:
Symbol file LoadedFromMemory doesn't match image C:\Users\aaron\Documents\GitHub\Future-Alien-Drug-Game\Future-Alien-Drug-Game\Library\PackageCache\com.unity.visualscripting@1.8.0\Editor\VisualScripting.Core\Dependencies\YamlDotNet\Unity.VisualScripting.YamlDotNet.dll
Symbol file LoadedFromMemory doesn't match image C:\Users\aaron\Documents\GitHub\Future-Alien-Drug-Game\Future-Alien-Drug-Game\Library\PackageCache\com.unity.visualscripting@1.8.0\Editor\VisualScripting.Core\Dependencies\DotNetZip\Unity.VisualScripting.IonicZip.dll
- Loaded All Assemblies, in  0.923 seconds
Refreshing native plugins compatible for Editor in 0.80 ms, found 3 plugins.
Native extension for WindowsStandalone target not found
Mono: successfully reloaded assembly
- Finished resetting the current domain, in  0.845 seconds
Domain Reload Profiling: 1766ms
	BeginReloadAssembly (332ms)
		ExecutionOrderSort (0ms)
		DisableScriptedObjects (6ms)
		BackupInstance (0ms)
		ReleaseScriptingObjects (0ms)
		CreateAndSetChildDomain (128ms)
	RebuildCommonClasses (52ms)
	RebuildNativeTypeToScriptingClass (15ms)
	initialDomainReloadingComplete (39ms)
	LoadAllAssembliesAndSetupDomain (483ms)
		LoadAssemblies (463ms)
		RebuildTransferFunctionScriptingTraits (0ms)
		AnalyzeDomain (165ms)
			TypeCache.Refresh (6ms)
				TypeCache.ScanAssembly (0ms)
			BuildScriptInfoCaches (143ms)
			ResolveRequiredComponents (11ms)
	FinalizeReload (845ms)
		ReleaseScriptCaches (0ms)
		RebuildScriptCaches (0ms)
		SetupLoadedEditorAssemblies (622ms)
			LogAssemblyErrors (0ms)
			InitializePlatformSupportModulesInManaged (2ms)
			SetLoadedEditorAssemblies (7ms)
			BeforeProcessingInitializeOnLoad (144ms)
			ProcessInitializeOnLoadAttributes (419ms)
			ProcessInitializeOnLoadMethodAttributes (39ms)
			AfterProcessingInitializeOnLoad (10ms)
			EditorAssembliesLoaded (0ms)
		ExecutionOrderSort2 (0ms)
		AwakeInstancesAfterBackupRestoration (16ms)
Refreshing native plugins compatible for Editor in 1.03 ms, found 3 plugins.
Preloading 0 native plugins for Editor in 0.00 ms.
Unloading 23 Unused Serialized files (Serialized files now loaded: 0)
Unloading 5306 unused Assets / (5.5 MB). Loaded Objects now: 5996.
Memory consumption went from 231.8 MB to 226.3 MB.
Total: 11.202400 ms (FindLiveObjects: 0.596700 ms CreateObjectMapping: 0.673500 ms MarkObjects: 4.664400 ms  DeleteObjects: 5.266800 ms)

Prepare: number of updated asset objects reloaded= 0
========================================================================
Received Prepare
Begin MonoManager ReloadAssembly
C:\build\output\Unity-Technologies\mono\mono\metadata\icall.c:1842:
C:\build\output\Unity-Technologies\mono\mono\metadata\icall.c:1842:
C:\build\output\Unity-Technologies\mono\mono\metadata\icall.c:1842:
C:\build\output\Unity-Technologies\mono\mono\metadata\icall.c:1842:
C:\build\output\Unity-Technologies\mono\mono\metadata\icall.c:1842:
C:\build\output\Unity-Technologies\mono\mono\metadata\icall.c:1842:
C:\build\output\Unity-Technologies\mono\mono\metadata\icall.c:1842:
C:\build\output\Unity-Technologies\mono\mono\metadata\icall.c:1842:
C:\build\output\Unity-Technologies\mono\mono\metadata\icall.c:1842:
C:\build\output\Unity-Technologies\mono\mono\metadata\icall.c:1842:
C:\build\output\Unity-Technologies\mono\mono\metadata\icall.c:1842:
C:\build\output\Unity-Technologies\mono\mono\metadata\icall.c:1842:
Symbol file LoadedFromMemory doesn't match image C:\Users\aaron\Documents\GitHub\Future-Alien-Drug-Game\Future-Alien-Drug-Game\Library\PackageCache\com.unity.visualscripting@1.8.0\Editor\VisualScripting.Core\Dependencies\YamlDotNet\Unity.VisualScripting.YamlDotNet.dll
Symbol file LoadedFromMemory doesn't match image C:\Users\aaron\Documents\GitHub\Future-Alien-Drug-Game\Future-Alien-Drug-Game\Library\PackageCache\com.unity.visualscripting@1.8.0\Editor\VisualScripting.Core\Dependencies\DotNetZip\Unity.VisualScripting.IonicZip.dll
- Loaded All Assemblies, in  0.755 seconds
Refreshing native plugins compatible for Editor in 0.87 ms, found 3 plugins.
Native extension for WindowsStandalone target not found
Mono: successfully reloaded assembly
- Finished resetting the current domain, in  0.806 seconds
Domain Reload Profiling: 1559ms
	BeginReloadAssembly (211ms)
		ExecutionOrderSort (0ms)
		DisableScriptedObjects (6ms)
		BackupInstance (0ms)
		ReleaseScriptingObjects (0ms)
		CreateAndSetChildDomain (55ms)
	RebuildCommonClasses (39ms)
	RebuildNativeTypeToScriptingClass (14ms)
	initialDomainReloadingComplete (34ms)
	LoadAllAssembliesAndSetupDomain (455ms)
		LoadAssemblies (411ms)
		RebuildTransferFunctionScriptingTraits (0ms)
		AnalyzeDomain (151ms)
			TypeCache.Refresh (7ms)
				TypeCache.ScanAssembly (0ms)
			BuildScriptInfoCaches (130ms)
			ResolveRequiredComponents (9ms)
	FinalizeReload (806ms)
		ReleaseScriptCaches (0ms)
		RebuildScriptCaches (0ms)
		SetupLoadedEditorAssemblies (573ms)
			LogAssemblyErrors (0ms)
			InitializePlatformSupportModulesInManaged (2ms)
			SetLoadedEditorAssemblies (7ms)
			BeforeProcessingInitializeOnLoad (137ms)
			ProcessInitializeOnLoadAttributes (382ms)
			ProcessInitializeOnLoadMethodAttributes (38ms)
			AfterProcessingInitializeOnLoad (6ms)
			EditorAssembliesLoaded (0ms)
		ExecutionOrderSort2 (0ms)
		AwakeInstancesAfterBackupRestoration (17ms)
Refreshing native plugins compatible for Editor in 0.81 ms, found 3 plugins.
Preloading 0 native plugins for Editor in 0.00 ms.
Unloading 23 Unused Serialized files (Serialized files now loaded: 0)
Unloading 5306 unused Assets / (4.5 MB). Loaded Objects now: 5996.
Memory consumption went from 233.7 MB to 229.2 MB.
Total: 11.789500 ms (FindLiveObjects: 0.650800 ms CreateObjectMapping: 0.770700 ms MarkObjects: 5.395400 ms  DeleteObjects: 4.971600 ms)

Prepare: number of updated asset objects reloaded= 0
========================================================================
Received Prepare
Begin MonoManager ReloadAssembly
C:\build\output\Unity-Technologies\mono\mono\metadata\icall.c:1842:
C:\build\output\Unity-Technologies\mono\mono\metadata\icall.c:1842:
C:\build\output\Unity-Technologies\mono\mono\metadata\icall.c:1842:
C:\build\output\Unity-Technologies\mono\mono\metadata\icall.c:1842:
C:\build\output\Unity-Technologies\mono\mono\metadata\icall.c:1842:
C:\build\output\Unity-Technologies\mono\mono\metadata\icall.c:1842:
C:\build\output\Unity-Technologies\mono\mono\metadata\icall.c:1842:
C:\build\output\Unity-Technologies\mono\mono\metadata\icall.c:1842:
C:\build\output\Unity-Technologies\mono\mono\metadata\icall.c:1842:
C:\build\output\Unity-Technologies\mono\mono\metadata\icall.c:1842:
C:\build\output\Unity-Technologies\mono\mono\metadata\icall.c:1842:
C:\build\output\Unity-Technologies\mono\mono\metadata\icall.c:1842:
Symbol file LoadedFromMemory doesn't match image C:\Users\aaron\Documents\GitHub\Future-Alien-Drug-Game\Future-Alien-Drug-Game\Library\PackageCache\com.unity.visualscripting@1.8.0\Editor\VisualScripting.Core\Dependencies\YamlDotNet\Unity.VisualScripting.YamlDotNet.dll
Symbol file LoadedFromMemory doesn't match image C:\Users\aaron\Documents\GitHub\Future-Alien-Drug-Game\Future-Alien-Drug-Game\Library\PackageCache\com.unity.visualscripting@1.8.0\Editor\VisualScripting.Core\Dependencies\DotNetZip\Unity.VisualScripting.IonicZip.dll
- Loaded All Assemblies, in  0.743 seconds
Refreshing native plugins compatible for Editor in 0.78 ms, found 3 plugins.
Native extension for WindowsStandalone target not found
Mono: successfully reloaded assembly
- Finished resetting the current domain, in  0.830 seconds
Domain Reload Profiling: 1571ms
	BeginReloadAssembly (201ms)
		ExecutionOrderSort (0ms)
		DisableScriptedObjects (6ms)
		BackupInstance (0ms)
		ReleaseScriptingObjects (0ms)
		CreateAndSetChildDomain (52ms)
	RebuildCommonClasses (37ms)
	RebuildNativeTypeToScriptingClass (11ms)
	initialDomainReloadingComplete (34ms)
	LoadAllAssembliesAndSetupDomain (457ms)
		LoadAssemblies (394ms)
		RebuildTransferFunctionScriptingTraits (0ms)
		AnalyzeDomain (163ms)
			TypeCache.Refresh (8ms)
				TypeCache.ScanAssembly (0ms)
			BuildScriptInfoCaches (141ms)
			ResolveRequiredComponents (11ms)
	FinalizeReload (831ms)
		ReleaseScriptCaches (0ms)
		RebuildScriptCaches (0ms)
		SetupLoadedEditorAssemblies (606ms)
			LogAssemblyErrors (0ms)
			InitializePlatformSupportModulesInManaged (2ms)
			SetLoadedEditorAssemblies (7ms)
			BeforeProcessingInitializeOnLoad (149ms)
			ProcessInitializeOnLoadAttributes (404ms)
			ProcessInitializeOnLoadMethodAttributes (37ms)
			AfterProcessingInitializeOnLoad (7ms)
			EditorAssembliesLoaded (0ms)
		ExecutionOrderSort2 (0ms)
		AwakeInstancesAfterBackupRestoration (17ms)
Refreshing native plugins compatible for Editor in 0.81 ms, found 3 plugins.
Preloading 0 native plugins for Editor in 0.00 ms.
Unloading 23 Unused Serialized files (Serialized files now loaded: 0)
Unloading 5306 unused Assets / (5.2 MB). Loaded Objects now: 5996.
Memory consumption went from 235.7 MB to 230.4 MB.
Total: 9.188700 ms (FindLiveObjects: 0.602200 ms CreateObjectMapping: 0.656000 ms MarkObjects: 5.401500 ms  DeleteObjects: 2.527800 ms)

Prepare: number of updated asset objects reloaded= 0
========================================================================
Received Prepare
Refreshing native plugins compatible for Editor in 1.04 ms, found 3 plugins.
Preloading 0 native plugins for Editor in 0.00 ms.
Unloading 21 Unused Serialized files (Serialized files now loaded: 0)
Unloading 5298 unused Assets / (5.2 MB). Loaded Objects now: 5996.
Memory consumption went from 235.6 MB to 230.5 MB.
Total: 9.905300 ms (FindLiveObjects: 0.694700 ms CreateObjectMapping: 0.934800 ms MarkObjects: 5.274900 ms  DeleteObjects: 3.000000 ms)

Prepare: number of updated asset objects reloaded= 0
========================================================================
Received Prepare
Begin MonoManager ReloadAssembly
C:\build\output\Unity-Technologies\mono\mono\metadata\icall.c:1842:
C:\build\output\Unity-Technologies\mono\mono\metadata\icall.c:1842:
C:\build\output\Unity-Technologies\mono\mono\metadata\icall.c:1842:
C:\build\output\Unity-Technologies\mono\mono\metadata\icall.c:1842:
C:\build\output\Unity-Technologies\mono\mono\metadata\icall.c:1842:
C:\build\output\Unity-Technologies\mono\mono\metadata\icall.c:1842:
C:\build\output\Unity-Technologies\mono\mono\metadata\icall.c:1842:
C:\build\output\Unity-Technologies\mono\mono\metadata\icall.c:1842:
C:\build\output\Unity-Technologies\mono\mono\metadata\icall.c:1842:
C:\build\output\Unity-Technologies\mono\mono\metadata\icall.c:1842:
C:\build\output\Unity-Technologies\mono\mono\metadata\icall.c:1842:
C:\build\output\Unity-Technologies\mono\mono\metadata\icall.c:1842:
Symbol file LoadedFromMemory doesn't match image C:\Users\aaron\Documents\GitHub\Future-Alien-Drug-Game\Future-Alien-Drug-Game\Library\PackageCache\com.unity.visualscripting@1.8.0\Editor\VisualScripting.Core\Dependencies\YamlDotNet\Unity.VisualScripting.YamlDotNet.dll
Symbol file LoadedFromMemory doesn't match image C:\Users\aaron\Documents\GitHub\Future-Alien-Drug-Game\Future-Alien-Drug-Game\Library\PackageCache\com.unity.visualscripting@1.8.0\Editor\VisualScripting.Core\Dependencies\DotNetZip\Unity.VisualScripting.IonicZip.dll
- Loaded All Assemblies, in  0.726 seconds
Refreshing native plugins compatible for Editor in 1.11 ms, found 3 plugins.
Native extension for WindowsStandalone target not found
Mono: successfully reloaded assembly
- Finished resetting the current domain, in  0.788 seconds
Domain Reload Profiling: 1513ms
	BeginReloadAssembly (199ms)
		ExecutionOrderSort (0ms)
		DisableScriptedObjects (5ms)
		BackupInstance (0ms)
		ReleaseScriptingObjects (0ms)
		CreateAndSetChildDomain (53ms)
	RebuildCommonClasses (35ms)
	RebuildNativeTypeToScriptingClass (11ms)
	initialDomainReloadingComplete (32ms)
	LoadAllAssembliesAndSetupDomain (448ms)
		LoadAssemblies (387ms)
		RebuildTransferFunctionScriptingTraits (0ms)
		AnalyzeDomain (158ms)
			TypeCache.Refresh (10ms)
				TypeCache.ScanAssembly (1ms)
			BuildScriptInfoCaches (135ms)
			ResolveRequiredComponents (9ms)
	FinalizeReload (788ms)
		ReleaseScriptCaches (0ms)
		RebuildScriptCaches (0ms)
		SetupLoadedEditorAssemblies (568ms)
			LogAssemblyErrors (0ms)
			InitializePlatformSupportModulesInManaged (2ms)
			SetLoadedEditorAssemblies (10ms)
			BeforeProcessingInitializeOnLoad (128ms)
			ProcessInitializeOnLoadAttributes (385ms)
			ProcessInitializeOnLoadMethodAttributes (36ms)
			AfterProcessingInitializeOnLoad (7ms)
			EditorAssembliesLoaded (0ms)
		ExecutionOrderSort2 (0ms)
		AwakeInstancesAfterBackupRestoration (18ms)
Refreshing native plugins compatible for Editor in 1.09 ms, found 3 plugins.
Preloading 0 native plugins for Editor in 0.00 ms.
Unloading 23 Unused Serialized files (Serialized files now loaded: 0)
Unloading 5306 unused Assets / (5.6 MB). Loaded Objects now: 5996.
Memory consumption went from 237.6 MB to 232.0 MB.
Total: 11.798900 ms (FindLiveObjects: 0.607500 ms CreateObjectMapping: 0.684000 ms MarkObjects: 5.358700 ms  DeleteObjects: 5.147900 ms)

Prepare: number of updated asset objects reloaded= 0
========================================================================
Received Prepare
Begin MonoManager ReloadAssembly
C:\build\output\Unity-Technologies\mono\mono\metadata\icall.c:1842:
C:\build\output\Unity-Technologies\mono\mono\metadata\icall.c:1842:
C:\build\output\Unity-Technologies\mono\mono\metadata\icall.c:1842:
C:\build\output\Unity-Technologies\mono\mono\metadata\icall.c:1842:
C:\build\output\Unity-Technologies\mono\mono\metadata\icall.c:1842:
C:\build\output\Unity-Technologies\mono\mono\metadata\icall.c:1842:
C:\build\output\Unity-Technologies\mono\mono\metadata\icall.c:1842:
C:\build\output\Unity-Technologies\mono\mono\metadata\icall.c:1842:
C:\build\output\Unity-Technologies\mono\mono\metadata\icall.c:1842:
C:\build\output\Unity-Technologies\mono\mono\metadata\icall.c:1842:
C:\build\output\Unity-Technologies\mono\mono\metadata\icall.c:1842:
C:\build\output\Unity-Technologies\mono\mono\metadata\icall.c:1842:
Symbol file LoadedFromMemory doesn't match image C:\Users\aaron\Documents\GitHub\Future-Alien-Drug-Game\Future-Alien-Drug-Game\Library\PackageCache\com.unity.visualscripting@1.8.0\Editor\VisualScripting.Core\Dependencies\YamlDotNet\Unity.VisualScripting.YamlDotNet.dll
Symbol file LoadedFromMemory doesn't match image C:\Users\aaron\Documents\GitHub\Future-Alien-Drug-Game\Future-Alien-Drug-Game\Library\PackageCache\com.unity.visualscripting@1.8.0\Editor\VisualScripting.Core\Dependencies\DotNetZip\Unity.VisualScripting.IonicZip.dll
- Loaded All Assemblies, in  0.750 seconds
Refreshing native plugins compatible for Editor in 0.73 ms, found 3 plugins.
Native extension for WindowsStandalone target not found
Mono: successfully reloaded assembly
- Finished resetting the current domain, in  0.824 seconds
Domain Reload Profiling: 1576ms
	BeginReloadAssembly (217ms)
		ExecutionOrderSort (0ms)
		DisableScriptedObjects (4ms)
		BackupInstance (0ms)
		ReleaseScriptingObjects (0ms)
		CreateAndSetChildDomain (55ms)
	RebuildCommonClasses (36ms)
	RebuildNativeTypeToScriptingClass (13ms)
	initialDomainReloadingComplete (31ms)
	LoadAllAssembliesAndSetupDomain (454ms)
		LoadAssemblies (402ms)
		RebuildTransferFunctionScriptingTraits (0ms)
		AnalyzeDomain (160ms)
			TypeCache.Refresh (9ms)
				TypeCache.ScanAssembly (0ms)
			BuildScriptInfoCaches (137ms)
			ResolveRequiredComponents (11ms)
	FinalizeReload (824ms)
		ReleaseScriptCaches (0ms)
		RebuildScriptCaches (0ms)
		SetupLoadedEditorAssemblies (587ms)
			LogAssemblyErrors (0ms)
			InitializePlatformSupportModulesInManaged (3ms)
			SetLoadedEditorAssemblies (7ms)
			BeforeProcessingInitializeOnLoad (123ms)
			ProcessInitializeOnLoadAttributes (408ms)
			ProcessInitializeOnLoadMethodAttributes (38ms)
			AfterProcessingInitializeOnLoad (8ms)
			EditorAssembliesLoaded (0ms)
		ExecutionOrderSort2 (0ms)
		AwakeInstancesAfterBackupRestoration (17ms)
Refreshing native plugins compatible for Editor in 0.78 ms, found 3 plugins.
Preloading 0 native plugins for Editor in 0.00 ms.
Unloading 23 Unused Serialized files (Serialized files now loaded: 0)
Unloading 5306 unused Assets / (4.8 MB). Loaded Objects now: 5996.
Memory consumption went from 239.5 MB to 234.7 MB.
Total: 9.927600 ms (FindLiveObjects: 0.632800 ms CreateObjectMapping: 0.722100 ms MarkObjects: 6.088500 ms  DeleteObjects: 2.482700 ms)

Prepare: number of updated asset objects reloaded= 0
========================================================================
Received Prepare
Refreshing native plugins compatible for Editor in 1.15 ms, found 3 plugins.
Preloading 0 native plugins for Editor in 0.00 ms.
Unloading 21 Unused Serialized files (Serialized files now loaded: 0)
Unloading 5298 unused Assets / (5.1 MB). Loaded Objects now: 5996.
Memory consumption went from 239.5 MB to 234.4 MB.
Total: 14.812800 ms (FindLiveObjects: 0.582500 ms CreateObjectMapping: 0.761300 ms MarkObjects: 10.015900 ms  DeleteObjects: 3.452100 ms)

Prepare: number of updated asset objects reloaded= 0
========================================================================
Received Prepare
Begin MonoManager ReloadAssembly
C:\build\output\Unity-Technologies\mono\mono\metadata\icall.c:1842:
C:\build\output\Unity-Technologies\mono\mono\metadata\icall.c:1842:
C:\build\output\Unity-Technologies\mono\mono\metadata\icall.c:1842:
C:\build\output\Unity-Technologies\mono\mono\metadata\icall.c:1842:
C:\build\output\Unity-Technologies\mono\mono\metadata\icall.c:1842:
C:\build\output\Unity-Technologies\mono\mono\metadata\icall.c:1842:
C:\build\output\Unity-Technologies\mono\mono\metadata\icall.c:1842:
C:\build\output\Unity-Technologies\mono\mono\metadata\icall.c:1842:
C:\build\output\Unity-Technologies\mono\mono\metadata\icall.c:1842:
C:\build\output\Unity-Technologies\mono\mono\metadata\icall.c:1842:
C:\build\output\Unity-Technologies\mono\mono\metadata\icall.c:1842:
C:\build\output\Unity-Technologies\mono\mono\metadata\icall.c:1842:
Symbol file LoadedFromMemory doesn't match image C:\Users\aaron\Documents\GitHub\Future-Alien-Drug-Game\Future-Alien-Drug-Game\Library\PackageCache\com.unity.visualscripting@1.8.0\Editor\VisualScripting.Core\Dependencies\YamlDotNet\Unity.VisualScripting.YamlDotNet.dll
Symbol file LoadedFromMemory doesn't match image C:\Users\aaron\Documents\GitHub\Future-Alien-Drug-Game\Future-Alien-Drug-Game\Library\PackageCache\com.unity.visualscripting@1.8.0\Editor\VisualScripting.Core\Dependencies\DotNetZip\Unity.VisualScripting.IonicZip.dll
- Loaded All Assemblies, in  0.771 seconds
Refreshing native plugins compatible for Editor in 0.69 ms, found 3 plugins.
Native extension for WindowsStandalone target not found
Mono: successfully reloaded assembly
- Finished resetting the current domain, in  0.782 seconds
Domain Reload Profiling: 1550ms
	BeginReloadAssembly (209ms)
		ExecutionOrderSort (0ms)
		DisableScriptedObjects (5ms)
		BackupInstance (0ms)
		ReleaseScriptingObjects (0ms)
		CreateAndSetChildDomain (59ms)
	RebuildCommonClasses (35ms)
	RebuildNativeTypeToScriptingClass (13ms)
	initialDomainReloadingComplete (34ms)
	LoadAllAssembliesAndSetupDomain (476ms)
		LoadAssemblies (399ms)
		RebuildTransferFunctionScriptingTraits (0ms)
		AnalyzeDomain (177ms)
			TypeCache.Refresh (10ms)
				TypeCache.ScanAssembly (1ms)
			BuildScriptInfoCaches (151ms)
			ResolveRequiredComponents (11ms)
	FinalizeReload (782ms)
		ReleaseScriptCaches (0ms)
		RebuildScriptCaches (0ms)
		SetupLoadedEditorAssemblies (568ms)
			LogAssemblyErrors (0ms)
			InitializePlatformSupportModulesInManaged (2ms)
			SetLoadedEditorAssemblies (9ms)
			BeforeProcessingInitializeOnLoad (128ms)
			ProcessInitializeOnLoadAttributes (387ms)
			ProcessInitializeOnLoadMethodAttributes (36ms)
			AfterProcessingInitializeOnLoad (6ms)
			EditorAssembliesLoaded (0ms)
		ExecutionOrderSort2 (0ms)
		AwakeInstancesAfterBackupRestoration (20ms)
Refreshing native plugins compatible for Editor in 0.76 ms, found 3 plugins.
Preloading 0 native plugins for Editor in 0.00 ms.
Unloading 23 Unused Serialized files (Serialized files now loaded: 0)
Unloading 5306 unused Assets / (5.2 MB). Loaded Objects now: 5996.
Memory consumption went from 241.4 MB to 236.3 MB.
Total: 8.228100 ms (FindLiveObjects: 0.742900 ms CreateObjectMapping: 0.829900 ms MarkObjects: 3.928200 ms  DeleteObjects: 2.726300 ms)

Prepare: number of updated asset objects reloaded= 0
========================================================================
Received Prepare
Begin MonoManager ReloadAssembly
C:\build\output\Unity-Technologies\mono\mono\metadata\icall.c:1842:
C:\build\output\Unity-Technologies\mono\mono\metadata\icall.c:1842:
C:\build\output\Unity-Technologies\mono\mono\metadata\icall.c:1842:
C:\build\output\Unity-Technologies\mono\mono\metadata\icall.c:1842:
C:\build\output\Unity-Technologies\mono\mono\metadata\icall.c:1842:
C:\build\output\Unity-Technologies\mono\mono\metadata\icall.c:1842:
C:\build\output\Unity-Technologies\mono\mono\metadata\icall.c:1842:
C:\build\output\Unity-Technologies\mono\mono\metadata\icall.c:1842:
C:\build\output\Unity-Technologies\mono\mono\metadata\icall.c:1842:
C:\build\output\Unity-Technologies\mono\mono\metadata\icall.c:1842:
C:\build\output\Unity-Technologies\mono\mono\metadata\icall.c:1842:
C:\build\output\Unity-Technologies\mono\mono\metadata\icall.c:1842:
Symbol file LoadedFromMemory doesn't match image C:\Users\aaron\Documents\GitHub\Future-Alien-Drug-Game\Future-Alien-Drug-Game\Library\PackageCache\com.unity.visualscripting@1.8.0\Editor\VisualScripting.Core\Dependencies\YamlDotNet\Unity.VisualScripting.YamlDotNet.dll
Symbol file LoadedFromMemory doesn't match image C:\Users\aaron\Documents\GitHub\Future-Alien-Drug-Game\Future-Alien-Drug-Game\Library\PackageCache\com.unity.visualscripting@1.8.0\Editor\VisualScripting.Core\Dependencies\DotNetZip\Unity.VisualScripting.IonicZip.dll
- Loaded All Assemblies, in  0.725 seconds
Refreshing native plugins compatible for Editor in 0.74 ms, found 3 plugins.
Native extension for WindowsStandalone target not found
Mono: successfully reloaded assembly
- Finished resetting the current domain, in  0.806 seconds
Domain Reload Profiling: 1529ms
	BeginReloadAssembly (201ms)
		ExecutionOrderSort (0ms)
		DisableScriptedObjects (5ms)
		BackupInstance (0ms)
		ReleaseScriptingObjects (0ms)
		CreateAndSetChildDomain (49ms)
	RebuildCommonClasses (39ms)
	RebuildNativeTypeToScriptingClass (14ms)
	initialDomainReloadingComplete (31ms)
	LoadAllAssembliesAndSetupDomain (437ms)
		LoadAssemblies (383ms)
		RebuildTransferFunctionScriptingTraits (0ms)
		AnalyzeDomain (156ms)
			TypeCache.Refresh (6ms)
				TypeCache.ScanAssembly (0ms)
			BuildScriptInfoCaches (135ms)
			ResolveRequiredComponents (11ms)
	FinalizeReload (807ms)
		ReleaseScriptCaches (0ms)
		RebuildScriptCaches (0ms)
		SetupLoadedEditorAssemblies (587ms)
			LogAssemblyErrors (0ms)
			InitializePlatformSupportModulesInManaged (3ms)
			SetLoadedEditorAssemblies (6ms)
			BeforeProcessingInitializeOnLoad (127ms)
			ProcessInitializeOnLoadAttributes (407ms)
			ProcessInitializeOnLoadMethodAttributes (38ms)
			AfterProcessingInitializeOnLoad (7ms)
			EditorAssembliesLoaded (0ms)
		ExecutionOrderSort2 (0ms)
		AwakeInstancesAfterBackupRestoration (15ms)
Refreshing native plugins compatible for Editor in 0.95 ms, found 3 plugins.
Preloading 0 native plugins for Editor in 0.00 ms.
Unloading 23 Unused Serialized files (Serialized files now loaded: 0)
Unloading 5306 unused Assets / (6.2 MB). Loaded Objects now: 5996.
Memory consumption went from 243.4 MB to 237.1 MB.
Total: 11.519900 ms (FindLiveObjects: 0.841900 ms CreateObjectMapping: 0.431300 ms MarkObjects: 5.720700 ms  DeleteObjects: 4.524900 ms)

Prepare: number of updated asset objects reloaded= 0
========================================================================
Received Prepare
Refreshing native plugins compatible for Editor in 1.62 ms, found 3 plugins.
Preloading 0 native plugins for Editor in 0.00 ms.
Unloading 21 Unused Serialized files (Serialized files now loaded: 0)
Unloading 5298 unused Assets / (5.2 MB). Loaded Objects now: 5996.
Memory consumption went from 243.3 MB to 238.1 MB.
Total: 14.157200 ms (FindLiveObjects: 0.999300 ms CreateObjectMapping: 2.246000 ms MarkObjects: 5.698400 ms  DeleteObjects: 5.212300 ms)

Prepare: number of updated asset objects reloaded= 0
========================================================================
Received Prepare
Begin MonoManager ReloadAssembly
C:\build\output\Unity-Technologies\mono\mono\metadata\icall.c:1842:
C:\build\output\Unity-Technologies\mono\mono\metadata\icall.c:1842:
C:\build\output\Unity-Technologies\mono\mono\metadata\icall.c:1842:
C:\build\output\Unity-Technologies\mono\mono\metadata\icall.c:1842:
C:\build\output\Unity-Technologies\mono\mono\metadata\icall.c:1842:
C:\build\output\Unity-Technologies\mono\mono\metadata\icall.c:1842:
C:\build\output\Unity-Technologies\mono\mono\metadata\icall.c:1842:
C:\build\output\Unity-Technologies\mono\mono\metadata\icall.c:1842:
C:\build\output\Unity-Technologies\mono\mono\metadata\icall.c:1842:
C:\build\output\Unity-Technologies\mono\mono\metadata\icall.c:1842:
C:\build\output\Unity-Technologies\mono\mono\metadata\icall.c:1842:
C:\build\output\Unity-Technologies\mono\mono\metadata\icall.c:1842:
Symbol file LoadedFromMemory doesn't match image C:\Users\aaron\Documents\GitHub\Future-Alien-Drug-Game\Future-Alien-Drug-Game\Library\PackageCache\com.unity.visualscripting@1.8.0\Editor\VisualScripting.Core\Dependencies\YamlDotNet\Unity.VisualScripting.YamlDotNet.dll
Symbol file LoadedFromMemory doesn't match image C:\Users\aaron\Documents\GitHub\Future-Alien-Drug-Game\Future-Alien-Drug-Game\Library\PackageCache\com.unity.visualscripting@1.8.0\Editor\VisualScripting.Core\Dependencies\DotNetZip\Unity.VisualScripting.IonicZip.dll
- Loaded All Assemblies, in  0.930 seconds
Refreshing native plugins compatible for Editor in 0.85 ms, found 3 plugins.
Native extension for WindowsStandalone target not found
Mono: successfully reloaded assembly
- Finished resetting the current domain, in  0.986 seconds
Domain Reload Profiling: 1915ms
	BeginReloadAssembly (249ms)
		ExecutionOrderSort (0ms)
		DisableScriptedObjects (4ms)
		BackupInstance (0ms)
		ReleaseScriptingObjects (0ms)
		CreateAndSetChildDomain (69ms)
	RebuildCommonClasses (60ms)
	RebuildNativeTypeToScriptingClass (14ms)
	initialDomainReloadingComplete (39ms)
	LoadAllAssembliesAndSetupDomain (566ms)
		LoadAssemblies (489ms)
		RebuildTransferFunctionScriptingTraits (0ms)
		AnalyzeDomain (203ms)
			TypeCache.Refresh (12ms)
				TypeCache.ScanAssembly (1ms)
			BuildScriptInfoCaches (172ms)
			ResolveRequiredComponents (15ms)
	FinalizeReload (987ms)
		ReleaseScriptCaches (0ms)
		RebuildScriptCaches (0ms)
		SetupLoadedEditorAssemblies (732ms)
			LogAssemblyErrors (0ms)
			InitializePlatformSupportModulesInManaged (3ms)
			SetLoadedEditorAssemblies (10ms)
			BeforeProcessingInitializeOnLoad (166ms)
			ProcessInitializeOnLoadAttributes (494ms)
			ProcessInitializeOnLoadMethodAttributes (48ms)
			AfterProcessingInitializeOnLoad (10ms)
			EditorAssembliesLoaded (0ms)
		ExecutionOrderSort2 (0ms)
		AwakeInstancesAfterBackupRestoration (22ms)
Refreshing native plugins compatible for Editor in 1.81 ms, found 3 plugins.
Preloading 0 native plugins for Editor in 0.00 ms.
Unloading 23 Unused Serialized files (Serialized files now loaded: 0)
Unloading 5306 unused Assets / (5.2 MB). Loaded Objects now: 5996.
Memory consumption went from 245.3 MB to 240.1 MB.
Total: 9.871800 ms (FindLiveObjects: 1.027400 ms CreateObjectMapping: 1.032400 ms MarkObjects: 4.804900 ms  DeleteObjects: 3.006500 ms)

Prepare: number of updated asset objects reloaded= 0
========================================================================
Received Prepare
Refreshing native plugins compatible for Editor in 1.01 ms, found 3 plugins.
Preloading 0 native plugins for Editor in 0.00 ms.
Unloading 21 Unused Serialized files (Serialized files now loaded: 0)
Unloading 5298 unused Assets / (5.1 MB). Loaded Objects now: 5996.
Memory consumption went from 245.2 MB to 240.1 MB.
Total: 10.235000 ms (FindLiveObjects: 0.694200 ms CreateObjectMapping: 0.779800 ms MarkObjects: 4.353800 ms  DeleteObjects: 4.406300 ms)

Prepare: number of updated asset objects reloaded= 0
========================================================================
Received Prepare
Begin MonoManager ReloadAssembly
C:\build\output\Unity-Technologies\mono\mono\metadata\icall.c:1842:
C:\build\output\Unity-Technologies\mono\mono\metadata\icall.c:1842:
C:\build\output\Unity-Technologies\mono\mono\metadata\icall.c:1842:
C:\build\output\Unity-Technologies\mono\mono\metadata\icall.c:1842:
C:\build\output\Unity-Technologies\mono\mono\metadata\icall.c:1842:
C:\build\output\Unity-Technologies\mono\mono\metadata\icall.c:1842:
C:\build\output\Unity-Technologies\mono\mono\metadata\icall.c:1842:
C:\build\output\Unity-Technologies\mono\mono\metadata\icall.c:1842:
C:\build\output\Unity-Technologies\mono\mono\metadata\icall.c:1842:
C:\build\output\Unity-Technologies\mono\mono\metadata\icall.c:1842:
C:\build\output\Unity-Technologies\mono\mono\metadata\icall.c:1842:
C:\build\output\Unity-Technologies\mono\mono\metadata\icall.c:1842:
Symbol file LoadedFromMemory doesn't match image C:\Users\aaron\Documents\GitHub\Future-Alien-Drug-Game\Future-Alien-Drug-Game\Library\PackageCache\com.unity.visualscripting@1.8.0\Editor\VisualScripting.Core\Dependencies\YamlDotNet\Unity.VisualScripting.YamlDotNet.dll
Symbol file LoadedFromMemory doesn't match image C:\Users\aaron\Documents\GitHub\Future-Alien-Drug-Game\Future-Alien-Drug-Game\Library\PackageCache\com.unity.visualscripting@1.8.0\Editor\VisualScripting.Core\Dependencies\DotNetZip\Unity.VisualScripting.IonicZip.dll
- Loaded All Assemblies, in  0.815 seconds
Refreshing native plugins compatible for Editor in 0.79 ms, found 3 plugins.
Native extension for WindowsStandalone target not found
Mono: successfully reloaded assembly
- Finished resetting the current domain, in  0.788 seconds
Domain Reload Profiling: 1601ms
	BeginReloadAssembly (206ms)
		ExecutionOrderSort (0ms)
		DisableScriptedObjects (5ms)
		BackupInstance (0ms)
		ReleaseScriptingObjects (0ms)
		CreateAndSetChildDomain (55ms)
	RebuildCommonClasses (37ms)
	RebuildNativeTypeToScriptingClass (12ms)
	initialDomainReloadingComplete (31ms)
	LoadAllAssembliesAndSetupDomain (527ms)
		LoadAssemblies (464ms)
		RebuildTransferFunctionScriptingTraits (0ms)
		AnalyzeDomain (164ms)
			TypeCache.Refresh (11ms)
				TypeCache.ScanAssembly (1ms)
			BuildScriptInfoCaches (138ms)
			ResolveRequiredComponents (11ms)
	FinalizeReload (788ms)
		ReleaseScriptCaches (0ms)
		RebuildScriptCaches (0ms)
		SetupLoadedEditorAssemblies (577ms)
			LogAssemblyErrors (0ms)
			InitializePlatformSupportModulesInManaged (3ms)
			SetLoadedEditorAssemblies (7ms)
			BeforeProcessingInitializeOnLoad (125ms)
			ProcessInitializeOnLoadAttributes (395ms)
			ProcessInitializeOnLoadMethodAttributes (40ms)
			AfterProcessingInitializeOnLoad (6ms)
			EditorAssembliesLoaded (0ms)
		ExecutionOrderSort2 (0ms)
		AwakeInstancesAfterBackupRestoration (17ms)
Refreshing native plugins compatible for Editor in 1.08 ms, found 3 plugins.
Preloading 0 native plugins for Editor in 0.00 ms.
Unloading 23 Unused Serialized files (Serialized files now loaded: 0)
Unloading 5306 unused Assets / (5.3 MB). Loaded Objects now: 5996.
Memory consumption went from 247.2 MB to 241.9 MB.
Total: 9.978200 ms (FindLiveObjects: 0.714100 ms CreateObjectMapping: 0.716000 ms MarkObjects: 4.781800 ms  DeleteObjects: 3.764700 ms)

Prepare: number of updated asset objects reloaded= 0
========================================================================
Received Prepare
Begin MonoManager ReloadAssembly
C:\build\output\Unity-Technologies\mono\mono\metadata\icall.c:1842:
C:\build\output\Unity-Technologies\mono\mono\metadata\icall.c:1842:
C:\build\output\Unity-Technologies\mono\mono\metadata\icall.c:1842:
C:\build\output\Unity-Technologies\mono\mono\metadata\icall.c:1842:
C:\build\output\Unity-Technologies\mono\mono\metadata\icall.c:1842:
C:\build\output\Unity-Technologies\mono\mono\metadata\icall.c:1842:
C:\build\output\Unity-Technologies\mono\mono\metadata\icall.c:1842:
C:\build\output\Unity-Technologies\mono\mono\metadata\icall.c:1842:
C:\build\output\Unity-Technologies\mono\mono\metadata\icall.c:1842:
C:\build\output\Unity-Technologies\mono\mono\metadata\icall.c:1842:
C:\build\output\Unity-Technologies\mono\mono\metadata\icall.c:1842:
C:\build\output\Unity-Technologies\mono\mono\metadata\icall.c:1842:
Symbol file LoadedFromMemory doesn't match image C:\Users\aaron\Documents\GitHub\Future-Alien-Drug-Game\Future-Alien-Drug-Game\Library\PackageCache\com.unity.visualscripting@1.8.0\Editor\VisualScripting.Core\Dependencies\YamlDotNet\Unity.VisualScripting.YamlDotNet.dll
Symbol file LoadedFromMemory doesn't match image C:\Users\aaron\Documents\GitHub\Future-Alien-Drug-Game\Future-Alien-Drug-Game\Library\PackageCache\com.unity.visualscripting@1.8.0\Editor\VisualScripting.Core\Dependencies\DotNetZip\Unity.VisualScripting.IonicZip.dll
- Loaded All Assemblies, in  0.745 seconds
Refreshing native plugins compatible for Editor in 1.02 ms, found 3 plugins.
Native extension for WindowsStandalone target not found
Mono: successfully reloaded assembly
- Finished resetting the current domain, in  0.792 seconds
Domain Reload Profiling: 1537ms
	BeginReloadAssembly (204ms)
		ExecutionOrderSort (0ms)
		DisableScriptedObjects (5ms)
		BackupInstance (0ms)
		ReleaseScriptingObjects (0ms)
		CreateAndSetChildDomain (56ms)
	RebuildCommonClasses (41ms)
	RebuildNativeTypeToScriptingClass (12ms)
	initialDomainReloadingComplete (34ms)
	LoadAllAssembliesAndSetupDomain (454ms)
		LoadAssemblies (382ms)
		RebuildTransferFunctionScriptingTraits (0ms)
		AnalyzeDomain (169ms)
			TypeCache.Refresh (8ms)
				TypeCache.ScanAssembly (0ms)
			BuildScriptInfoCaches (144ms)
			ResolveRequiredComponents (12ms)
	FinalizeReload (793ms)
		ReleaseScriptCaches (0ms)
		RebuildScriptCaches (0ms)
		SetupLoadedEditorAssemblies (577ms)
			LogAssemblyErrors (0ms)
			InitializePlatformSupportModulesInManaged (3ms)
			SetLoadedEditorAssemblies (7ms)
			BeforeProcessingInitializeOnLoad (128ms)
			ProcessInitializeOnLoadAttributes (398ms)
			ProcessInitializeOnLoadMethodAttributes (35ms)
			AfterProcessingInitializeOnLoad (6ms)
			EditorAssembliesLoaded (0ms)
		ExecutionOrderSort2 (0ms)
		AwakeInstancesAfterBackupRestoration (20ms)
Refreshing native plugins compatible for Editor in 0.93 ms, found 3 plugins.
Preloading 0 native plugins for Editor in 0.00 ms.
Unloading 23 Unused Serialized files (Serialized files now loaded: 0)
Unloading 5306 unused Assets / (5.3 MB). Loaded Objects now: 5996.
Memory consumption went from 249.1 MB to 243.9 MB.
Total: 9.820100 ms (FindLiveObjects: 0.616500 ms CreateObjectMapping: 0.620900 ms MarkObjects: 4.186400 ms  DeleteObjects: 4.395500 ms)

Prepare: number of updated asset objects reloaded= 0
========================================================================
Received Prepare
Begin MonoManager ReloadAssembly
C:\build\output\Unity-Technologies\mono\mono\metadata\icall.c:1842:
C:\build\output\Unity-Technologies\mono\mono\metadata\icall.c:1842:
C:\build\output\Unity-Technologies\mono\mono\metadata\icall.c:1842:
C:\build\output\Unity-Technologies\mono\mono\metadata\icall.c:1842:
C:\build\output\Unity-Technologies\mono\mono\metadata\icall.c:1842:
C:\build\output\Unity-Technologies\mono\mono\metadata\icall.c:1842:
C:\build\output\Unity-Technologies\mono\mono\metadata\icall.c:1842:
C:\build\output\Unity-Technologies\mono\mono\metadata\icall.c:1842:
C:\build\output\Unity-Technologies\mono\mono\metadata\icall.c:1842:
C:\build\output\Unity-Technologies\mono\mono\metadata\icall.c:1842:
C:\build\output\Unity-Technologies\mono\mono\metadata\icall.c:1842:
C:\build\output\Unity-Technologies\mono\mono\metadata\icall.c:1842:
Symbol file LoadedFromMemory doesn't match image C:\Users\aaron\Documents\GitHub\Future-Alien-Drug-Game\Future-Alien-Drug-Game\Library\PackageCache\com.unity.visualscripting@1.8.0\Editor\VisualScripting.Core\Dependencies\YamlDotNet\Unity.VisualScripting.YamlDotNet.dll
Symbol file LoadedFromMemory doesn't match image C:\Users\aaron\Documents\GitHub\Future-Alien-Drug-Game\Future-Alien-Drug-Game\Library\PackageCache\com.unity.visualscripting@1.8.0\Editor\VisualScripting.Core\Dependencies\DotNetZip\Unity.VisualScripting.IonicZip.dll
- Loaded All Assemblies, in  0.744 seconds
Refreshing native plugins compatible for Editor in 0.77 ms, found 3 plugins.
Native extension for WindowsStandalone target not found
Mono: successfully reloaded assembly
- Finished resetting the current domain, in  0.829 seconds
Domain Reload Profiling: 1571ms
	BeginReloadAssembly (209ms)
		ExecutionOrderSort (0ms)
		DisableScriptedObjects (5ms)
		BackupInstance (0ms)
		ReleaseScriptingObjects (0ms)
		CreateAndSetChildDomain (57ms)
	RebuildCommonClasses (39ms)
	RebuildNativeTypeToScriptingClass (12ms)
	initialDomainReloadingComplete (34ms)
	LoadAllAssembliesAndSetupDomain (447ms)
		LoadAssemblies (396ms)
		RebuildTransferFunctionScriptingTraits (0ms)
		AnalyzeDomain (157ms)
			TypeCache.Refresh (7ms)
				TypeCache.ScanAssembly (0ms)
			BuildScriptInfoCaches (135ms)
			ResolveRequiredComponents (11ms)
	FinalizeReload (829ms)
		ReleaseScriptCaches (0ms)
		RebuildScriptCaches (0ms)
		SetupLoadedEditorAssemblies (596ms)
			LogAssemblyErrors (0ms)
			InitializePlatformSupportModulesInManaged (2ms)
			SetLoadedEditorAssemblies (7ms)
			BeforeProcessingInitializeOnLoad (124ms)
			ProcessInitializeOnLoadAttributes (417ms)
			ProcessInitializeOnLoadMethodAttributes (39ms)
			AfterProcessingInitializeOnLoad (7ms)
			EditorAssembliesLoaded (0ms)
		ExecutionOrderSort2 (0ms)
		AwakeInstancesAfterBackupRestoration (18ms)
Refreshing native plugins compatible for Editor in 0.86 ms, found 3 plugins.
Preloading 0 native plugins for Editor in 0.00 ms.
Unloading 23 Unused Serialized files (Serialized files now loaded: 0)
Unloading 5306 unused Assets / (5.2 MB). Loaded Objects now: 5996.
Memory consumption went from 251.1 MB to 245.9 MB.
Total: 12.373600 ms (FindLiveObjects: 1.056700 ms CreateObjectMapping: 1.329200 ms MarkObjects: 6.135700 ms  DeleteObjects: 3.850900 ms)

Prepare: number of updated asset objects reloaded= 0
========================================================================
Received Prepare
Refreshing native plugins compatible for Editor in 1.15 ms, found 3 plugins.
Preloading 0 native plugins for Editor in 0.00 ms.
Unloading 21 Unused Serialized files (Serialized files now loaded: 0)
Unloading 5298 unused Assets / (5.7 MB). Loaded Objects now: 5996.
Memory consumption went from 251.0 MB to 245.3 MB.
Total: 12.275700 ms (FindLiveObjects: 1.433300 ms CreateObjectMapping: 1.407600 ms MarkObjects: 5.795500 ms  DeleteObjects: 3.637800 ms)

Prepare: number of updated asset objects reloaded= 0
========================================================================
Received Prepare
Begin MonoManager ReloadAssembly
C:\build\output\Unity-Technologies\mono\mono\metadata\icall.c:1842:
C:\build\output\Unity-Technologies\mono\mono\metadata\icall.c:1842:
C:\build\output\Unity-Technologies\mono\mono\metadata\icall.c:1842:
C:\build\output\Unity-Technologies\mono\mono\metadata\icall.c:1842:
C:\build\output\Unity-Technologies\mono\mono\metadata\icall.c:1842:
C:\build\output\Unity-Technologies\mono\mono\metadata\icall.c:1842:
C:\build\output\Unity-Technologies\mono\mono\metadata\icall.c:1842:
C:\build\output\Unity-Technologies\mono\mono\metadata\icall.c:1842:
C:\build\output\Unity-Technologies\mono\mono\metadata\icall.c:1842:
C:\build\output\Unity-Technologies\mono\mono\metadata\icall.c:1842:
C:\build\output\Unity-Technologies\mono\mono\metadata\icall.c:1842:
C:\build\output\Unity-Technologies\mono\mono\metadata\icall.c:1842:
Symbol file LoadedFromMemory doesn't match image C:\Users\aaron\Documents\GitHub\Future-Alien-Drug-Game\Future-Alien-Drug-Game\Library\PackageCache\com.unity.visualscripting@1.8.0\Editor\VisualScripting.Core\Dependencies\YamlDotNet\Unity.VisualScripting.YamlDotNet.dll
Symbol file LoadedFromMemory doesn't match image C:\Users\aaron\Documents\GitHub\Future-Alien-Drug-Game\Future-Alien-Drug-Game\Library\PackageCache\com.unity.visualscripting@1.8.0\Editor\VisualScripting.Core\Dependencies\DotNetZip\Unity.VisualScripting.IonicZip.dll
- Loaded All Assemblies, in  0.780 seconds
Refreshing native plugins compatible for Editor in 1.13 ms, found 3 plugins.
Native extension for WindowsStandalone target not found
Mono: successfully reloaded assembly
- Finished resetting the current domain, in  0.789 seconds
Domain Reload Profiling: 1567ms
	BeginReloadAssembly (214ms)
		ExecutionOrderSort (0ms)
		DisableScriptedObjects (5ms)
		BackupInstance (0ms)
		ReleaseScriptingObjects (0ms)
		CreateAndSetChildDomain (60ms)
	RebuildCommonClasses (37ms)
	RebuildNativeTypeToScriptingClass (11ms)
	initialDomainReloadingComplete (36ms)
	LoadAllAssembliesAndSetupDomain (479ms)
		LoadAssemblies (425ms)
		RebuildTransferFunctionScriptingTraits (0ms)
		AnalyzeDomain (158ms)
			TypeCache.Refresh (11ms)
				TypeCache.ScanAssembly (1ms)
			BuildScriptInfoCaches (134ms)
			ResolveRequiredComponents (9ms)
	FinalizeReload (790ms)
		ReleaseScriptCaches (0ms)
		RebuildScriptCaches (0ms)
		SetupLoadedEditorAssemblies (575ms)
			LogAssemblyErrors (0ms)
			InitializePlatformSupportModulesInManaged (2ms)
			SetLoadedEditorAssemblies (7ms)
			BeforeProcessingInitializeOnLoad (131ms)
			ProcessInitializeOnLoadAttributes (392ms)
			ProcessInitializeOnLoadMethodAttributes (34ms)
			AfterProcessingInitializeOnLoad (8ms)
			EditorAssembliesLoaded (0ms)
		ExecutionOrderSort2 (0ms)
		AwakeInstancesAfterBackupRestoration (17ms)
Refreshing native plugins compatible for Editor in 0.99 ms, found 3 plugins.
Preloading 0 native plugins for Editor in 0.00 ms.
Unloading 23 Unused Serialized files (Serialized files now loaded: 0)
Unloading 5306 unused Assets / (5.1 MB). Loaded Objects now: 5996.
Memory consumption went from 253.0 MB to 247.8 MB.
Total: 8.646000 ms (FindLiveObjects: 0.749200 ms CreateObjectMapping: 0.687900 ms MarkObjects: 4.691600 ms  DeleteObjects: 2.516600 ms)

Prepare: number of updated asset objects reloaded= 0
========================================================================
Received Prepare
Begin MonoManager ReloadAssembly
C:\build\output\Unity-Technologies\mono\mono\metadata\icall.c:1842:
C:\build\output\Unity-Technologies\mono\mono\metadata\icall.c:1842:
C:\build\output\Unity-Technologies\mono\mono\metadata\icall.c:1842:
C:\build\output\Unity-Technologies\mono\mono\metadata\icall.c:1842:
C:\build\output\Unity-Technologies\mono\mono\metadata\icall.c:1842:
C:\build\output\Unity-Technologies\mono\mono\metadata\icall.c:1842:
C:\build\output\Unity-Technologies\mono\mono\metadata\icall.c:1842:
C:\build\output\Unity-Technologies\mono\mono\metadata\icall.c:1842:
C:\build\output\Unity-Technologies\mono\mono\metadata\icall.c:1842:
C:\build\output\Unity-Technologies\mono\mono\metadata\icall.c:1842:
C:\build\output\Unity-Technologies\mono\mono\metadata\icall.c:1842:
C:\build\output\Unity-Technologies\mono\mono\metadata\icall.c:1842:
Symbol file LoadedFromMemory doesn't match image C:\Users\aaron\Documents\GitHub\Future-Alien-Drug-Game\Future-Alien-Drug-Game\Library\PackageCache\com.unity.visualscripting@1.8.0\Editor\VisualScripting.Core\Dependencies\YamlDotNet\Unity.VisualScripting.YamlDotNet.dll
Symbol file LoadedFromMemory doesn't match image C:\Users\aaron\Documents\GitHub\Future-Alien-Drug-Game\Future-Alien-Drug-Game\Library\PackageCache\com.unity.visualscripting@1.8.0\Editor\VisualScripting.Core\Dependencies\DotNetZip\Unity.VisualScripting.IonicZip.dll
- Loaded All Assemblies, in  0.754 seconds
Refreshing native plugins compatible for Editor in 0.92 ms, found 3 plugins.
Native extension for WindowsStandalone target not found
Mono: successfully reloaded assembly
- Finished resetting the current domain, in  0.792 seconds
Domain Reload Profiling: 1545ms
	BeginReloadAssembly (204ms)
		ExecutionOrderSort (0ms)
		DisableScriptedObjects (6ms)
		BackupInstance (0ms)
		ReleaseScriptingObjects (0ms)
		CreateAndSetChildDomain (58ms)
	RebuildCommonClasses (38ms)
	RebuildNativeTypeToScriptingClass (15ms)
	initialDomainReloadingComplete (35ms)
	LoadAllAssembliesAndSetupDomain (461ms)
		LoadAssemblies (393ms)
		RebuildTransferFunctionScriptingTraits (0ms)
		AnalyzeDomain (166ms)
			TypeCache.Refresh (5ms)
				TypeCache.ScanAssembly (0ms)
			BuildScriptInfoCaches (143ms)
			ResolveRequiredComponents (13ms)
	FinalizeReload (793ms)
		ReleaseScriptCaches (0ms)
		RebuildScriptCaches (0ms)
		SetupLoadedEditorAssemblies (573ms)
			LogAssemblyErrors (0ms)
			InitializePlatformSupportModulesInManaged (2ms)
			SetLoadedEditorAssemblies (6ms)
			BeforeProcessingInitializeOnLoad (126ms)
			ProcessInitializeOnLoadAttributes (395ms)
			ProcessInitializeOnLoadMethodAttributes (37ms)
			AfterProcessingInitializeOnLoad (7ms)
			EditorAssembliesLoaded (0ms)
		ExecutionOrderSort2 (0ms)
		AwakeInstancesAfterBackupRestoration (17ms)
Refreshing native plugins compatible for Editor in 0.83 ms, found 3 plugins.
Preloading 0 native plugins for Editor in 0.00 ms.
Unloading 23 Unused Serialized files (Serialized files now loaded: 0)
Unloading 5306 unused Assets / (5.4 MB). Loaded Objects now: 5996.
Memory consumption went from 254.9 MB to 249.5 MB.
Total: 10.068300 ms (FindLiveObjects: 0.594600 ms CreateObjectMapping: 0.343100 ms MarkObjects: 5.062900 ms  DeleteObjects: 4.066800 ms)

Prepare: number of updated asset objects reloaded= 0
========================================================================
Received Prepare
Refreshing native plugins compatible for Editor in 1.12 ms, found 3 plugins.
Preloading 0 native plugins for Editor in 0.00 ms.
Unloading 21 Unused Serialized files (Serialized files now loaded: 0)
Unloading 5298 unused Assets / (5.2 MB). Loaded Objects now: 5996.
Memory consumption went from 254.9 MB to 249.6 MB.
Total: 10.090500 ms (FindLiveObjects: 1.030100 ms CreateObjectMapping: 0.812200 ms MarkObjects: 5.190600 ms  DeleteObjects: 3.056400 ms)

Prepare: number of updated asset objects reloaded= 0
========================================================================
Received Prepare
Begin MonoManager ReloadAssembly
C:\build\output\Unity-Technologies\mono\mono\metadata\icall.c:1842:
C:\build\output\Unity-Technologies\mono\mono\metadata\icall.c:1842:
C:\build\output\Unity-Technologies\mono\mono\metadata\icall.c:1842:
C:\build\output\Unity-Technologies\mono\mono\metadata\icall.c:1842:
C:\build\output\Unity-Technologies\mono\mono\metadata\icall.c:1842:
C:\build\output\Unity-Technologies\mono\mono\metadata\icall.c:1842:
C:\build\output\Unity-Technologies\mono\mono\metadata\icall.c:1842:
C:\build\output\Unity-Technologies\mono\mono\metadata\icall.c:1842:
C:\build\output\Unity-Technologies\mono\mono\metadata\icall.c:1842:
C:\build\output\Unity-Technologies\mono\mono\metadata\icall.c:1842:
C:\build\output\Unity-Technologies\mono\mono\metadata\icall.c:1842:
C:\build\output\Unity-Technologies\mono\mono\metadata\icall.c:1842:
Symbol file LoadedFromMemory doesn't match image C:\Users\aaron\Documents\GitHub\Future-Alien-Drug-Game\Future-Alien-Drug-Game\Library\PackageCache\com.unity.visualscripting@1.8.0\Editor\VisualScripting.Core\Dependencies\YamlDotNet\Unity.VisualScripting.YamlDotNet.dll
Symbol file LoadedFromMemory doesn't match image C:\Users\aaron\Documents\GitHub\Future-Alien-Drug-Game\Future-Alien-Drug-Game\Library\PackageCache\com.unity.visualscripting@1.8.0\Editor\VisualScripting.Core\Dependencies\DotNetZip\Unity.VisualScripting.IonicZip.dll
- Loaded All Assemblies, in  0.747 seconds
Refreshing native plugins compatible for Editor in 0.77 ms, found 3 plugins.
Native extension for WindowsStandalone target not found
Mono: successfully reloaded assembly
- Finished resetting the current domain, in  0.797 seconds
Domain Reload Profiling: 1542ms
	BeginReloadAssembly (203ms)
		ExecutionOrderSort (0ms)
		DisableScriptedObjects (4ms)
		BackupInstance (0ms)
		ReleaseScriptingObjects (0ms)
		CreateAndSetChildDomain (55ms)
	RebuildCommonClasses (39ms)
	RebuildNativeTypeToScriptingClass (16ms)
	initialDomainReloadingComplete (35ms)
	LoadAllAssembliesAndSetupDomain (451ms)
		LoadAssemblies (393ms)
		RebuildTransferFunctionScriptingTraits (0ms)
		AnalyzeDomain (159ms)
			TypeCache.Refresh (12ms)
				TypeCache.ScanAssembly (1ms)
			BuildScriptInfoCaches (130ms)
			ResolveRequiredComponents (13ms)
	FinalizeReload (798ms)
		ReleaseScriptCaches (0ms)
		RebuildScriptCaches (0ms)
		SetupLoadedEditorAssemblies (576ms)
			LogAssemblyErrors (0ms)
			InitializePlatformSupportModulesInManaged (3ms)
			SetLoadedEditorAssemblies (6ms)
			BeforeProcessingInitializeOnLoad (139ms)
			ProcessInitializeOnLoadAttributes (386ms)
			ProcessInitializeOnLoadMethodAttributes (36ms)
			AfterProcessingInitializeOnLoad (7ms)
			EditorAssembliesLoaded (0ms)
		ExecutionOrderSort2 (0ms)
		AwakeInstancesAfterBackupRestoration (16ms)
Refreshing native plugins compatible for Editor in 1.04 ms, found 3 plugins.
Preloading 0 native plugins for Editor in 0.00 ms.
Unloading 23 Unused Serialized files (Serialized files now loaded: 0)
Unloading 5306 unused Assets / (5.5 MB). Loaded Objects now: 5996.
Memory consumption went from 256.8 MB to 251.3 MB.
Total: 10.143200 ms (FindLiveObjects: 1.068600 ms CreateObjectMapping: 1.158200 ms MarkObjects: 4.041900 ms  DeleteObjects: 3.873800 ms)

Prepare: number of updated asset objects reloaded= 0
========================================================================
Received Prepare
Begin MonoManager ReloadAssembly
C:\build\output\Unity-Technologies\mono\mono\metadata\icall.c:1842:
C:\build\output\Unity-Technologies\mono\mono\metadata\icall.c:1842:
C:\build\output\Unity-Technologies\mono\mono\metadata\icall.c:1842:
C:\build\output\Unity-Technologies\mono\mono\metadata\icall.c:1842:
C:\build\output\Unity-Technologies\mono\mono\metadata\icall.c:1842:
C:\build\output\Unity-Technologies\mono\mono\metadata\icall.c:1842:
C:\build\output\Unity-Technologies\mono\mono\metadata\icall.c:1842:
C:\build\output\Unity-Technologies\mono\mono\metadata\icall.c:1842:
C:\build\output\Unity-Technologies\mono\mono\metadata\icall.c:1842:
C:\build\output\Unity-Technologies\mono\mono\metadata\icall.c:1842:
C:\build\output\Unity-Technologies\mono\mono\metadata\icall.c:1842:
C:\build\output\Unity-Technologies\mono\mono\metadata\icall.c:1842:
Symbol file LoadedFromMemory doesn't match image C:\Users\aaron\Documents\GitHub\Future-Alien-Drug-Game\Future-Alien-Drug-Game\Library\PackageCache\com.unity.visualscripting@1.8.0\Editor\VisualScripting.Core\Dependencies\YamlDotNet\Unity.VisualScripting.YamlDotNet.dll
Symbol file LoadedFromMemory doesn't match image C:\Users\aaron\Documents\GitHub\Future-Alien-Drug-Game\Future-Alien-Drug-Game\Library\PackageCache\com.unity.visualscripting@1.8.0\Editor\VisualScripting.Core\Dependencies\DotNetZip\Unity.VisualScripting.IonicZip.dll
- Loaded All Assemblies, in  0.729 seconds
Refreshing native plugins compatible for Editor in 1.20 ms, found 3 plugins.
Native extension for WindowsStandalone target not found
Mono: successfully reloaded assembly
- Finished resetting the current domain, in  0.820 seconds
Domain Reload Profiling: 1549ms
	BeginReloadAssembly (195ms)
		ExecutionOrderSort (0ms)
		DisableScriptedObjects (5ms)
		BackupInstance (0ms)
		ReleaseScriptingObjects (0ms)
		CreateAndSetChildDomain (53ms)
	RebuildCommonClasses (36ms)
	RebuildNativeTypeToScriptingClass (13ms)
	initialDomainReloadingComplete (29ms)
	LoadAllAssembliesAndSetupDomain (455ms)
		LoadAssemblies (392ms)
		RebuildTransferFunctionScriptingTraits (0ms)
		AnalyzeDomain (157ms)
			TypeCache.Refresh (7ms)
				TypeCache.ScanAssembly (0ms)
			BuildScriptInfoCaches (133ms)
			ResolveRequiredComponents (12ms)
	FinalizeReload (821ms)
		ReleaseScriptCaches (0ms)
		RebuildScriptCaches (0ms)
		SetupLoadedEditorAssemblies (549ms)
			LogAssemblyErrors (0ms)
			InitializePlatformSupportModulesInManaged (3ms)
			SetLoadedEditorAssemblies (7ms)
			BeforeProcessingInitializeOnLoad (123ms)
			ProcessInitializeOnLoadAttributes (370ms)
			ProcessInitializeOnLoadMethodAttributes (38ms)
			AfterProcessingInitializeOnLoad (7ms)
			EditorAssembliesLoaded (0ms)
		ExecutionOrderSort2 (0ms)
		AwakeInstancesAfterBackupRestoration (17ms)
Refreshing native plugins compatible for Editor in 0.82 ms, found 3 plugins.
Preloading 0 native plugins for Editor in 0.00 ms.
Unloading 23 Unused Serialized files (Serialized files now loaded: 0)
Unloading 5306 unused Assets / (4.8 MB). Loaded Objects now: 5996.
Memory consumption went from 258.7 MB to 253.9 MB.
Total: 8.452600 ms (FindLiveObjects: 0.659900 ms CreateObjectMapping: 0.331100 ms MarkObjects: 3.630900 ms  DeleteObjects: 3.829900 ms)

Prepare: number of updated asset objects reloaded= 0
========================================================================
Received Prepare
Begin MonoManager ReloadAssembly
C:\build\output\Unity-Technologies\mono\mono\metadata\icall.c:1842:
C:\build\output\Unity-Technologies\mono\mono\metadata\icall.c:1842:
C:\build\output\Unity-Technologies\mono\mono\metadata\icall.c:1842:
C:\build\output\Unity-Technologies\mono\mono\metadata\icall.c:1842:
C:\build\output\Unity-Technologies\mono\mono\metadata\icall.c:1842:
C:\build\output\Unity-Technologies\mono\mono\metadata\icall.c:1842:
C:\build\output\Unity-Technologies\mono\mono\metadata\icall.c:1842:
C:\build\output\Unity-Technologies\mono\mono\metadata\icall.c:1842:
C:\build\output\Unity-Technologies\mono\mono\metadata\icall.c:1842:
C:\build\output\Unity-Technologies\mono\mono\metadata\icall.c:1842:
C:\build\output\Unity-Technologies\mono\mono\metadata\icall.c:1842:
C:\build\output\Unity-Technologies\mono\mono\metadata\icall.c:1842:
Symbol file LoadedFromMemory doesn't match image C:\Users\aaron\Documents\GitHub\Future-Alien-Drug-Game\Future-Alien-Drug-Game\Library\PackageCache\com.unity.visualscripting@1.8.0\Editor\VisualScripting.Core\Dependencies\YamlDotNet\Unity.VisualScripting.YamlDotNet.dll
Symbol file LoadedFromMemory doesn't match image C:\Users\aaron\Documents\GitHub\Future-Alien-Drug-Game\Future-Alien-Drug-Game\Library\PackageCache\com.unity.visualscripting@1.8.0\Editor\VisualScripting.Core\Dependencies\DotNetZip\Unity.VisualScripting.IonicZip.dll
- Loaded All Assemblies, in  0.842 seconds
Refreshing native plugins compatible for Editor in 0.83 ms, found 3 plugins.
Native extension for WindowsStandalone target not found
Mono: successfully reloaded assembly
- Finished resetting the current domain, in  0.820 seconds
Domain Reload Profiling: 1661ms
	BeginReloadAssembly (265ms)
		ExecutionOrderSort (0ms)
		DisableScriptedObjects (5ms)
		BackupInstance (0ms)
		ReleaseScriptingObjects (0ms)
		CreateAndSetChildDomain (60ms)
	RebuildCommonClasses (47ms)
	RebuildNativeTypeToScriptingClass (12ms)
	initialDomainReloadingComplete (39ms)
	LoadAllAssembliesAndSetupDomain (477ms)
		LoadAssemblies (460ms)
		RebuildTransferFunctionScriptingTraits (0ms)
		AnalyzeDomain (175ms)
			TypeCache.Refresh (8ms)
				TypeCache.ScanAssembly (0ms)
			BuildScriptInfoCaches (149ms)
			ResolveRequiredComponents (12ms)
	FinalizeReload (821ms)
		ReleaseScriptCaches (0ms)
		RebuildScriptCaches (0ms)
		SetupLoadedEditorAssemblies (598ms)
			LogAssemblyErrors (0ms)
			InitializePlatformSupportModulesInManaged (3ms)
			SetLoadedEditorAssemblies (9ms)
			BeforeProcessingInitializeOnLoad (132ms)
			ProcessInitializeOnLoadAttributes (404ms)
			ProcessInitializeOnLoadMethodAttributes (40ms)
			AfterProcessingInitializeOnLoad (10ms)
			EditorAssembliesLoaded (0ms)
		ExecutionOrderSort2 (0ms)
		AwakeInstancesAfterBackupRestoration (19ms)
Refreshing native plugins compatible for Editor in 0.98 ms, found 3 plugins.
Preloading 0 native plugins for Editor in 0.00 ms.
Unloading 23 Unused Serialized files (Serialized files now loaded: 0)
Unloading 5306 unused Assets / (5.1 MB). Loaded Objects now: 5996.
Memory consumption went from 260.7 MB to 255.6 MB.
Total: 9.355500 ms (FindLiveObjects: 0.694600 ms CreateObjectMapping: 1.003500 ms MarkObjects: 4.281600 ms  DeleteObjects: 3.375000 ms)

Prepare: number of updated asset objects reloaded= 0
========================================================================
Received Prepare
Refreshing native plugins compatible for Editor in 1.29 ms, found 3 plugins.
Preloading 0 native plugins for Editor in 0.00 ms.
Unloading 21 Unused Serialized files (Serialized files now loaded: 0)
Unloading 5298 unused Assets / (5.1 MB). Loaded Objects now: 5996.
Memory consumption went from 260.6 MB to 255.5 MB.
Total: 13.892700 ms (FindLiveObjects: 1.023600 ms CreateObjectMapping: 1.172300 ms MarkObjects: 8.448800 ms  DeleteObjects: 3.245900 ms)

Prepare: number of updated asset objects reloaded= 0
========================================================================
Received Prepare
Begin MonoManager ReloadAssembly
C:\build\output\Unity-Technologies\mono\mono\metadata\icall.c:1842:
C:\build\output\Unity-Technologies\mono\mono\metadata\icall.c:1842:
C:\build\output\Unity-Technologies\mono\mono\metadata\icall.c:1842:
C:\build\output\Unity-Technologies\mono\mono\metadata\icall.c:1842:
C:\build\output\Unity-Technologies\mono\mono\metadata\icall.c:1842:
C:\build\output\Unity-Technologies\mono\mono\metadata\icall.c:1842:
C:\build\output\Unity-Technologies\mono\mono\metadata\icall.c:1842:
C:\build\output\Unity-Technologies\mono\mono\metadata\icall.c:1842:
C:\build\output\Unity-Technologies\mono\mono\metadata\icall.c:1842:
C:\build\output\Unity-Technologies\mono\mono\metadata\icall.c:1842:
C:\build\output\Unity-Technologies\mono\mono\metadata\icall.c:1842:
C:\build\output\Unity-Technologies\mono\mono\metadata\icall.c:1842:
Symbol file LoadedFromMemory doesn't match image C:\Users\aaron\Documents\GitHub\Future-Alien-Drug-Game\Future-Alien-Drug-Game\Library\PackageCache\com.unity.visualscripting@1.8.0\Editor\VisualScripting.Core\Dependencies\YamlDotNet\Unity.VisualScripting.YamlDotNet.dll
Symbol file LoadedFromMemory doesn't match image C:\Users\aaron\Documents\GitHub\Future-Alien-Drug-Game\Future-Alien-Drug-Game\Library\PackageCache\com.unity.visualscripting@1.8.0\Editor\VisualScripting.Core\Dependencies\DotNetZip\Unity.VisualScripting.IonicZip.dll
- Loaded All Assemblies, in  0.754 seconds
Refreshing native plugins compatible for Editor in 0.76 ms, found 3 plugins.
Native extension for WindowsStandalone target not found
Mono: successfully reloaded assembly
- Finished resetting the current domain, in  0.859 seconds
Domain Reload Profiling: 1614ms
	BeginReloadAssembly (205ms)
		ExecutionOrderSort (0ms)
		DisableScriptedObjects (4ms)
		BackupInstance (0ms)
		ReleaseScriptingObjects (0ms)
		CreateAndSetChildDomain (57ms)
	RebuildCommonClasses (39ms)
	RebuildNativeTypeToScriptingClass (14ms)
	initialDomainReloadingComplete (33ms)
	LoadAllAssembliesAndSetupDomain (464ms)
		LoadAssemblies (396ms)
		RebuildTransferFunctionScriptingTraits (0ms)
		AnalyzeDomain (166ms)
			TypeCache.Refresh (11ms)
				TypeCache.ScanAssembly (1ms)
			BuildScriptInfoCaches (139ms)
			ResolveRequiredComponents (11ms)
	FinalizeReload (860ms)
		ReleaseScriptCaches (0ms)
		RebuildScriptCaches (0ms)
		SetupLoadedEditorAssemblies (635ms)
			LogAssemblyErrors (0ms)
			InitializePlatformSupportModulesInManaged (2ms)
			SetLoadedEditorAssemblies (6ms)
			BeforeProcessingInitializeOnLoad (130ms)
			ProcessInitializeOnLoadAttributes (453ms)
			ProcessInitializeOnLoadMethodAttributes (38ms)
			AfterProcessingInitializeOnLoad (6ms)
			EditorAssembliesLoaded (0ms)
		ExecutionOrderSort2 (0ms)
		AwakeInstancesAfterBackupRestoration (17ms)
Refreshing native plugins compatible for Editor in 1.41 ms, found 3 plugins.
Preloading 0 native plugins for Editor in 0.00 ms.
Unloading 23 Unused Serialized files (Serialized files now loaded: 0)
Unloading 5306 unused Assets / (5.8 MB). Loaded Objects now: 5996.
Memory consumption went from 262.6 MB to 256.8 MB.
Total: 11.458100 ms (FindLiveObjects: 1.136700 ms CreateObjectMapping: 1.215500 ms MarkObjects: 5.451600 ms  DeleteObjects: 3.653300 ms)

Prepare: number of updated asset objects reloaded= 0
========================================================================
Received Prepare
Begin MonoManager ReloadAssembly
C:\build\output\Unity-Technologies\mono\mono\metadata\icall.c:1842:
C:\build\output\Unity-Technologies\mono\mono\metadata\icall.c:1842:
C:\build\output\Unity-Technologies\mono\mono\metadata\icall.c:1842:
C:\build\output\Unity-Technologies\mono\mono\metadata\icall.c:1842:
C:\build\output\Unity-Technologies\mono\mono\metadata\icall.c:1842:
C:\build\output\Unity-Technologies\mono\mono\metadata\icall.c:1842:
C:\build\output\Unity-Technologies\mono\mono\metadata\icall.c:1842:
C:\build\output\Unity-Technologies\mono\mono\metadata\icall.c:1842:
C:\build\output\Unity-Technologies\mono\mono\metadata\icall.c:1842:
C:\build\output\Unity-Technologies\mono\mono\metadata\icall.c:1842:
C:\build\output\Unity-Technologies\mono\mono\metadata\icall.c:1842:
C:\build\output\Unity-Technologies\mono\mono\metadata\icall.c:1842:
Symbol file LoadedFromMemory doesn't match image C:\Users\aaron\Documents\GitHub\Future-Alien-Drug-Game\Future-Alien-Drug-Game\Library\PackageCache\com.unity.visualscripting@1.8.0\Editor\VisualScripting.Core\Dependencies\YamlDotNet\Unity.VisualScripting.YamlDotNet.dll
Symbol file LoadedFromMemory doesn't match image C:\Users\aaron\Documents\GitHub\Future-Alien-Drug-Game\Future-Alien-Drug-Game\Library\PackageCache\com.unity.visualscripting@1.8.0\Editor\VisualScripting.Core\Dependencies\DotNetZip\Unity.VisualScripting.IonicZip.dll
- Loaded All Assemblies, in  0.770 seconds
Refreshing native plugins compatible for Editor in 0.98 ms, found 3 plugins.
Native extension for WindowsStandalone target not found
Mono: successfully reloaded assembly
- Finished resetting the current domain, in  0.822 seconds
Domain Reload Profiling: 1591ms
	BeginReloadAssembly (212ms)
		ExecutionOrderSort (0ms)
		DisableScriptedObjects (6ms)
		BackupInstance (0ms)
		ReleaseScriptingObjects (0ms)
		CreateAndSetChildDomain (63ms)
	RebuildCommonClasses (35ms)
	RebuildNativeTypeToScriptingClass (13ms)
	initialDomainReloadingComplete (33ms)
	LoadAllAssembliesAndSetupDomain (475ms)
		LoadAssemblies (398ms)
		RebuildTransferFunctionScriptingTraits (0ms)
		AnalyzeDomain (176ms)
			TypeCache.Refresh (7ms)
				TypeCache.ScanAssembly (0ms)
			BuildScriptInfoCaches (151ms)
			ResolveRequiredComponents (13ms)
	FinalizeReload (823ms)
		ReleaseScriptCaches (0ms)
		RebuildScriptCaches (0ms)
		SetupLoadedEditorAssemblies (587ms)
			LogAssemblyErrors (0ms)
			InitializePlatformSupportModulesInManaged (2ms)
			SetLoadedEditorAssemblies (6ms)
			BeforeProcessingInitializeOnLoad (130ms)
			ProcessInitializeOnLoadAttributes (402ms)
			ProcessInitializeOnLoadMethodAttributes (40ms)
			AfterProcessingInitializeOnLoad (6ms)
			EditorAssembliesLoaded (0ms)
		ExecutionOrderSort2 (0ms)
		AwakeInstancesAfterBackupRestoration (16ms)
Refreshing native plugins compatible for Editor in 0.86 ms, found 3 plugins.
Preloading 0 native plugins for Editor in 0.00 ms.
Unloading 23 Unused Serialized files (Serialized files now loaded: 0)
Unloading 5306 unused Assets / (5.4 MB). Loaded Objects now: 5996.
Memory consumption went from 264.5 MB to 259.1 MB.
Total: 10.846400 ms (FindLiveObjects: 0.602500 ms CreateObjectMapping: 0.913600 ms MarkObjects: 5.327200 ms  DeleteObjects: 4.002000 ms)

Prepare: number of updated asset objects reloaded= 0
========================================================================
Received Prepare
Refreshing native plugins compatible for Editor in 0.98 ms, found 3 plugins.
Preloading 0 native plugins for Editor in 0.00 ms.
Unloading 21 Unused Serialized files (Serialized files now loaded: 0)
Unloading 5298 unused Assets / (5.4 MB). Loaded Objects now: 5996.
Memory consumption went from 264.5 MB to 259.1 MB.
Total: 11.801300 ms (FindLiveObjects: 0.823800 ms CreateObjectMapping: 1.095900 ms MarkObjects: 6.067100 ms  DeleteObjects: 3.813200 ms)

Prepare: number of updated asset objects reloaded= 0
========================================================================
Received Prepare
Begin MonoManager ReloadAssembly
C:\build\output\Unity-Technologies\mono\mono\metadata\icall.c:1842:
C:\build\output\Unity-Technologies\mono\mono\metadata\icall.c:1842:
C:\build\output\Unity-Technologies\mono\mono\metadata\icall.c:1842:
C:\build\output\Unity-Technologies\mono\mono\metadata\icall.c:1842:
C:\build\output\Unity-Technologies\mono\mono\metadata\icall.c:1842:
C:\build\output\Unity-Technologies\mono\mono\metadata\icall.c:1842:
C:\build\output\Unity-Technologies\mono\mono\metadata\icall.c:1842:
C:\build\output\Unity-Technologies\mono\mono\metadata\icall.c:1842:
C:\build\output\Unity-Technologies\mono\mono\metadata\icall.c:1842:
C:\build\output\Unity-Technologies\mono\mono\metadata\icall.c:1842:
C:\build\output\Unity-Technologies\mono\mono\metadata\icall.c:1842:
C:\build\output\Unity-Technologies\mono\mono\metadata\icall.c:1842:
Symbol file LoadedFromMemory doesn't match image C:\Users\aaron\Documents\GitHub\Future-Alien-Drug-Game\Future-Alien-Drug-Game\Library\PackageCache\com.unity.visualscripting@1.8.0\Editor\VisualScripting.Core\Dependencies\YamlDotNet\Unity.VisualScripting.YamlDotNet.dll
Symbol file LoadedFromMemory doesn't match image C:\Users\aaron\Documents\GitHub\Future-Alien-Drug-Game\Future-Alien-Drug-Game\Library\PackageCache\com.unity.visualscripting@1.8.0\Editor\VisualScripting.Core\Dependencies\DotNetZip\Unity.VisualScripting.IonicZip.dll
- Loaded All Assemblies, in  0.791 seconds
Refreshing native plugins compatible for Editor in 0.79 ms, found 3 plugins.
Native extension for WindowsStandalone target not found
Mono: successfully reloaded assembly
- Finished resetting the current domain, in  0.816 seconds
Domain Reload Profiling: 1605ms
	BeginReloadAssembly (222ms)
		ExecutionOrderSort (0ms)
		DisableScriptedObjects (4ms)
		BackupInstance (0ms)
		ReleaseScriptingObjects (0ms)
		CreateAndSetChildDomain (63ms)
	RebuildCommonClasses (39ms)
	RebuildNativeTypeToScriptingClass (13ms)
	initialDomainReloadingComplete (35ms)
	LoadAllAssembliesAndSetupDomain (477ms)
		LoadAssemblies (429ms)
		RebuildTransferFunctionScriptingTraits (0ms)
		AnalyzeDomain (159ms)
			TypeCache.Refresh (9ms)
				TypeCache.ScanAssembly (1ms)
			BuildScriptInfoCaches (134ms)
			ResolveRequiredComponents (11ms)
	FinalizeReload (817ms)
		ReleaseScriptCaches (0ms)
		RebuildScriptCaches (0ms)
		SetupLoadedEditorAssemblies (594ms)
			LogAssemblyErrors (0ms)
			InitializePlatformSupportModulesInManaged (3ms)
			SetLoadedEditorAssemblies (7ms)
			BeforeProcessingInitializeOnLoad (132ms)
			ProcessInitializeOnLoadAttributes (405ms)
			ProcessInitializeOnLoadMethodAttributes (40ms)
			AfterProcessingInitializeOnLoad (7ms)
			EditorAssembliesLoaded (0ms)
		ExecutionOrderSort2 (0ms)
		AwakeInstancesAfterBackupRestoration (18ms)
Refreshing native plugins compatible for Editor in 0.94 ms, found 3 plugins.
Preloading 0 native plugins for Editor in 0.00 ms.
Unloading 23 Unused Serialized files (Serialized files now loaded: 0)
Unloading 5306 unused Assets / (5.3 MB). Loaded Objects now: 5996.
Memory consumption went from 266.4 MB to 261.1 MB.
Total: 9.123600 ms (FindLiveObjects: 1.009000 ms CreateObjectMapping: 0.473300 ms MarkObjects: 5.030300 ms  DeleteObjects: 2.609900 ms)

Prepare: number of updated asset objects reloaded= 0
========================================================================
Received Prepare
Begin MonoManager ReloadAssembly
C:\build\output\Unity-Technologies\mono\mono\metadata\icall.c:1842:
C:\build\output\Unity-Technologies\mono\mono\metadata\icall.c:1842:
C:\build\output\Unity-Technologies\mono\mono\metadata\icall.c:1842:
C:\build\output\Unity-Technologies\mono\mono\metadata\icall.c:1842:
C:\build\output\Unity-Technologies\mono\mono\metadata\icall.c:1842:
C:\build\output\Unity-Technologies\mono\mono\metadata\icall.c:1842:
C:\build\output\Unity-Technologies\mono\mono\metadata\icall.c:1842:
C:\build\output\Unity-Technologies\mono\mono\metadata\icall.c:1842:
C:\build\output\Unity-Technologies\mono\mono\metadata\icall.c:1842:
C:\build\output\Unity-Technologies\mono\mono\metadata\icall.c:1842:
C:\build\output\Unity-Technologies\mono\mono\metadata\icall.c:1842:
C:\build\output\Unity-Technologies\mono\mono\metadata\icall.c:1842:
Symbol file LoadedFromMemory doesn't match image C:\Users\aaron\Documents\GitHub\Future-Alien-Drug-Game\Future-Alien-Drug-Game\Library\PackageCache\com.unity.visualscripting@1.8.0\Editor\VisualScripting.Core\Dependencies\YamlDotNet\Unity.VisualScripting.YamlDotNet.dll
Symbol file LoadedFromMemory doesn't match image C:\Users\aaron\Documents\GitHub\Future-Alien-Drug-Game\Future-Alien-Drug-Game\Library\PackageCache\com.unity.visualscripting@1.8.0\Editor\VisualScripting.Core\Dependencies\DotNetZip\Unity.VisualScripting.IonicZip.dll
- Loaded All Assemblies, in  0.744 seconds
Refreshing native plugins compatible for Editor in 1.04 ms, found 3 plugins.
Native extension for WindowsStandalone target not found
Mono: successfully reloaded assembly
- Finished resetting the current domain, in  0.801 seconds
Domain Reload Profiling: 1545ms
	BeginReloadAssembly (208ms)
		ExecutionOrderSort (0ms)
		DisableScriptedObjects (6ms)
		BackupInstance (0ms)
		ReleaseScriptingObjects (0ms)
		CreateAndSetChildDomain (54ms)
	RebuildCommonClasses (39ms)
	RebuildNativeTypeToScriptingClass (12ms)
	initialDomainReloadingComplete (33ms)
	LoadAllAssembliesAndSetupDomain (451ms)
		LoadAssemblies (399ms)
		RebuildTransferFunctionScriptingTraits (0ms)
		AnalyzeDomain (159ms)
			TypeCache.Refresh (6ms)
				TypeCache.ScanAssembly (0ms)
			BuildScriptInfoCaches (139ms)
			ResolveRequiredComponents (10ms)
	FinalizeReload (802ms)
		ReleaseScriptCaches (0ms)
		RebuildScriptCaches (0ms)
		SetupLoadedEditorAssemblies (576ms)
			LogAssemblyErrors (0ms)
			InitializePlatformSupportModulesInManaged (2ms)
			SetLoadedEditorAssemblies (6ms)
			BeforeProcessingInitializeOnLoad (127ms)
			ProcessInitializeOnLoadAttributes (396ms)
			ProcessInitializeOnLoadMethodAttributes (37ms)
			AfterProcessingInitializeOnLoad (8ms)
			EditorAssembliesLoaded (0ms)
		ExecutionOrderSort2 (0ms)
		AwakeInstancesAfterBackupRestoration (18ms)
Refreshing native plugins compatible for Editor in 1.35 ms, found 3 plugins.
Preloading 0 native plugins for Editor in 0.00 ms.
Unloading 23 Unused Serialized files (Serialized files now loaded: 0)
Unloading 5306 unused Assets / (5.8 MB). Loaded Objects now: 5996.
Memory consumption went from 268.3 MB to 262.6 MB.
Total: 10.461500 ms (FindLiveObjects: 0.807800 ms CreateObjectMapping: 1.000600 ms MarkObjects: 5.254500 ms  DeleteObjects: 3.397600 ms)

Prepare: number of updated asset objects reloaded= 0
========================================================================
Received Prepare
Refreshing native plugins compatible for Editor in 0.96 ms, found 3 plugins.
Preloading 0 native plugins for Editor in 0.00 ms.
Unloading 21 Unused Serialized files (Serialized files now loaded: 0)
Unloading 5298 unused Assets / (5.1 MB). Loaded Objects now: 5996.
Memory consumption went from 268.3 MB to 263.2 MB.
Total: 10.094300 ms (FindLiveObjects: 0.933500 ms CreateObjectMapping: 0.932400 ms MarkObjects: 5.268800 ms  DeleteObjects: 2.958100 ms)

Prepare: number of updated asset objects reloaded= 0
========================================================================
Received Prepare
Begin MonoManager ReloadAssembly
C:\build\output\Unity-Technologies\mono\mono\metadata\icall.c:1842:
C:\build\output\Unity-Technologies\mono\mono\metadata\icall.c:1842:
C:\build\output\Unity-Technologies\mono\mono\metadata\icall.c:1842:
C:\build\output\Unity-Technologies\mono\mono\metadata\icall.c:1842:
C:\build\output\Unity-Technologies\mono\mono\metadata\icall.c:1842:
C:\build\output\Unity-Technologies\mono\mono\metadata\icall.c:1842:
C:\build\output\Unity-Technologies\mono\mono\metadata\icall.c:1842:
C:\build\output\Unity-Technologies\mono\mono\metadata\icall.c:1842:
C:\build\output\Unity-Technologies\mono\mono\metadata\icall.c:1842:
C:\build\output\Unity-Technologies\mono\mono\metadata\icall.c:1842:
C:\build\output\Unity-Technologies\mono\mono\metadata\icall.c:1842:
C:\build\output\Unity-Technologies\mono\mono\metadata\icall.c:1842:
Symbol file LoadedFromMemory doesn't match image C:\Users\aaron\Documents\GitHub\Future-Alien-Drug-Game\Future-Alien-Drug-Game\Library\PackageCache\com.unity.visualscripting@1.8.0\Editor\VisualScripting.Core\Dependencies\YamlDotNet\Unity.VisualScripting.YamlDotNet.dll
Symbol file LoadedFromMemory doesn't match image C:\Users\aaron\Documents\GitHub\Future-Alien-Drug-Game\Future-Alien-Drug-Game\Library\PackageCache\com.unity.visualscripting@1.8.0\Editor\VisualScripting.Core\Dependencies\DotNetZip\Unity.VisualScripting.IonicZip.dll
- Loaded All Assemblies, in  0.814 seconds
Refreshing native plugins compatible for Editor in 0.73 ms, found 3 plugins.
Native extension for WindowsStandalone target not found
Mono: successfully reloaded assembly
- Finished resetting the current domain, in  0.820 seconds
Domain Reload Profiling: 1633ms
	BeginReloadAssembly (216ms)
		ExecutionOrderSort (0ms)
		DisableScriptedObjects (4ms)
		BackupInstance (0ms)
		ReleaseScriptingObjects (0ms)
		CreateAndSetChildDomain (59ms)
	RebuildCommonClasses (35ms)
	RebuildNativeTypeToScriptingClass (13ms)
	initialDomainReloadingComplete (32ms)
	LoadAllAssembliesAndSetupDomain (515ms)
		LoadAssemblies (458ms)
		RebuildTransferFunctionScriptingTraits (0ms)
		AnalyzeDomain (165ms)
			TypeCache.Refresh (10ms)
				TypeCache.ScanAssembly (2ms)
			BuildScriptInfoCaches (138ms)
			ResolveRequiredComponents (13ms)
	FinalizeReload (821ms)
		ReleaseScriptCaches (0ms)
		RebuildScriptCaches (0ms)
		SetupLoadedEditorAssemblies (594ms)
			LogAssemblyErrors (0ms)
			InitializePlatformSupportModulesInManaged (2ms)
			SetLoadedEditorAssemblies (7ms)
			BeforeProcessingInitializeOnLoad (138ms)
			ProcessInitializeOnLoadAttributes (397ms)
			ProcessInitializeOnLoadMethodAttributes (40ms)
			AfterProcessingInitializeOnLoad (8ms)
			EditorAssembliesLoaded (0ms)
		ExecutionOrderSort2 (0ms)
		AwakeInstancesAfterBackupRestoration (19ms)
Refreshing native plugins compatible for Editor in 1.12 ms, found 3 plugins.
Preloading 0 native plugins for Editor in 0.00 ms.
Unloading 23 Unused Serialized files (Serialized files now loaded: 0)
Unloading 5306 unused Assets / (4.8 MB). Loaded Objects now: 5996.
Memory consumption went from 270.3 MB to 265.4 MB.
Total: 7.880600 ms (FindLiveObjects: 0.858200 ms CreateObjectMapping: 0.618700 ms MarkObjects: 4.172600 ms  DeleteObjects: 2.230100 ms)

Prepare: number of updated asset objects reloaded= 0
========================================================================
Received Prepare
Begin MonoManager ReloadAssembly
C:\build\output\Unity-Technologies\mono\mono\metadata\icall.c:1842:
C:\build\output\Unity-Technologies\mono\mono\metadata\icall.c:1842:
C:\build\output\Unity-Technologies\mono\mono\metadata\icall.c:1842:
C:\build\output\Unity-Technologies\mono\mono\metadata\icall.c:1842:
C:\build\output\Unity-Technologies\mono\mono\metadata\icall.c:1842:
C:\build\output\Unity-Technologies\mono\mono\metadata\icall.c:1842:
C:\build\output\Unity-Technologies\mono\mono\metadata\icall.c:1842:
C:\build\output\Unity-Technologies\mono\mono\metadata\icall.c:1842:
C:\build\output\Unity-Technologies\mono\mono\metadata\icall.c:1842:
C:\build\output\Unity-Technologies\mono\mono\metadata\icall.c:1842:
C:\build\output\Unity-Technologies\mono\mono\metadata\icall.c:1842:
C:\build\output\Unity-Technologies\mono\mono\metadata\icall.c:1842:
Symbol file LoadedFromMemory doesn't match image C:\Users\aaron\Documents\GitHub\Future-Alien-Drug-Game\Future-Alien-Drug-Game\Library\PackageCache\com.unity.visualscripting@1.8.0\Editor\VisualScripting.Core\Dependencies\YamlDotNet\Unity.VisualScripting.YamlDotNet.dll
Symbol file LoadedFromMemory doesn't match image C:\Users\aaron\Documents\GitHub\Future-Alien-Drug-Game\Future-Alien-Drug-Game\Library\PackageCache\com.unity.visualscripting@1.8.0\Editor\VisualScripting.Core\Dependencies\DotNetZip\Unity.VisualScripting.IonicZip.dll
- Loaded All Assemblies, in  0.774 seconds
Refreshing native plugins compatible for Editor in 1.04 ms, found 3 plugins.
Native extension for WindowsStandalone target not found
Mono: successfully reloaded assembly
- Finished resetting the current domain, in  0.817 seconds
Domain Reload Profiling: 1589ms
	BeginReloadAssembly (208ms)
		ExecutionOrderSort (0ms)
		DisableScriptedObjects (6ms)
		BackupInstance (0ms)
		ReleaseScriptingObjects (0ms)
		CreateAndSetChildDomain (55ms)
	RebuildCommonClasses (38ms)
	RebuildNativeTypeToScriptingClass (14ms)
	initialDomainReloadingComplete (34ms)
	LoadAllAssembliesAndSetupDomain (479ms)
		LoadAssemblies (419ms)
		RebuildTransferFunctionScriptingTraits (0ms)
		AnalyzeDomain (161ms)
			TypeCache.Refresh (12ms)
				TypeCache.ScanAssembly (0ms)
			BuildScriptInfoCaches (131ms)
			ResolveRequiredComponents (14ms)
	FinalizeReload (817ms)
		ReleaseScriptCaches (0ms)
		RebuildScriptCaches (0ms)
		SetupLoadedEditorAssemblies (587ms)
			LogAssemblyErrors (0ms)
			InitializePlatformSupportModulesInManaged (2ms)
			SetLoadedEditorAssemblies (6ms)
			BeforeProcessingInitializeOnLoad (130ms)
			ProcessInitializeOnLoadAttributes (404ms)
			ProcessInitializeOnLoadMethodAttributes (37ms)
			AfterProcessingInitializeOnLoad (7ms)
			EditorAssembliesLoaded (0ms)
		ExecutionOrderSort2 (0ms)
		AwakeInstancesAfterBackupRestoration (19ms)
Refreshing native plugins compatible for Editor in 1.85 ms, found 3 plugins.
Preloading 0 native plugins for Editor in 0.00 ms.
Unloading 23 Unused Serialized files (Serialized files now loaded: 0)
Unloading 5306 unused Assets / (5.2 MB). Loaded Objects now: 5996.
Memory consumption went from 272.2 MB to 266.9 MB.
Total: 10.962300 ms (FindLiveObjects: 0.631100 ms CreateObjectMapping: 0.690800 ms MarkObjects: 4.681400 ms  DeleteObjects: 4.958000 ms)

Prepare: number of updated asset objects reloaded= 0
========================================================================
Received Prepare
Begin MonoManager ReloadAssembly
C:\build\output\Unity-Technologies\mono\mono\metadata\icall.c:1842:
C:\build\output\Unity-Technologies\mono\mono\metadata\icall.c:1842:
C:\build\output\Unity-Technologies\mono\mono\metadata\icall.c:1842:
C:\build\output\Unity-Technologies\mono\mono\metadata\icall.c:1842:
C:\build\output\Unity-Technologies\mono\mono\metadata\icall.c:1842:
C:\build\output\Unity-Technologies\mono\mono\metadata\icall.c:1842:
C:\build\output\Unity-Technologies\mono\mono\metadata\icall.c:1842:
C:\build\output\Unity-Technologies\mono\mono\metadata\icall.c:1842:
C:\build\output\Unity-Technologies\mono\mono\metadata\icall.c:1842:
C:\build\output\Unity-Technologies\mono\mono\metadata\icall.c:1842:
C:\build\output\Unity-Technologies\mono\mono\metadata\icall.c:1842:
C:\build\output\Unity-Technologies\mono\mono\metadata\icall.c:1842:
Symbol file LoadedFromMemory doesn't match image C:\Users\aaron\Documents\GitHub\Future-Alien-Drug-Game\Future-Alien-Drug-Game\Library\PackageCache\com.unity.visualscripting@1.8.0\Editor\VisualScripting.Core\Dependencies\YamlDotNet\Unity.VisualScripting.YamlDotNet.dll
Symbol file LoadedFromMemory doesn't match image C:\Users\aaron\Documents\GitHub\Future-Alien-Drug-Game\Future-Alien-Drug-Game\Library\PackageCache\com.unity.visualscripting@1.8.0\Editor\VisualScripting.Core\Dependencies\DotNetZip\Unity.VisualScripting.IonicZip.dll
- Loaded All Assemblies, in  0.752 seconds
Refreshing native plugins compatible for Editor in 1.48 ms, found 3 plugins.
Native extension for WindowsStandalone target not found
Mono: successfully reloaded assembly
- Finished resetting the current domain, in  0.868 seconds
Domain Reload Profiling: 1617ms
	BeginReloadAssembly (204ms)
		ExecutionOrderSort (0ms)
		DisableScriptedObjects (5ms)
		BackupInstance (0ms)
		ReleaseScriptingObjects (0ms)
		CreateAndSetChildDomain (54ms)
	RebuildCommonClasses (37ms)
	RebuildNativeTypeToScriptingClass (13ms)
	initialDomainReloadingComplete (35ms)
	LoadAllAssembliesAndSetupDomain (460ms)
		LoadAssemblies (397ms)
		RebuildTransferFunctionScriptingTraits (0ms)
		AnalyzeDomain (164ms)
			TypeCache.Refresh (8ms)
				TypeCache.ScanAssembly (0ms)
			BuildScriptInfoCaches (140ms)
			ResolveRequiredComponents (11ms)
	FinalizeReload (868ms)
		ReleaseScriptCaches (0ms)
		RebuildScriptCaches (0ms)
		SetupLoadedEditorAssemblies (579ms)
			LogAssemblyErrors (0ms)
			InitializePlatformSupportModulesInManaged (2ms)
			SetLoadedEditorAssemblies (8ms)
			BeforeProcessingInitializeOnLoad (125ms)
			ProcessInitializeOnLoadAttributes (400ms)
			ProcessInitializeOnLoadMethodAttributes (37ms)
			AfterProcessingInitializeOnLoad (6ms)
			EditorAssembliesLoaded (0ms)
		ExecutionOrderSort2 (0ms)
		AwakeInstancesAfterBackupRestoration (19ms)
Refreshing native plugins compatible for Editor in 0.84 ms, found 3 plugins.
Preloading 0 native plugins for Editor in 0.00 ms.
Unloading 23 Unused Serialized files (Serialized files now loaded: 0)
Unloading 5306 unused Assets / (5.1 MB). Loaded Objects now: 5996.
Memory consumption went from 274.1 MB to 269.0 MB.
Total: 10.581500 ms (FindLiveObjects: 0.616300 ms CreateObjectMapping: 0.749200 ms MarkObjects: 5.629400 ms  DeleteObjects: 3.585300 ms)

Prepare: number of updated asset objects reloaded= 0
========================================================================
Received Prepare
Begin MonoManager ReloadAssembly
C:\build\output\Unity-Technologies\mono\mono\metadata\icall.c:1842:
C:\build\output\Unity-Technologies\mono\mono\metadata\icall.c:1842:
C:\build\output\Unity-Technologies\mono\mono\metadata\icall.c:1842:
C:\build\output\Unity-Technologies\mono\mono\metadata\icall.c:1842:
C:\build\output\Unity-Technologies\mono\mono\metadata\icall.c:1842:
C:\build\output\Unity-Technologies\mono\mono\metadata\icall.c:1842:
C:\build\output\Unity-Technologies\mono\mono\metadata\icall.c:1842:
C:\build\output\Unity-Technologies\mono\mono\metadata\icall.c:1842:
C:\build\output\Unity-Technologies\mono\mono\metadata\icall.c:1842:
C:\build\output\Unity-Technologies\mono\mono\metadata\icall.c:1842:
C:\build\output\Unity-Technologies\mono\mono\metadata\icall.c:1842:
C:\build\output\Unity-Technologies\mono\mono\metadata\icall.c:1842:
Symbol file LoadedFromMemory doesn't match image C:\Users\aaron\Documents\GitHub\Future-Alien-Drug-Game\Future-Alien-Drug-Game\Library\PackageCache\com.unity.visualscripting@1.8.0\Editor\VisualScripting.Core\Dependencies\YamlDotNet\Unity.VisualScripting.YamlDotNet.dll
Symbol file LoadedFromMemory doesn't match image C:\Users\aaron\Documents\GitHub\Future-Alien-Drug-Game\Future-Alien-Drug-Game\Library\PackageCache\com.unity.visualscripting@1.8.0\Editor\VisualScripting.Core\Dependencies\DotNetZip\Unity.VisualScripting.IonicZip.dll
- Loaded All Assemblies, in  0.676 seconds
Refreshing native plugins compatible for Editor in 0.81 ms, found 3 plugins.
Native extension for WindowsStandalone target not found
Mono: successfully reloaded assembly
- Finished resetting the current domain, in  0.731 seconds
Domain Reload Profiling: 1405ms
	BeginReloadAssembly (186ms)
		ExecutionOrderSort (0ms)
		DisableScriptedObjects (4ms)
		BackupInstance (0ms)
		ReleaseScriptingObjects (0ms)
		CreateAndSetChildDomain (47ms)
	RebuildCommonClasses (36ms)
	RebuildNativeTypeToScriptingClass (14ms)
	initialDomainReloadingComplete (31ms)
	LoadAllAssembliesAndSetupDomain (407ms)
		LoadAssemblies (363ms)
		RebuildTransferFunctionScriptingTraits (0ms)
		AnalyzeDomain (136ms)
			TypeCache.Refresh (6ms)
				TypeCache.ScanAssembly (0ms)
			BuildScriptInfoCaches (114ms)
			ResolveRequiredComponents (12ms)
	FinalizeReload (731ms)
		ReleaseScriptCaches (0ms)
		RebuildScriptCaches (0ms)
		SetupLoadedEditorAssemblies (527ms)
			LogAssemblyErrors (0ms)
			InitializePlatformSupportModulesInManaged (3ms)
			SetLoadedEditorAssemblies (7ms)
			BeforeProcessingInitializeOnLoad (114ms)
			ProcessInitializeOnLoadAttributes (361ms)
			ProcessInitializeOnLoadMethodAttributes (33ms)
			AfterProcessingInitializeOnLoad (9ms)
			EditorAssembliesLoaded (0ms)
		ExecutionOrderSort2 (0ms)
		AwakeInstancesAfterBackupRestoration (19ms)
Refreshing native plugins compatible for Editor in 0.81 ms, found 3 plugins.
Preloading 0 native plugins for Editor in 0.00 ms.
Unloading 23 Unused Serialized files (Serialized files now loaded: 0)
Unloading 5306 unused Assets / (4.7 MB). Loaded Objects now: 5996.
Memory consumption went from 276.0 MB to 271.3 MB.
Total: 6.753200 ms (FindLiveObjects: 0.609100 ms CreateObjectMapping: 0.273100 ms MarkObjects: 3.858000 ms  DeleteObjects: 2.012200 ms)

Prepare: number of updated asset objects reloaded= 0
========================================================================
Received Prepare
Begin MonoManager ReloadAssembly
C:\build\output\Unity-Technologies\mono\mono\metadata\icall.c:1842:
C:\build\output\Unity-Technologies\mono\mono\metadata\icall.c:1842:
C:\build\output\Unity-Technologies\mono\mono\metadata\icall.c:1842:
C:\build\output\Unity-Technologies\mono\mono\metadata\icall.c:1842:
C:\build\output\Unity-Technologies\mono\mono\metadata\icall.c:1842:
C:\build\output\Unity-Technologies\mono\mono\metadata\icall.c:1842:
C:\build\output\Unity-Technologies\mono\mono\metadata\icall.c:1842:
C:\build\output\Unity-Technologies\mono\mono\metadata\icall.c:1842:
C:\build\output\Unity-Technologies\mono\mono\metadata\icall.c:1842:
C:\build\output\Unity-Technologies\mono\mono\metadata\icall.c:1842:
C:\build\output\Unity-Technologies\mono\mono\metadata\icall.c:1842:
C:\build\output\Unity-Technologies\mono\mono\metadata\icall.c:1842:
Symbol file LoadedFromMemory doesn't match image C:\Users\aaron\Documents\GitHub\Future-Alien-Drug-Game\Future-Alien-Drug-Game\Library\PackageCache\com.unity.visualscripting@1.8.0\Editor\VisualScripting.Core\Dependencies\YamlDotNet\Unity.VisualScripting.YamlDotNet.dll
Symbol file LoadedFromMemory doesn't match image C:\Users\aaron\Documents\GitHub\Future-Alien-Drug-Game\Future-Alien-Drug-Game\Library\PackageCache\com.unity.visualscripting@1.8.0\Editor\VisualScripting.Core\Dependencies\DotNetZip\Unity.VisualScripting.IonicZip.dll
- Loaded All Assemblies, in  0.699 seconds
Refreshing native plugins compatible for Editor in 0.67 ms, found 3 plugins.
Native extension for WindowsStandalone target not found
Mono: successfully reloaded assembly
- Finished resetting the current domain, in  0.733 seconds
Domain Reload Profiling: 1430ms
	BeginReloadAssembly (200ms)
		ExecutionOrderSort (0ms)
		DisableScriptedObjects (4ms)
		BackupInstance (0ms)
		ReleaseScriptingObjects (0ms)
		CreateAndSetChildDomain (51ms)
	RebuildCommonClasses (38ms)
	RebuildNativeTypeToScriptingClass (12ms)
	initialDomainReloadingComplete (31ms)
	LoadAllAssembliesAndSetupDomain (416ms)
		LoadAssemblies (366ms)
		RebuildTransferFunctionScriptingTraits (0ms)
		AnalyzeDomain (150ms)
			TypeCache.Refresh (7ms)
				TypeCache.ScanAssembly (0ms)
			BuildScriptInfoCaches (127ms)
			ResolveRequiredComponents (10ms)
	FinalizeReload (733ms)
		ReleaseScriptCaches (0ms)
		RebuildScriptCaches (0ms)
		SetupLoadedEditorAssemblies (523ms)
			LogAssemblyErrors (0ms)
			InitializePlatformSupportModulesInManaged (2ms)
			SetLoadedEditorAssemblies (6ms)
			BeforeProcessingInitializeOnLoad (104ms)
			ProcessInitializeOnLoadAttributes (373ms)
			ProcessInitializeOnLoadMethodAttributes (32ms)
			AfterProcessingInitializeOnLoad (6ms)
			EditorAssembliesLoaded (0ms)
		ExecutionOrderSort2 (0ms)
		AwakeInstancesAfterBackupRestoration (17ms)
Refreshing native plugins compatible for Editor in 0.94 ms, found 3 plugins.
Preloading 0 native plugins for Editor in 0.00 ms.
Unloading 23 Unused Serialized files (Serialized files now loaded: 0)
Unloading 5306 unused Assets / (4.9 MB). Loaded Objects now: 5996.
Memory consumption went from 277.9 MB to 273.0 MB.
Total: 7.137700 ms (FindLiveObjects: 0.755200 ms CreateObjectMapping: 0.317800 ms MarkObjects: 3.755300 ms  DeleteObjects: 2.308400 ms)

Prepare: number of updated asset objects reloaded= 0
