Using pre-set license
Built from '2023.2/staging' branch; Version is '2023.2.4f1 (accd6d46ced1) revision 11324781'; Using compiler version '193431935'; Build Type 'Release'
OS: 'Windows 11  (10.0.26100) 64bit Professional' Language: 'en' Physical Memory: 32693 MB
BatchMode: 1, IsHumanControllingUs: 0, StartBugReporterOnCrash: 0, Is64bit: 1, IsPro: 1

COMMAND LINE ARGUMENTS:
C:\Program Files\Unity\Hub\Editor\2023.2.4f1\Editor\Unity.exe
-adb2
-batchMode
-noUpm
-name
AssetImportWorker8
-projectPath
C:/Users/aaron/Documents/GitHub/Future-Alien-Drug-Game/Future-Alien-Drug-Game
-logFile
Logs/AssetImportWorker8.log
-srvPort
63180
-job-worker-count
5
-background-job-worker-count
8
-asset-garbage-collectors
1
Successfully changed project path to: C:/Users/aaron/Documents/GitHub/Future-Alien-Drug-Game/Future-Alien-Drug-Game
C:/Users/aaron/Documents/GitHub/Future-Alien-Drug-Game/Future-Alien-Drug-Game
[UnityMemory] Configuration Parameters - Can be set up in boot.config
    "memorysetup-bucket-allocator-granularity=16"
    "memorysetup-bucket-allocator-bucket-count=8"
    "memorysetup-bucket-allocator-block-size=33554432"
    "memorysetup-bucket-allocator-block-count=8"
    "memorysetup-main-allocator-block-size=16777216"
    "memorysetup-thread-allocator-block-size=16777216"
    "memorysetup-gfx-main-allocator-block-size=16777216"
    "memorysetup-gfx-thread-allocator-block-size=16777216"
    "memorysetup-cache-allocator-block-size=4194304"
    "memorysetup-typetree-allocator-block-size=2097152"
    "memorysetup-profiler-bucket-allocator-granularity=16"
    "memorysetup-profiler-bucket-allocator-bucket-count=8"
    "memorysetup-profiler-bucket-allocator-block-size=33554432"
    "memorysetup-profiler-bucket-allocator-block-count=8"
    "memorysetup-profiler-allocator-block-size=16777216"
    "memorysetup-profiler-editor-allocator-block-size=1048576"
    "memorysetup-temp-allocator-size-main=16777216"
    "memorysetup-job-temp-allocator-block-size=2097152"
    "memorysetup-job-temp-allocator-block-size-background=1048576"
    "memorysetup-job-temp-allocator-reduction-small-platforms=262144"
    "memorysetup-allocator-temp-initial-block-size-main=262144"
    "memorysetup-allocator-temp-initial-block-size-worker=262144"
    "memorysetup-temp-allocator-size-background-worker=32768"
    "memorysetup-temp-allocator-size-job-worker=262144"
    "memorysetup-temp-allocator-size-preload-manager=33554432"
    "memorysetup-temp-allocator-size-nav-mesh-worker=65536"
    "memorysetup-temp-allocator-size-audio-worker=65536"
    "memorysetup-temp-allocator-size-cloud-worker=32768"
    "memorysetup-temp-allocator-size-gi-baking-worker=262144"
    "memorysetup-temp-allocator-size-gi-baking-worker=262144"
    "memorysetup-temp-allocator-size-gi-baking-worker=262144"
    "memorysetup-temp-allocator-size-gi-baking-worker=262144"
    "memorysetup-temp-allocator-size-gfx=262144"
Player connection [5976] Host "[IP] 192.168.0.173 [Port] 0 [Flags] 2 [Guid] 2649128585 [EditorId] 2649128585 [Version] 1048832 [Id] WindowsEditor(7,Aaron-pc2) [Debug] 1 [PackageName] WindowsEditor [ProjectName] Editor" joined multi-casting on [225.0.0.222:54997]...
Player connection [5976] Host "[IP] 192.168.0.173 [Port] 0 [Flags] 2 [Guid] 2649128585 [EditorId] 2649128585 [Version] 1048832 [Id] WindowsEditor(7,Aaron-pc2) [Debug] 1 [PackageName] WindowsEditor [ProjectName] Editor" joined alternative multi-casting on [225.0.0.222:34997]...
JobSystem: Creating JobQueue using job-worker-count value 5
[Physics::Module] Initialized MultithreadedJobDispatcher with 5 workers.
Library Redirect Path: Library/
Refreshing native plugins compatible for Editor in 1.62 ms, found 3 plugins.
Preloading 0 native plugins for Editor in 0.00 ms.
Initialize engine version: 2023.2.4f1 (accd6d46ced1)
[Subsystems] Discovering subsystems at path C:/Program Files/Unity/Hub/Editor/2023.2.4f1/Editor/Data/Resources/UnitySubsystems
[Subsystems] Discovering subsystems at path C:/Users/aaron/Documents/GitHub/Future-Alien-Drug-Game/Future-Alien-Drug-Game/Assets
GfxDevice: creating device client; kGfxThreadingModeNonThreaded
Direct3D:
    Version:  Direct3D 11.0 [level 11.1]
    Renderer: AMD Radeon RX 7600 (ID=0x7480)
    Vendor:   ATI
    VRAM:     8109 MB
    Driver:   32.0.12019.1028
Initialize mono
Mono path[0] = 'C:/Program Files/Unity/Hub/Editor/2023.2.4f1/Editor/Data/Managed'
Mono path[1] = 'C:/Program Files/Unity/Hub/Editor/2023.2.4f1/Editor/Data/MonoBleedingEdge/lib/mono/unityjit-win32'
Mono config path = 'C:/Program Files/Unity/Hub/Editor/2023.2.4f1/Editor/Data/MonoBleedingEdge/etc'
Using monoOptions --debugger-agent=transport=dt_socket,embedding=1,server=y,suspend=n,address=127.0.0.1:56020
Begin MonoManager ReloadAssembly
C:\build\output\Unity-Technologies\mono\mono\metadata\icall.c:1842:
C:\build\output\Unity-Technologies\mono\mono\metadata\icall.c:1842:
C:\build\output\Unity-Technologies\mono\mono\metadata\icall.c:1842:
C:\build\output\Unity-Technologies\mono\mono\metadata\icall.c:1842:
C:\build\output\Unity-Technologies\mono\mono\metadata\icall.c:1842:
C:\build\output\Unity-Technologies\mono\mono\metadata\icall.c:1842:
C:\build\output\Unity-Technologies\mono\mono\metadata\icall.c:1842:
C:\build\output\Unity-Technologies\mono\mono\metadata\icall.c:1842:
C:\build\output\Unity-Technologies\mono\mono\metadata\icall.c:1842:
C:\build\output\Unity-Technologies\mono\mono\metadata\icall.c:1842:
Registering precompiled unity dll's ...
Register platform support module: C:/Program Files/Unity/Hub/Editor/2023.2.4f1/Editor/Data/PlaybackEngines/WindowsStandaloneSupport/UnityEditor.WindowsStandalone.Extensions.dll
Registered in 0.003282 seconds.
- Loaded All Assemblies, in  0.397 seconds
Native extension for WindowsStandalone target not found
Mono: successfully reloaded assembly
C:\build\output\Unity-Technologies\mono\mono\metadata\icall.c:1842:
C:\build\output\Unity-Technologies\mono\mono\metadata\icall.c:1842:
- Finished resetting the current domain, in  0.310 seconds
Domain Reload Profiling: 705ms
	BeginReloadAssembly (134ms)
		ExecutionOrderSort (0ms)
		DisableScriptedObjects (0ms)
		BackupInstance (0ms)
		ReleaseScriptingObjects (0ms)
		CreateAndSetChildDomain (1ms)
	RebuildCommonClasses (37ms)
	RebuildNativeTypeToScriptingClass (12ms)
	initialDomainReloadingComplete (52ms)
	LoadAllAssembliesAndSetupDomain (159ms)
		LoadAssemblies (131ms)
		RebuildTransferFunctionScriptingTraits (0ms)
		AnalyzeDomain (156ms)
			TypeCache.Refresh (154ms)
				TypeCache.ScanAssembly (139ms)
			BuildScriptInfoCaches (0ms)
			ResolveRequiredComponents (1ms)
	FinalizeReload (311ms)
		ReleaseScriptCaches (0ms)
		RebuildScriptCaches (0ms)
		SetupLoadedEditorAssemblies (258ms)
			LogAssemblyErrors (0ms)
			InitializePlatformSupportModulesInManaged (9ms)
			SetLoadedEditorAssemblies (5ms)
			BeforeProcessingInitializeOnLoad (8ms)
			ProcessInitializeOnLoadAttributes (188ms)
			ProcessInitializeOnLoadMethodAttributes (47ms)
			AfterProcessingInitializeOnLoad (0ms)
			EditorAssembliesLoaded (0ms)
		ExecutionOrderSort2 (0ms)
		AwakeInstancesAfterBackupRestoration (0ms)
========================================================================
Worker process is ready to serve import requests
Import Worker Mode flag is 0x00
Begin MonoManager ReloadAssembly
C:\build\output\Unity-Technologies\mono\mono\metadata\icall.c:1842:
C:\build\output\Unity-Technologies\mono\mono\metadata\icall.c:1842:
C:\build\output\Unity-Technologies\mono\mono\metadata\icall.c:1842:
C:\build\output\Unity-Technologies\mono\mono\metadata\icall.c:1842:
C:\build\output\Unity-Technologies\mono\mono\metadata\icall.c:1842:
C:\build\output\Unity-Technologies\mono\mono\metadata\icall.c:1842:
C:\build\output\Unity-Technologies\mono\mono\metadata\icall.c:1842:
C:\build\output\Unity-Technologies\mono\mono\metadata\icall.c:1842:
C:\build\output\Unity-Technologies\mono\mono\metadata\icall.c:1842:
C:\build\output\Unity-Technologies\mono\mono\metadata\icall.c:1842:
C:\build\output\Unity-Technologies\mono\mono\metadata\icall.c:1842:
C:\build\output\Unity-Technologies\mono\mono\metadata\icall.c:1842:
Symbol file LoadedFromMemory doesn't match image C:\Users\aaron\Documents\GitHub\Future-Alien-Drug-Game\Future-Alien-Drug-Game\Library\PackageCache\com.unity.visualscripting@1.8.0\Editor\VisualScripting.Core\Dependencies\YamlDotNet\Unity.VisualScripting.YamlDotNet.dll
Symbol file LoadedFromMemory doesn't match image C:\Users\aaron\Documents\GitHub\Future-Alien-Drug-Game\Future-Alien-Drug-Game\Library\PackageCache\com.unity.visualscripting@1.8.0\Editor\VisualScripting.Core\Dependencies\DotNetZip\Unity.VisualScripting.IonicZip.dll
- Loaded All Assemblies, in  0.957 seconds
Refreshing native plugins compatible for Editor in 0.86 ms, found 3 plugins.
Native extension for WindowsStandalone target not found
Mono: successfully reloaded assembly
- Finished resetting the current domain, in  0.912 seconds
Domain Reload Profiling: 1865ms
	BeginReloadAssembly (347ms)
		ExecutionOrderSort (0ms)
		DisableScriptedObjects (5ms)
		BackupInstance (0ms)
		ReleaseScriptingObjects (0ms)
		CreateAndSetChildDomain (41ms)
	RebuildCommonClasses (36ms)
	RebuildNativeTypeToScriptingClass (12ms)
	initialDomainReloadingComplete (41ms)
	LoadAllAssembliesAndSetupDomain (517ms)
		LoadAssemblies (378ms)
		RebuildTransferFunctionScriptingTraits (0ms)
		AnalyzeDomain (234ms)
			TypeCache.Refresh (184ms)
				TypeCache.ScanAssembly (166ms)
			BuildScriptInfoCaches (35ms)
			ResolveRequiredComponents (12ms)
	FinalizeReload (912ms)
		ReleaseScriptCaches (0ms)
		RebuildScriptCaches (0ms)
		SetupLoadedEditorAssemblies (607ms)
			LogAssemblyErrors (0ms)
			InitializePlatformSupportModulesInManaged (3ms)
			SetLoadedEditorAssemblies (6ms)
			BeforeProcessingInitializeOnLoad (128ms)
			ProcessInitializeOnLoadAttributes (424ms)
			ProcessInitializeOnLoadMethodAttributes (40ms)
			AfterProcessingInitializeOnLoad (7ms)
			EditorAssembliesLoaded (0ms)
		ExecutionOrderSort2 (0ms)
		AwakeInstancesAfterBackupRestoration (6ms)
Launched and connected shader compiler UnityShaderCompiler.exe after 0.02 seconds
Refreshing native plugins compatible for Editor in 0.84 ms, found 3 plugins.
Preloading 0 native plugins for Editor in 0.00 ms.
Unloading 188 Unused Serialized files (Serialized files now loaded: 0)
Unloading 5308 unused Assets / (4.4 MB). Loaded Objects now: 5992.
Memory consumption went from 177.7 MB to 173.3 MB.
Total: 7.719400 ms (FindLiveObjects: 0.883000 ms CreateObjectMapping: 0.423200 ms MarkObjects: 4.379700 ms  DeleteObjects: 2.032400 ms)

========================================================================
Received Prepare
Refreshing native plugins compatible for Editor in 1.70 ms, found 3 plugins.
Preloading 0 native plugins for Editor in 0.00 ms.
Unloading 21 Unused Serialized files (Serialized files now loaded: 0)
Unloading 5298 unused Assets / (4.7 MB). Loaded Objects now: 5992.
Memory consumption went from 146.4 MB to 141.7 MB.
Total: 11.023600 ms (FindLiveObjects: 0.714700 ms CreateObjectMapping: 0.967100 ms MarkObjects: 5.957500 ms  DeleteObjects: 3.382700 ms)

Prepare: number of updated asset objects reloaded= 0
========================================================================
Received Prepare
Begin MonoManager ReloadAssembly
C:\build\output\Unity-Technologies\mono\mono\metadata\icall.c:1842:
C:\build\output\Unity-Technologies\mono\mono\metadata\icall.c:1842:
C:\build\output\Unity-Technologies\mono\mono\metadata\icall.c:1842:
C:\build\output\Unity-Technologies\mono\mono\metadata\icall.c:1842:
C:\build\output\Unity-Technologies\mono\mono\metadata\icall.c:1842:
C:\build\output\Unity-Technologies\mono\mono\metadata\icall.c:1842:
C:\build\output\Unity-Technologies\mono\mono\metadata\icall.c:1842:
C:\build\output\Unity-Technologies\mono\mono\metadata\icall.c:1842:
C:\build\output\Unity-Technologies\mono\mono\metadata\icall.c:1842:
C:\build\output\Unity-Technologies\mono\mono\metadata\icall.c:1842:
C:\build\output\Unity-Technologies\mono\mono\metadata\icall.c:1842:
C:\build\output\Unity-Technologies\mono\mono\metadata\icall.c:1842:
Symbol file LoadedFromMemory doesn't match image C:\Users\aaron\Documents\GitHub\Future-Alien-Drug-Game\Future-Alien-Drug-Game\Library\PackageCache\com.unity.visualscripting@1.8.0\Editor\VisualScripting.Core\Dependencies\YamlDotNet\Unity.VisualScripting.YamlDotNet.dll
Symbol file LoadedFromMemory doesn't match image C:\Users\aaron\Documents\GitHub\Future-Alien-Drug-Game\Future-Alien-Drug-Game\Library\PackageCache\com.unity.visualscripting@1.8.0\Editor\VisualScripting.Core\Dependencies\DotNetZip\Unity.VisualScripting.IonicZip.dll
- Loaded All Assemblies, in  0.776 seconds
Refreshing native plugins compatible for Editor in 0.87 ms, found 3 plugins.
Native extension for WindowsStandalone target not found
Mono: successfully reloaded assembly
- Finished resetting the current domain, in  0.835 seconds
Domain Reload Profiling: 1611ms
	BeginReloadAssembly (217ms)
		ExecutionOrderSort (0ms)
		DisableScriptedObjects (6ms)
		BackupInstance (0ms)
		ReleaseScriptingObjects (0ms)
		CreateAndSetChildDomain (62ms)
	RebuildCommonClasses (38ms)
	RebuildNativeTypeToScriptingClass (15ms)
	initialDomainReloadingComplete (33ms)
	LoadAllAssembliesAndSetupDomain (472ms)
		LoadAssemblies (408ms)
		RebuildTransferFunctionScriptingTraits (0ms)
		AnalyzeDomain (164ms)
			TypeCache.Refresh (9ms)
				TypeCache.ScanAssembly (1ms)
			BuildScriptInfoCaches (139ms)
			ResolveRequiredComponents (11ms)
	FinalizeReload (836ms)
		ReleaseScriptCaches (0ms)
		RebuildScriptCaches (0ms)
		SetupLoadedEditorAssemblies (607ms)
			LogAssemblyErrors (0ms)
			InitializePlatformSupportModulesInManaged (2ms)
			SetLoadedEditorAssemblies (9ms)
			BeforeProcessingInitializeOnLoad (148ms)
			ProcessInitializeOnLoadAttributes (398ms)
			ProcessInitializeOnLoadMethodAttributes (41ms)
			AfterProcessingInitializeOnLoad (9ms)
			EditorAssembliesLoaded (0ms)
		ExecutionOrderSort2 (0ms)
		AwakeInstancesAfterBackupRestoration (21ms)
Refreshing native plugins compatible for Editor in 0.85 ms, found 3 plugins.
Preloading 0 native plugins for Editor in 0.00 ms.
Unloading 24 Unused Serialized files (Serialized files now loaded: 0)
Unloading 5306 unused Assets / (5.3 MB). Loaded Objects now: 5993.
Memory consumption went from 150.7 MB to 145.3 MB.
Total: 8.878400 ms (FindLiveObjects: 0.760500 ms CreateObjectMapping: 0.918000 ms MarkObjects: 4.557300 ms  DeleteObjects: 2.641800 ms)

Prepare: number of updated asset objects reloaded= 0
========================================================================
Received Import Request.
  Time since last request: 1068854.908126 seconds.
  path: Assets/Prefab/UI/TwertaSeedSlot.prefab
  artifactKey: Guid(da3372c49ddf0d64e9ca2e1cf2d0abff) Importer(815301076,1909f56bfc062723c751e8b465ee728b)
Start importing Assets/Prefab/UI/TwertaSeedSlot.prefab using Guid(da3372c49ddf0d64e9ca2e1cf2d0abff) Importer(815301076,1909f56bfc062723c751e8b465ee728b) (PreviewImporter) -> (artifact id: '84ab180d107e91d5d363908ef6944fc5') in 0.0659495 seconds
Number of updated asset objects reloaded before import = 0Number of asset objects unloaded after import = 26

========================================================================
Received Import Request.
  Time since last request: 151.259833 seconds.
  path: Assets/Prefab/UI/PlaronlossSlot.prefab
  artifactKey: Guid(f12cdadfb48a42d43a53ba4584c0e576) Importer(815301076,1909f56bfc062723c751e8b465ee728b)
Start importing Assets/Prefab/UI/PlaronlossSlot.prefab using Guid(f12cdadfb48a42d43a53ba4584c0e576) Importer(815301076,1909f56bfc062723c751e8b465ee728b) (PreviewImporter) -> (artifact id: '89cc62d420a4cdc85521eedd0d62c488') in 0.0182857 seconds
Number of updated asset objects reloaded before import = 0Number of asset objects unloaded after import = 26

========================================================================
Received Import Request.
  Time since last request: 9.438619 seconds.
  path: Assets/Prefab/UI/TwertaSeedSlot.prefab
  artifactKey: Guid(da3372c49ddf0d64e9ca2e1cf2d0abff) Importer(815301076,1909f56bfc062723c751e8b465ee728b)
Start importing Assets/Prefab/UI/TwertaSeedSlot.prefab using Guid(da3372c49ddf0d64e9ca2e1cf2d0abff) Importer(815301076,1909f56bfc062723c751e8b465ee728b) (PreviewImporter) -> (artifact id: '75a62082fe9a01f4ad8e9368ce9c3c6b') in 0.0175196 seconds
Number of updated asset objects reloaded before import = 0Number of asset objects unloaded after import = 26

========================================================================
Received Import Request.
  Time since last request: 1.802104 seconds.
  path: Assets/Prefab/UI/TwertaSeedSlot.prefab
  artifactKey: Guid(da3372c49ddf0d64e9ca2e1cf2d0abff) Importer(815301076,1909f56bfc062723c751e8b465ee728b)
Start importing Assets/Prefab/UI/TwertaSeedSlot.prefab using Guid(da3372c49ddf0d64e9ca2e1cf2d0abff) Importer(815301076,1909f56bfc062723c751e8b465ee728b) (PreviewImporter) -> (artifact id: 'b4af441090bd2b75cacbfd62553f9962') in 0.0167677 seconds
Number of updated asset objects reloaded before import = 0Number of asset objects unloaded after import = 26

========================================================================
Received Import Request.
  Time since last request: 2.009234 seconds.
  path: Assets/Prefab/UI/TwertaSeedSlot.prefab
  artifactKey: Guid(da3372c49ddf0d64e9ca2e1cf2d0abff) Importer(815301076,1909f56bfc062723c751e8b465ee728b)
Start importing Assets/Prefab/UI/TwertaSeedSlot.prefab using Guid(da3372c49ddf0d64e9ca2e1cf2d0abff) Importer(815301076,1909f56bfc062723c751e8b465ee728b) (PreviewImporter) -> (artifact id: 'acfd376352b8ce37c762f56810fd8ee8') in 0.0164816 seconds
Number of updated asset objects reloaded before import = 0Number of asset objects unloaded after import = 26

========================================================================
Received Import Request.
  Time since last request: 6.204860 seconds.
  path: Assets/Prefab/UI/PlaronSeedSlot.prefab
  artifactKey: Guid(2a8e84f26f9ef8b4a957670af636fc2e) Importer(815301076,1909f56bfc062723c751e8b465ee728b)
Start importing Assets/Prefab/UI/PlaronSeedSlot.prefab using Guid(2a8e84f26f9ef8b4a957670af636fc2e) Importer(815301076,1909f56bfc062723c751e8b465ee728b) (PreviewImporter) -> (artifact id: '4010668522a1820313edf7dba13ad08a') in 0.0139007 seconds
Number of updated asset objects reloaded before import = 0Number of asset objects unloaded after import = 26

========================================================================
Received Import Request.
  Time since last request: 2.618484 seconds.
  path: Assets/Prefab/UI/PlaronSeedSlot.prefab
  artifactKey: Guid(2a8e84f26f9ef8b4a957670af636fc2e) Importer(815301076,1909f56bfc062723c751e8b465ee728b)
Start importing Assets/Prefab/UI/PlaronSeedSlot.prefab using Guid(2a8e84f26f9ef8b4a957670af636fc2e) Importer(815301076,1909f56bfc062723c751e8b465ee728b) (PreviewImporter) -> (artifact id: '157da0509d7599653b01580fade2fd52') in 0.0151592 seconds
Number of updated asset objects reloaded before import = 0Number of asset objects unloaded after import = 26

========================================================================
Received Prepare
Begin MonoManager ReloadAssembly
C:\build\output\Unity-Technologies\mono\mono\metadata\icall.c:1842:
C:\build\output\Unity-Technologies\mono\mono\metadata\icall.c:1842:
C:\build\output\Unity-Technologies\mono\mono\metadata\icall.c:1842:
C:\build\output\Unity-Technologies\mono\mono\metadata\icall.c:1842:
C:\build\output\Unity-Technologies\mono\mono\metadata\icall.c:1842:
C:\build\output\Unity-Technologies\mono\mono\metadata\icall.c:1842:
C:\build\output\Unity-Technologies\mono\mono\metadata\icall.c:1842:
C:\build\output\Unity-Technologies\mono\mono\metadata\icall.c:1842:
C:\build\output\Unity-Technologies\mono\mono\metadata\icall.c:1842:
C:\build\output\Unity-Technologies\mono\mono\metadata\icall.c:1842:
C:\build\output\Unity-Technologies\mono\mono\metadata\icall.c:1842:
C:\build\output\Unity-Technologies\mono\mono\metadata\icall.c:1842:
Symbol file LoadedFromMemory doesn't match image C:\Users\aaron\Documents\GitHub\Future-Alien-Drug-Game\Future-Alien-Drug-Game\Library\PackageCache\com.unity.visualscripting@1.8.0\Editor\VisualScripting.Core\Dependencies\YamlDotNet\Unity.VisualScripting.YamlDotNet.dll
Symbol file LoadedFromMemory doesn't match image C:\Users\aaron\Documents\GitHub\Future-Alien-Drug-Game\Future-Alien-Drug-Game\Library\PackageCache\com.unity.visualscripting@1.8.0\Editor\VisualScripting.Core\Dependencies\DotNetZip\Unity.VisualScripting.IonicZip.dll
- Loaded All Assemblies, in  0.762 seconds
Refreshing native plugins compatible for Editor in 0.97 ms, found 3 plugins.
Native extension for WindowsStandalone target not found
Mono: successfully reloaded assembly
- Finished resetting the current domain, in  0.889 seconds
Domain Reload Profiling: 1649ms
	BeginReloadAssembly (213ms)
		ExecutionOrderSort (0ms)
		DisableScriptedObjects (7ms)
		BackupInstance (0ms)
		ReleaseScriptingObjects (0ms)
		CreateAndSetChildDomain (58ms)
	RebuildCommonClasses (40ms)
	RebuildNativeTypeToScriptingClass (15ms)
	initialDomainReloadingComplete (31ms)
	LoadAllAssembliesAndSetupDomain (460ms)
		LoadAssemblies (402ms)
		RebuildTransferFunctionScriptingTraits (0ms)
		AnalyzeDomain (159ms)
			TypeCache.Refresh (8ms)
				TypeCache.ScanAssembly (0ms)
			BuildScriptInfoCaches (136ms)
			ResolveRequiredComponents (11ms)
	FinalizeReload (890ms)
		ReleaseScriptCaches (0ms)
		RebuildScriptCaches (0ms)
		SetupLoadedEditorAssemblies (611ms)
			LogAssemblyErrors (0ms)
			InitializePlatformSupportModulesInManaged (3ms)
			SetLoadedEditorAssemblies (7ms)
			BeforeProcessingInitializeOnLoad (131ms)
			ProcessInitializeOnLoadAttributes (422ms)
			ProcessInitializeOnLoadMethodAttributes (37ms)
			AfterProcessingInitializeOnLoad (10ms)
			EditorAssembliesLoaded (0ms)
		ExecutionOrderSort2 (0ms)
		AwakeInstancesAfterBackupRestoration (23ms)
Refreshing native plugins compatible for Editor in 0.94 ms, found 3 plugins.
Preloading 0 native plugins for Editor in 0.00 ms.
Unloading 23 Unused Serialized files (Serialized files now loaded: 0)
Unloading 5306 unused Assets / (4.6 MB). Loaded Objects now: 5996.
Memory consumption went from 154.9 MB to 150.3 MB.
Total: 8.533700 ms (FindLiveObjects: 0.699000 ms CreateObjectMapping: 0.331300 ms MarkObjects: 4.513800 ms  DeleteObjects: 2.988800 ms)

Prepare: number of updated asset objects reloaded= 0
========================================================================
Received Prepare
Begin MonoManager ReloadAssembly
C:\build\output\Unity-Technologies\mono\mono\metadata\icall.c:1842:
C:\build\output\Unity-Technologies\mono\mono\metadata\icall.c:1842:
C:\build\output\Unity-Technologies\mono\mono\metadata\icall.c:1842:
C:\build\output\Unity-Technologies\mono\mono\metadata\icall.c:1842:
C:\build\output\Unity-Technologies\mono\mono\metadata\icall.c:1842:
C:\build\output\Unity-Technologies\mono\mono\metadata\icall.c:1842:
C:\build\output\Unity-Technologies\mono\mono\metadata\icall.c:1842:
C:\build\output\Unity-Technologies\mono\mono\metadata\icall.c:1842:
C:\build\output\Unity-Technologies\mono\mono\metadata\icall.c:1842:
C:\build\output\Unity-Technologies\mono\mono\metadata\icall.c:1842:
C:\build\output\Unity-Technologies\mono\mono\metadata\icall.c:1842:
C:\build\output\Unity-Technologies\mono\mono\metadata\icall.c:1842:
Symbol file LoadedFromMemory doesn't match image C:\Users\aaron\Documents\GitHub\Future-Alien-Drug-Game\Future-Alien-Drug-Game\Library\PackageCache\com.unity.visualscripting@1.8.0\Editor\VisualScripting.Core\Dependencies\YamlDotNet\Unity.VisualScripting.YamlDotNet.dll
Symbol file LoadedFromMemory doesn't match image C:\Users\aaron\Documents\GitHub\Future-Alien-Drug-Game\Future-Alien-Drug-Game\Library\PackageCache\com.unity.visualscripting@1.8.0\Editor\VisualScripting.Core\Dependencies\DotNetZip\Unity.VisualScripting.IonicZip.dll
- Loaded All Assemblies, in  0.921 seconds
Refreshing native plugins compatible for Editor in 1.07 ms, found 3 plugins.
Native extension for WindowsStandalone target not found
Mono: successfully reloaded assembly
- Finished resetting the current domain, in  0.857 seconds
Domain Reload Profiling: 1776ms
	BeginReloadAssembly (342ms)
		ExecutionOrderSort (0ms)
		DisableScriptedObjects (5ms)
		BackupInstance (0ms)
		ReleaseScriptingObjects (0ms)
		CreateAndSetChildDomain (144ms)
	RebuildCommonClasses (46ms)
	RebuildNativeTypeToScriptingClass (16ms)
	initialDomainReloadingComplete (38ms)
	LoadAllAssembliesAndSetupDomain (476ms)
		LoadAssemblies (451ms)
		RebuildTransferFunctionScriptingTraits (0ms)
		AnalyzeDomain (158ms)
			TypeCache.Refresh (7ms)
				TypeCache.ScanAssembly (0ms)
			BuildScriptInfoCaches (136ms)
			ResolveRequiredComponents (11ms)
	FinalizeReload (857ms)
		ReleaseScriptCaches (0ms)
		RebuildScriptCaches (0ms)
		SetupLoadedEditorAssemblies (625ms)
			LogAssemblyErrors (0ms)
			InitializePlatformSupportModulesInManaged (2ms)
			SetLoadedEditorAssemblies (7ms)
			BeforeProcessingInitializeOnLoad (136ms)
			ProcessInitializeOnLoadAttributes (432ms)
			ProcessInitializeOnLoadMethodAttributes (41ms)
			AfterProcessingInitializeOnLoad (6ms)
			EditorAssembliesLoaded (0ms)
		ExecutionOrderSort2 (0ms)
		AwakeInstancesAfterBackupRestoration (20ms)
Refreshing native plugins compatible for Editor in 0.83 ms, found 3 plugins.
Preloading 0 native plugins for Editor in 0.00 ms.
Unloading 23 Unused Serialized files (Serialized files now loaded: 0)
Unloading 5306 unused Assets / (4.8 MB). Loaded Objects now: 5996.
Memory consumption went from 156.9 MB to 152.1 MB.
Total: 10.846300 ms (FindLiveObjects: 0.639700 ms CreateObjectMapping: 0.667800 ms MarkObjects: 6.469700 ms  DeleteObjects: 3.067800 ms)

Prepare: number of updated asset objects reloaded= 0
========================================================================
Received Prepare
Begin MonoManager ReloadAssembly
C:\build\output\Unity-Technologies\mono\mono\metadata\icall.c:1842:
C:\build\output\Unity-Technologies\mono\mono\metadata\icall.c:1842:
C:\build\output\Unity-Technologies\mono\mono\metadata\icall.c:1842:
C:\build\output\Unity-Technologies\mono\mono\metadata\icall.c:1842:
C:\build\output\Unity-Technologies\mono\mono\metadata\icall.c:1842:
C:\build\output\Unity-Technologies\mono\mono\metadata\icall.c:1842:
C:\build\output\Unity-Technologies\mono\mono\metadata\icall.c:1842:
C:\build\output\Unity-Technologies\mono\mono\metadata\icall.c:1842:
C:\build\output\Unity-Technologies\mono\mono\metadata\icall.c:1842:
C:\build\output\Unity-Technologies\mono\mono\metadata\icall.c:1842:
C:\build\output\Unity-Technologies\mono\mono\metadata\icall.c:1842:
C:\build\output\Unity-Technologies\mono\mono\metadata\icall.c:1842:
Symbol file LoadedFromMemory doesn't match image C:\Users\aaron\Documents\GitHub\Future-Alien-Drug-Game\Future-Alien-Drug-Game\Library\PackageCache\com.unity.visualscripting@1.8.0\Editor\VisualScripting.Core\Dependencies\YamlDotNet\Unity.VisualScripting.YamlDotNet.dll
Symbol file LoadedFromMemory doesn't match image C:\Users\aaron\Documents\GitHub\Future-Alien-Drug-Game\Future-Alien-Drug-Game\Library\PackageCache\com.unity.visualscripting@1.8.0\Editor\VisualScripting.Core\Dependencies\DotNetZip\Unity.VisualScripting.IonicZip.dll
- Loaded All Assemblies, in  0.759 seconds
Refreshing native plugins compatible for Editor in 0.96 ms, found 3 plugins.
Native extension for WindowsStandalone target not found
Mono: successfully reloaded assembly
- Finished resetting the current domain, in  0.816 seconds
Domain Reload Profiling: 1573ms
	BeginReloadAssembly (215ms)
		ExecutionOrderSort (0ms)
		DisableScriptedObjects (5ms)
		BackupInstance (0ms)
		ReleaseScriptingObjects (0ms)
		CreateAndSetChildDomain (59ms)
	RebuildCommonClasses (41ms)
	RebuildNativeTypeToScriptingClass (13ms)
	initialDomainReloadingComplete (32ms)
	LoadAllAssembliesAndSetupDomain (456ms)
		LoadAssemblies (404ms)
		RebuildTransferFunctionScriptingTraits (0ms)
		AnalyzeDomain (158ms)
			TypeCache.Refresh (7ms)
				TypeCache.ScanAssembly (0ms)
			BuildScriptInfoCaches (136ms)
			ResolveRequiredComponents (12ms)
	FinalizeReload (816ms)
		ReleaseScriptCaches (0ms)
		RebuildScriptCaches (0ms)
		SetupLoadedEditorAssemblies (585ms)
			LogAssemblyErrors (0ms)
			InitializePlatformSupportModulesInManaged (3ms)
			SetLoadedEditorAssemblies (6ms)
			BeforeProcessingInitializeOnLoad (140ms)
			ProcessInitializeOnLoadAttributes (393ms)
			ProcessInitializeOnLoadMethodAttributes (34ms)
			AfterProcessingInitializeOnLoad (8ms)
			EditorAssembliesLoaded (0ms)
		ExecutionOrderSort2 (0ms)
		AwakeInstancesAfterBackupRestoration (18ms)
Refreshing native plugins compatible for Editor in 1.24 ms, found 3 plugins.
Preloading 0 native plugins for Editor in 0.00 ms.
Unloading 23 Unused Serialized files (Serialized files now loaded: 0)
Unloading 5306 unused Assets / (4.7 MB). Loaded Objects now: 5996.
Memory consumption went from 158.8 MB to 154.0 MB.
Total: 10.522800 ms (FindLiveObjects: 0.624000 ms CreateObjectMapping: 0.924600 ms MarkObjects: 5.453800 ms  DeleteObjects: 3.519500 ms)

Prepare: number of updated asset objects reloaded= 0
========================================================================
Received Prepare
Begin MonoManager ReloadAssembly
C:\build\output\Unity-Technologies\mono\mono\metadata\icall.c:1842:
C:\build\output\Unity-Technologies\mono\mono\metadata\icall.c:1842:
C:\build\output\Unity-Technologies\mono\mono\metadata\icall.c:1842:
C:\build\output\Unity-Technologies\mono\mono\metadata\icall.c:1842:
C:\build\output\Unity-Technologies\mono\mono\metadata\icall.c:1842:
C:\build\output\Unity-Technologies\mono\mono\metadata\icall.c:1842:
C:\build\output\Unity-Technologies\mono\mono\metadata\icall.c:1842:
C:\build\output\Unity-Technologies\mono\mono\metadata\icall.c:1842:
C:\build\output\Unity-Technologies\mono\mono\metadata\icall.c:1842:
C:\build\output\Unity-Technologies\mono\mono\metadata\icall.c:1842:
C:\build\output\Unity-Technologies\mono\mono\metadata\icall.c:1842:
C:\build\output\Unity-Technologies\mono\mono\metadata\icall.c:1842:
Symbol file LoadedFromMemory doesn't match image C:\Users\aaron\Documents\GitHub\Future-Alien-Drug-Game\Future-Alien-Drug-Game\Library\PackageCache\com.unity.visualscripting@1.8.0\Editor\VisualScripting.Core\Dependencies\YamlDotNet\Unity.VisualScripting.YamlDotNet.dll
Symbol file LoadedFromMemory doesn't match image C:\Users\aaron\Documents\GitHub\Future-Alien-Drug-Game\Future-Alien-Drug-Game\Library\PackageCache\com.unity.visualscripting@1.8.0\Editor\VisualScripting.Core\Dependencies\DotNetZip\Unity.VisualScripting.IonicZip.dll
- Loaded All Assemblies, in  0.745 seconds
Refreshing native plugins compatible for Editor in 0.84 ms, found 3 plugins.
Native extension for WindowsStandalone target not found
Mono: successfully reloaded assembly
- Finished resetting the current domain, in  0.822 seconds
Domain Reload Profiling: 1567ms
	BeginReloadAssembly (203ms)
		ExecutionOrderSort (0ms)
		DisableScriptedObjects (5ms)
		BackupInstance (0ms)
		ReleaseScriptingObjects (0ms)
		CreateAndSetChildDomain (59ms)
	RebuildCommonClasses (37ms)
	RebuildNativeTypeToScriptingClass (15ms)
	initialDomainReloadingComplete (30ms)
	LoadAllAssembliesAndSetupDomain (460ms)
		LoadAssemblies (390ms)
		RebuildTransferFunctionScriptingTraits (0ms)
		AnalyzeDomain (168ms)
			TypeCache.Refresh (7ms)
				TypeCache.ScanAssembly (0ms)
			BuildScriptInfoCaches (144ms)
			ResolveRequiredComponents (11ms)
	FinalizeReload (822ms)
		ReleaseScriptCaches (0ms)
		RebuildScriptCaches (0ms)
		SetupLoadedEditorAssemblies (595ms)
			LogAssemblyErrors (0ms)
			InitializePlatformSupportModulesInManaged (3ms)
			SetLoadedEditorAssemblies (8ms)
			BeforeProcessingInitializeOnLoad (145ms)
			ProcessInitializeOnLoadAttributes (393ms)
			ProcessInitializeOnLoadMethodAttributes (39ms)
			AfterProcessingInitializeOnLoad (8ms)
			EditorAssembliesLoaded (0ms)
		ExecutionOrderSort2 (0ms)
		AwakeInstancesAfterBackupRestoration (16ms)
Refreshing native plugins compatible for Editor in 0.76 ms, found 3 plugins.
Preloading 0 native plugins for Editor in 0.00 ms.
Unloading 23 Unused Serialized files (Serialized files now loaded: 0)
Unloading 5306 unused Assets / (5.2 MB). Loaded Objects now: 5996.
Memory consumption went from 160.7 MB to 155.5 MB.
Total: 10.749400 ms (FindLiveObjects: 1.634500 ms CreateObjectMapping: 1.471200 ms MarkObjects: 4.781100 ms  DeleteObjects: 2.861800 ms)

Prepare: number of updated asset objects reloaded= 0
========================================================================
Received Prepare
Refreshing native plugins compatible for Editor in 1.25 ms, found 3 plugins.
Preloading 0 native plugins for Editor in 0.00 ms.
Unloading 21 Unused Serialized files (Serialized files now loaded: 0)
Unloading 5298 unused Assets / (4.9 MB). Loaded Objects now: 5996.
Memory consumption went from 160.6 MB to 155.8 MB.
Total: 11.246900 ms (FindLiveObjects: 1.049100 ms CreateObjectMapping: 1.126500 ms MarkObjects: 5.030700 ms  DeleteObjects: 4.039400 ms)

Prepare: number of updated asset objects reloaded= 0
========================================================================
Received Prepare
Begin MonoManager ReloadAssembly
C:\build\output\Unity-Technologies\mono\mono\metadata\icall.c:1842:
C:\build\output\Unity-Technologies\mono\mono\metadata\icall.c:1842:
C:\build\output\Unity-Technologies\mono\mono\metadata\icall.c:1842:
C:\build\output\Unity-Technologies\mono\mono\metadata\icall.c:1842:
C:\build\output\Unity-Technologies\mono\mono\metadata\icall.c:1842:
C:\build\output\Unity-Technologies\mono\mono\metadata\icall.c:1842:
C:\build\output\Unity-Technologies\mono\mono\metadata\icall.c:1842:
C:\build\output\Unity-Technologies\mono\mono\metadata\icall.c:1842:
C:\build\output\Unity-Technologies\mono\mono\metadata\icall.c:1842:
C:\build\output\Unity-Technologies\mono\mono\metadata\icall.c:1842:
C:\build\output\Unity-Technologies\mono\mono\metadata\icall.c:1842:
C:\build\output\Unity-Technologies\mono\mono\metadata\icall.c:1842:
Symbol file LoadedFromMemory doesn't match image C:\Users\aaron\Documents\GitHub\Future-Alien-Drug-Game\Future-Alien-Drug-Game\Library\PackageCache\com.unity.visualscripting@1.8.0\Editor\VisualScripting.Core\Dependencies\YamlDotNet\Unity.VisualScripting.YamlDotNet.dll
Symbol file LoadedFromMemory doesn't match image C:\Users\aaron\Documents\GitHub\Future-Alien-Drug-Game\Future-Alien-Drug-Game\Library\PackageCache\com.unity.visualscripting@1.8.0\Editor\VisualScripting.Core\Dependencies\DotNetZip\Unity.VisualScripting.IonicZip.dll
- Loaded All Assemblies, in  0.726 seconds
Refreshing native plugins compatible for Editor in 0.91 ms, found 3 plugins.
Native extension for WindowsStandalone target not found
Mono: successfully reloaded assembly
- Finished resetting the current domain, in  0.770 seconds
Domain Reload Profiling: 1494ms
	BeginReloadAssembly (198ms)
		ExecutionOrderSort (0ms)
		DisableScriptedObjects (5ms)
		BackupInstance (0ms)
		ReleaseScriptingObjects (0ms)
		CreateAndSetChildDomain (57ms)
	RebuildCommonClasses (38ms)
	RebuildNativeTypeToScriptingClass (14ms)
	initialDomainReloadingComplete (30ms)
	LoadAllAssembliesAndSetupDomain (443ms)
		LoadAssemblies (382ms)
		RebuildTransferFunctionScriptingTraits (0ms)
		AnalyzeDomain (159ms)
			TypeCache.Refresh (11ms)
				TypeCache.ScanAssembly (1ms)
			BuildScriptInfoCaches (134ms)
			ResolveRequiredComponents (11ms)
	FinalizeReload (770ms)
		ReleaseScriptCaches (0ms)
		RebuildScriptCaches (0ms)
		SetupLoadedEditorAssemblies (549ms)
			LogAssemblyErrors (0ms)
			InitializePlatformSupportModulesInManaged (4ms)
			SetLoadedEditorAssemblies (7ms)
			BeforeProcessingInitializeOnLoad (124ms)
			ProcessInitializeOnLoadAttributes (373ms)
			ProcessInitializeOnLoadMethodAttributes (33ms)
			AfterProcessingInitializeOnLoad (7ms)
			EditorAssembliesLoaded (0ms)
		ExecutionOrderSort2 (0ms)
		AwakeInstancesAfterBackupRestoration (18ms)
Refreshing native plugins compatible for Editor in 0.87 ms, found 3 plugins.
Preloading 0 native plugins for Editor in 0.00 ms.
Unloading 23 Unused Serialized files (Serialized files now loaded: 0)
Unloading 5306 unused Assets / (4.9 MB). Loaded Objects now: 5996.
Memory consumption went from 162.6 MB to 157.7 MB.
Total: 8.972100 ms (FindLiveObjects: 0.591200 ms CreateObjectMapping: 0.313200 ms MarkObjects: 5.401700 ms  DeleteObjects: 2.664900 ms)

Prepare: number of updated asset objects reloaded= 0
========================================================================
Received Prepare
Begin MonoManager ReloadAssembly
C:\build\output\Unity-Technologies\mono\mono\metadata\icall.c:1842:
C:\build\output\Unity-Technologies\mono\mono\metadata\icall.c:1842:
C:\build\output\Unity-Technologies\mono\mono\metadata\icall.c:1842:
C:\build\output\Unity-Technologies\mono\mono\metadata\icall.c:1842:
C:\build\output\Unity-Technologies\mono\mono\metadata\icall.c:1842:
C:\build\output\Unity-Technologies\mono\mono\metadata\icall.c:1842:
C:\build\output\Unity-Technologies\mono\mono\metadata\icall.c:1842:
C:\build\output\Unity-Technologies\mono\mono\metadata\icall.c:1842:
C:\build\output\Unity-Technologies\mono\mono\metadata\icall.c:1842:
C:\build\output\Unity-Technologies\mono\mono\metadata\icall.c:1842:
C:\build\output\Unity-Technologies\mono\mono\metadata\icall.c:1842:
C:\build\output\Unity-Technologies\mono\mono\metadata\icall.c:1842:
Symbol file LoadedFromMemory doesn't match image C:\Users\aaron\Documents\GitHub\Future-Alien-Drug-Game\Future-Alien-Drug-Game\Library\PackageCache\com.unity.visualscripting@1.8.0\Editor\VisualScripting.Core\Dependencies\YamlDotNet\Unity.VisualScripting.YamlDotNet.dll
Symbol file LoadedFromMemory doesn't match image C:\Users\aaron\Documents\GitHub\Future-Alien-Drug-Game\Future-Alien-Drug-Game\Library\PackageCache\com.unity.visualscripting@1.8.0\Editor\VisualScripting.Core\Dependencies\DotNetZip\Unity.VisualScripting.IonicZip.dll
- Loaded All Assemblies, in  0.739 seconds
Refreshing native plugins compatible for Editor in 1.19 ms, found 3 plugins.
Native extension for WindowsStandalone target not found
Mono: successfully reloaded assembly
- Finished resetting the current domain, in  0.790 seconds
Domain Reload Profiling: 1528ms
	BeginReloadAssembly (214ms)
		ExecutionOrderSort (0ms)
		DisableScriptedObjects (5ms)
		BackupInstance (0ms)
		ReleaseScriptingObjects (0ms)
		CreateAndSetChildDomain (58ms)
	RebuildCommonClasses (38ms)
	RebuildNativeTypeToScriptingClass (11ms)
	initialDomainReloadingComplete (29ms)
	LoadAllAssembliesAndSetupDomain (445ms)
		LoadAssemblies (390ms)
		RebuildTransferFunctionScriptingTraits (0ms)
		AnalyzeDomain (162ms)
			TypeCache.Refresh (7ms)
				TypeCache.ScanAssembly (0ms)
			BuildScriptInfoCaches (139ms)
			ResolveRequiredComponents (12ms)
	FinalizeReload (791ms)
		ReleaseScriptCaches (0ms)
		RebuildScriptCaches (0ms)
		SetupLoadedEditorAssemblies (564ms)
			LogAssemblyErrors (0ms)
			InitializePlatformSupportModulesInManaged (2ms)
			SetLoadedEditorAssemblies (6ms)
			BeforeProcessingInitializeOnLoad (128ms)
			ProcessInitializeOnLoadAttributes (386ms)
			ProcessInitializeOnLoadMethodAttributes (35ms)
			AfterProcessingInitializeOnLoad (6ms)
			EditorAssembliesLoaded (0ms)
		ExecutionOrderSort2 (0ms)
		AwakeInstancesAfterBackupRestoration (19ms)
Refreshing native plugins compatible for Editor in 0.86 ms, found 3 plugins.
Preloading 0 native plugins for Editor in 0.00 ms.
Unloading 23 Unused Serialized files (Serialized files now loaded: 0)
Unloading 5306 unused Assets / (5.2 MB). Loaded Objects now: 5996.
Memory consumption went from 164.5 MB to 159.4 MB.
Total: 10.477300 ms (FindLiveObjects: 0.893500 ms CreateObjectMapping: 0.685100 ms MarkObjects: 4.467800 ms  DeleteObjects: 4.430000 ms)

Prepare: number of updated asset objects reloaded= 0
========================================================================
Received Prepare
Refreshing native plugins compatible for Editor in 1.05 ms, found 3 plugins.
Preloading 0 native plugins for Editor in 0.00 ms.
Unloading 21 Unused Serialized files (Serialized files now loaded: 0)
Unloading 5298 unused Assets / (5.0 MB). Loaded Objects now: 5996.
Memory consumption went from 164.5 MB to 159.5 MB.
Total: 11.344200 ms (FindLiveObjects: 2.349600 ms CreateObjectMapping: 1.276100 ms MarkObjects: 4.548100 ms  DeleteObjects: 3.169400 ms)

Prepare: number of updated asset objects reloaded= 0
========================================================================
Received Prepare
Begin MonoManager ReloadAssembly
C:\build\output\Unity-Technologies\mono\mono\metadata\icall.c:1842:
C:\build\output\Unity-Technologies\mono\mono\metadata\icall.c:1842:
C:\build\output\Unity-Technologies\mono\mono\metadata\icall.c:1842:
C:\build\output\Unity-Technologies\mono\mono\metadata\icall.c:1842:
C:\build\output\Unity-Technologies\mono\mono\metadata\icall.c:1842:
C:\build\output\Unity-Technologies\mono\mono\metadata\icall.c:1842:
C:\build\output\Unity-Technologies\mono\mono\metadata\icall.c:1842:
C:\build\output\Unity-Technologies\mono\mono\metadata\icall.c:1842:
C:\build\output\Unity-Technologies\mono\mono\metadata\icall.c:1842:
C:\build\output\Unity-Technologies\mono\mono\metadata\icall.c:1842:
C:\build\output\Unity-Technologies\mono\mono\metadata\icall.c:1842:
C:\build\output\Unity-Technologies\mono\mono\metadata\icall.c:1842:
Symbol file LoadedFromMemory doesn't match image C:\Users\aaron\Documents\GitHub\Future-Alien-Drug-Game\Future-Alien-Drug-Game\Library\PackageCache\com.unity.visualscripting@1.8.0\Editor\VisualScripting.Core\Dependencies\YamlDotNet\Unity.VisualScripting.YamlDotNet.dll
Symbol file LoadedFromMemory doesn't match image C:\Users\aaron\Documents\GitHub\Future-Alien-Drug-Game\Future-Alien-Drug-Game\Library\PackageCache\com.unity.visualscripting@1.8.0\Editor\VisualScripting.Core\Dependencies\DotNetZip\Unity.VisualScripting.IonicZip.dll
- Loaded All Assemblies, in  0.768 seconds
Refreshing native plugins compatible for Editor in 1.17 ms, found 3 plugins.
Native extension for WindowsStandalone target not found
Mono: successfully reloaded assembly
- Finished resetting the current domain, in  0.774 seconds
Domain Reload Profiling: 1541ms
	BeginReloadAssembly (220ms)
		ExecutionOrderSort (0ms)
		DisableScriptedObjects (4ms)
		BackupInstance (0ms)
		ReleaseScriptingObjects (0ms)
		CreateAndSetChildDomain (56ms)
	RebuildCommonClasses (41ms)
	RebuildNativeTypeToScriptingClass (14ms)
	initialDomainReloadingComplete (30ms)
	LoadAllAssembliesAndSetupDomain (462ms)
		LoadAssemblies (410ms)
		RebuildTransferFunctionScriptingTraits (0ms)
		AnalyzeDomain (167ms)
			TypeCache.Refresh (9ms)
				TypeCache.ScanAssembly (1ms)
			BuildScriptInfoCaches (144ms)
			ResolveRequiredComponents (10ms)
	FinalizeReload (774ms)
		ReleaseScriptCaches (0ms)
		RebuildScriptCaches (0ms)
		SetupLoadedEditorAssemblies (562ms)
			LogAssemblyErrors (0ms)
			InitializePlatformSupportModulesInManaged (2ms)
			SetLoadedEditorAssemblies (7ms)
			BeforeProcessingInitializeOnLoad (132ms)
			ProcessInitializeOnLoadAttributes (373ms)
			ProcessInitializeOnLoadMethodAttributes (40ms)
			AfterProcessingInitializeOnLoad (7ms)
			EditorAssembliesLoaded (0ms)
		ExecutionOrderSort2 (0ms)
		AwakeInstancesAfterBackupRestoration (18ms)
Refreshing native plugins compatible for Editor in 0.98 ms, found 3 plugins.
Preloading 0 native plugins for Editor in 0.00 ms.
Unloading 23 Unused Serialized files (Serialized files now loaded: 0)
Unloading 5306 unused Assets / (5.0 MB). Loaded Objects now: 5996.
Memory consumption went from 166.5 MB to 161.5 MB.
Total: 9.271000 ms (FindLiveObjects: 0.983000 ms CreateObjectMapping: 0.986800 ms MarkObjects: 4.772200 ms  DeleteObjects: 2.527700 ms)

Prepare: number of updated asset objects reloaded= 0
========================================================================
Received Prepare
Begin MonoManager ReloadAssembly
C:\build\output\Unity-Technologies\mono\mono\metadata\icall.c:1842:
C:\build\output\Unity-Technologies\mono\mono\metadata\icall.c:1842:
C:\build\output\Unity-Technologies\mono\mono\metadata\icall.c:1842:
C:\build\output\Unity-Technologies\mono\mono\metadata\icall.c:1842:
C:\build\output\Unity-Technologies\mono\mono\metadata\icall.c:1842:
C:\build\output\Unity-Technologies\mono\mono\metadata\icall.c:1842:
C:\build\output\Unity-Technologies\mono\mono\metadata\icall.c:1842:
C:\build\output\Unity-Technologies\mono\mono\metadata\icall.c:1842:
C:\build\output\Unity-Technologies\mono\mono\metadata\icall.c:1842:
C:\build\output\Unity-Technologies\mono\mono\metadata\icall.c:1842:
C:\build\output\Unity-Technologies\mono\mono\metadata\icall.c:1842:
C:\build\output\Unity-Technologies\mono\mono\metadata\icall.c:1842:
Symbol file LoadedFromMemory doesn't match image C:\Users\aaron\Documents\GitHub\Future-Alien-Drug-Game\Future-Alien-Drug-Game\Library\PackageCache\com.unity.visualscripting@1.8.0\Editor\VisualScripting.Core\Dependencies\YamlDotNet\Unity.VisualScripting.YamlDotNet.dll
Symbol file LoadedFromMemory doesn't match image C:\Users\aaron\Documents\GitHub\Future-Alien-Drug-Game\Future-Alien-Drug-Game\Library\PackageCache\com.unity.visualscripting@1.8.0\Editor\VisualScripting.Core\Dependencies\DotNetZip\Unity.VisualScripting.IonicZip.dll
- Loaded All Assemblies, in  0.723 seconds
Refreshing native plugins compatible for Editor in 1.01 ms, found 3 plugins.
Native extension for WindowsStandalone target not found
Mono: successfully reloaded assembly
- Finished resetting the current domain, in  0.787 seconds
Domain Reload Profiling: 1508ms
	BeginReloadAssembly (202ms)
		ExecutionOrderSort (0ms)
		DisableScriptedObjects (5ms)
		BackupInstance (0ms)
		ReleaseScriptingObjects (0ms)
		CreateAndSetChildDomain (55ms)
	RebuildCommonClasses (34ms)
	RebuildNativeTypeToScriptingClass (14ms)
	initialDomainReloadingComplete (29ms)
	LoadAllAssembliesAndSetupDomain (442ms)
		LoadAssemblies (392ms)
		RebuildTransferFunctionScriptingTraits (0ms)
		AnalyzeDomain (151ms)
			TypeCache.Refresh (6ms)
				TypeCache.ScanAssembly (0ms)
			BuildScriptInfoCaches (129ms)
			ResolveRequiredComponents (11ms)
	FinalizeReload (787ms)
		ReleaseScriptCaches (0ms)
		RebuildScriptCaches (0ms)
		SetupLoadedEditorAssemblies (576ms)
			LogAssemblyErrors (0ms)
			InitializePlatformSupportModulesInManaged (2ms)
			SetLoadedEditorAssemblies (6ms)
			BeforeProcessingInitializeOnLoad (131ms)
			ProcessInitializeOnLoadAttributes (388ms)
			ProcessInitializeOnLoadMethodAttributes (43ms)
			AfterProcessingInitializeOnLoad (6ms)
			EditorAssembliesLoaded (0ms)
		ExecutionOrderSort2 (0ms)
		AwakeInstancesAfterBackupRestoration (16ms)
Refreshing native plugins compatible for Editor in 1.21 ms, found 3 plugins.
Preloading 0 native plugins for Editor in 0.00 ms.
Unloading 23 Unused Serialized files (Serialized files now loaded: 0)
Unloading 5306 unused Assets / (5.5 MB). Loaded Objects now: 5996.
Memory consumption went from 168.4 MB to 162.9 MB.
Total: 8.891500 ms (FindLiveObjects: 0.694600 ms CreateObjectMapping: 0.808500 ms MarkObjects: 4.107900 ms  DeleteObjects: 3.279300 ms)

Prepare: number of updated asset objects reloaded= 0
========================================================================
Received Prepare
Refreshing native plugins compatible for Editor in 0.81 ms, found 3 plugins.
Preloading 0 native plugins for Editor in 0.00 ms.
Unloading 21 Unused Serialized files (Serialized files now loaded: 0)
Unloading 5298 unused Assets / (5.1 MB). Loaded Objects now: 5996.
Memory consumption went from 168.3 MB to 163.2 MB.
Total: 10.022600 ms (FindLiveObjects: 0.574000 ms CreateObjectMapping: 0.873500 ms MarkObjects: 4.173300 ms  DeleteObjects: 4.401000 ms)

Prepare: number of updated asset objects reloaded= 0
========================================================================
Received Prepare
Begin MonoManager ReloadAssembly
C:\build\output\Unity-Technologies\mono\mono\metadata\icall.c:1842:
C:\build\output\Unity-Technologies\mono\mono\metadata\icall.c:1842:
C:\build\output\Unity-Technologies\mono\mono\metadata\icall.c:1842:
C:\build\output\Unity-Technologies\mono\mono\metadata\icall.c:1842:
C:\build\output\Unity-Technologies\mono\mono\metadata\icall.c:1842:
C:\build\output\Unity-Technologies\mono\mono\metadata\icall.c:1842:
C:\build\output\Unity-Technologies\mono\mono\metadata\icall.c:1842:
C:\build\output\Unity-Technologies\mono\mono\metadata\icall.c:1842:
C:\build\output\Unity-Technologies\mono\mono\metadata\icall.c:1842:
C:\build\output\Unity-Technologies\mono\mono\metadata\icall.c:1842:
C:\build\output\Unity-Technologies\mono\mono\metadata\icall.c:1842:
C:\build\output\Unity-Technologies\mono\mono\metadata\icall.c:1842:
Symbol file LoadedFromMemory doesn't match image C:\Users\aaron\Documents\GitHub\Future-Alien-Drug-Game\Future-Alien-Drug-Game\Library\PackageCache\com.unity.visualscripting@1.8.0\Editor\VisualScripting.Core\Dependencies\YamlDotNet\Unity.VisualScripting.YamlDotNet.dll
Symbol file LoadedFromMemory doesn't match image C:\Users\aaron\Documents\GitHub\Future-Alien-Drug-Game\Future-Alien-Drug-Game\Library\PackageCache\com.unity.visualscripting@1.8.0\Editor\VisualScripting.Core\Dependencies\DotNetZip\Unity.VisualScripting.IonicZip.dll
- Loaded All Assemblies, in  0.921 seconds
Refreshing native plugins compatible for Editor in 1.26 ms, found 3 plugins.
Native extension for WindowsStandalone target not found
Mono: successfully reloaded assembly
- Finished resetting the current domain, in  0.980 seconds
Domain Reload Profiling: 1899ms
	BeginReloadAssembly (255ms)
		ExecutionOrderSort (0ms)
		DisableScriptedObjects (7ms)
		BackupInstance (0ms)
		ReleaseScriptingObjects (1ms)
		CreateAndSetChildDomain (71ms)
	RebuildCommonClasses (53ms)
	RebuildNativeTypeToScriptingClass (16ms)
	initialDomainReloadingComplete (40ms)
	LoadAllAssembliesAndSetupDomain (556ms)
		LoadAssemblies (488ms)
		RebuildTransferFunctionScriptingTraits (0ms)
		AnalyzeDomain (196ms)
			TypeCache.Refresh (9ms)
				TypeCache.ScanAssembly (1ms)
			BuildScriptInfoCaches (167ms)
			ResolveRequiredComponents (14ms)
	FinalizeReload (980ms)
		ReleaseScriptCaches (0ms)
		RebuildScriptCaches (0ms)
		SetupLoadedEditorAssemblies (723ms)
			LogAssemblyErrors (0ms)
			InitializePlatformSupportModulesInManaged (3ms)
			SetLoadedEditorAssemblies (9ms)
			BeforeProcessingInitializeOnLoad (166ms)
			ProcessInitializeOnLoadAttributes (485ms)
			ProcessInitializeOnLoadMethodAttributes (51ms)
			AfterProcessingInitializeOnLoad (9ms)
			EditorAssembliesLoaded (0ms)
		ExecutionOrderSort2 (0ms)
		AwakeInstancesAfterBackupRestoration (23ms)
Refreshing native plugins compatible for Editor in 0.84 ms, found 3 plugins.
Preloading 0 native plugins for Editor in 0.00 ms.
Unloading 23 Unused Serialized files (Serialized files now loaded: 0)
Unloading 5306 unused Assets / (5.0 MB). Loaded Objects now: 5996.
Memory consumption went from 170.3 MB to 165.3 MB.
Total: 9.018700 ms (FindLiveObjects: 0.720600 ms CreateObjectMapping: 0.669200 ms MarkObjects: 4.798500 ms  DeleteObjects: 2.829800 ms)

Prepare: number of updated asset objects reloaded= 0
========================================================================
Received Prepare
Refreshing native plugins compatible for Editor in 1.24 ms, found 3 plugins.
Preloading 0 native plugins for Editor in 0.00 ms.
Unloading 21 Unused Serialized files (Serialized files now loaded: 0)
Unloading 5298 unused Assets / (4.9 MB). Loaded Objects now: 5996.
Memory consumption went from 170.2 MB to 165.4 MB.
Total: 10.839700 ms (FindLiveObjects: 1.571800 ms CreateObjectMapping: 1.214800 ms MarkObjects: 5.054500 ms  DeleteObjects: 2.997000 ms)

Prepare: number of updated asset objects reloaded= 0
========================================================================
Received Prepare
Begin MonoManager ReloadAssembly
C:\build\output\Unity-Technologies\mono\mono\metadata\icall.c:1842:
C:\build\output\Unity-Technologies\mono\mono\metadata\icall.c:1842:
C:\build\output\Unity-Technologies\mono\mono\metadata\icall.c:1842:
C:\build\output\Unity-Technologies\mono\mono\metadata\icall.c:1842:
C:\build\output\Unity-Technologies\mono\mono\metadata\icall.c:1842:
C:\build\output\Unity-Technologies\mono\mono\metadata\icall.c:1842:
C:\build\output\Unity-Technologies\mono\mono\metadata\icall.c:1842:
C:\build\output\Unity-Technologies\mono\mono\metadata\icall.c:1842:
C:\build\output\Unity-Technologies\mono\mono\metadata\icall.c:1842:
C:\build\output\Unity-Technologies\mono\mono\metadata\icall.c:1842:
C:\build\output\Unity-Technologies\mono\mono\metadata\icall.c:1842:
C:\build\output\Unity-Technologies\mono\mono\metadata\icall.c:1842:
Symbol file LoadedFromMemory doesn't match image C:\Users\aaron\Documents\GitHub\Future-Alien-Drug-Game\Future-Alien-Drug-Game\Library\PackageCache\com.unity.visualscripting@1.8.0\Editor\VisualScripting.Core\Dependencies\YamlDotNet\Unity.VisualScripting.YamlDotNet.dll
Symbol file LoadedFromMemory doesn't match image C:\Users\aaron\Documents\GitHub\Future-Alien-Drug-Game\Future-Alien-Drug-Game\Library\PackageCache\com.unity.visualscripting@1.8.0\Editor\VisualScripting.Core\Dependencies\DotNetZip\Unity.VisualScripting.IonicZip.dll
- Loaded All Assemblies, in  0.819 seconds
Refreshing native plugins compatible for Editor in 0.80 ms, found 3 plugins.
Native extension for WindowsStandalone target not found
Mono: successfully reloaded assembly
- Finished resetting the current domain, in  0.788 seconds
Domain Reload Profiling: 1605ms
	BeginReloadAssembly (208ms)
		ExecutionOrderSort (0ms)
		DisableScriptedObjects (5ms)
		BackupInstance (0ms)
		ReleaseScriptingObjects (0ms)
		CreateAndSetChildDomain (56ms)
	RebuildCommonClasses (43ms)
	RebuildNativeTypeToScriptingClass (13ms)
	initialDomainReloadingComplete (31ms)
	LoadAllAssembliesAndSetupDomain (521ms)
		LoadAssemblies (462ms)
		RebuildTransferFunctionScriptingTraits (0ms)
		AnalyzeDomain (162ms)
			TypeCache.Refresh (11ms)
				TypeCache.ScanAssembly (2ms)
			BuildScriptInfoCaches (135ms)
			ResolveRequiredComponents (12ms)
	FinalizeReload (788ms)
		ReleaseScriptCaches (0ms)
		RebuildScriptCaches (0ms)
		SetupLoadedEditorAssemblies (578ms)
			LogAssemblyErrors (0ms)
			InitializePlatformSupportModulesInManaged (2ms)
			SetLoadedEditorAssemblies (7ms)
			BeforeProcessingInitializeOnLoad (143ms)
			ProcessInitializeOnLoadAttributes (383ms)
			ProcessInitializeOnLoadMethodAttributes (36ms)
			AfterProcessingInitializeOnLoad (7ms)
			EditorAssembliesLoaded (0ms)
		ExecutionOrderSort2 (0ms)
		AwakeInstancesAfterBackupRestoration (18ms)
Refreshing native plugins compatible for Editor in 0.98 ms, found 3 plugins.
Preloading 0 native plugins for Editor in 0.00 ms.
Unloading 23 Unused Serialized files (Serialized files now loaded: 0)
Unloading 5306 unused Assets / (5.3 MB). Loaded Objects now: 5996.
Memory consumption went from 172.2 MB to 166.9 MB.
Total: 10.073900 ms (FindLiveObjects: 1.118300 ms CreateObjectMapping: 0.857400 ms MarkObjects: 5.385900 ms  DeleteObjects: 2.710900 ms)

Prepare: number of updated asset objects reloaded= 0
========================================================================
Received Prepare
Begin MonoManager ReloadAssembly
C:\build\output\Unity-Technologies\mono\mono\metadata\icall.c:1842:
C:\build\output\Unity-Technologies\mono\mono\metadata\icall.c:1842:
C:\build\output\Unity-Technologies\mono\mono\metadata\icall.c:1842:
C:\build\output\Unity-Technologies\mono\mono\metadata\icall.c:1842:
C:\build\output\Unity-Technologies\mono\mono\metadata\icall.c:1842:
C:\build\output\Unity-Technologies\mono\mono\metadata\icall.c:1842:
C:\build\output\Unity-Technologies\mono\mono\metadata\icall.c:1842:
C:\build\output\Unity-Technologies\mono\mono\metadata\icall.c:1842:
C:\build\output\Unity-Technologies\mono\mono\metadata\icall.c:1842:
C:\build\output\Unity-Technologies\mono\mono\metadata\icall.c:1842:
C:\build\output\Unity-Technologies\mono\mono\metadata\icall.c:1842:
C:\build\output\Unity-Technologies\mono\mono\metadata\icall.c:1842:
Symbol file LoadedFromMemory doesn't match image C:\Users\aaron\Documents\GitHub\Future-Alien-Drug-Game\Future-Alien-Drug-Game\Library\PackageCache\com.unity.visualscripting@1.8.0\Editor\VisualScripting.Core\Dependencies\YamlDotNet\Unity.VisualScripting.YamlDotNet.dll
Symbol file LoadedFromMemory doesn't match image C:\Users\aaron\Documents\GitHub\Future-Alien-Drug-Game\Future-Alien-Drug-Game\Library\PackageCache\com.unity.visualscripting@1.8.0\Editor\VisualScripting.Core\Dependencies\DotNetZip\Unity.VisualScripting.IonicZip.dll
- Loaded All Assemblies, in  0.742 seconds
Refreshing native plugins compatible for Editor in 0.73 ms, found 3 plugins.
Native extension for WindowsStandalone target not found
Mono: successfully reloaded assembly
- Finished resetting the current domain, in  0.794 seconds
Domain Reload Profiling: 1533ms
	BeginReloadAssembly (208ms)
		ExecutionOrderSort (0ms)
		DisableScriptedObjects (5ms)
		BackupInstance (0ms)
		ReleaseScriptingObjects (0ms)
		CreateAndSetChildDomain (57ms)
	RebuildCommonClasses (34ms)
	RebuildNativeTypeToScriptingClass (12ms)
	initialDomainReloadingComplete (31ms)
	LoadAllAssembliesAndSetupDomain (455ms)
		LoadAssemblies (397ms)
		RebuildTransferFunctionScriptingTraits (0ms)
		AnalyzeDomain (162ms)
			TypeCache.Refresh (8ms)
				TypeCache.ScanAssembly (0ms)
			BuildScriptInfoCaches (138ms)
			ResolveRequiredComponents (12ms)
	FinalizeReload (794ms)
		ReleaseScriptCaches (0ms)
		RebuildScriptCaches (0ms)
		SetupLoadedEditorAssemblies (581ms)
			LogAssemblyErrors (0ms)
			InitializePlatformSupportModulesInManaged (2ms)
			SetLoadedEditorAssemblies (7ms)
			BeforeProcessingInitializeOnLoad (130ms)
			ProcessInitializeOnLoadAttributes (397ms)
			ProcessInitializeOnLoadMethodAttributes (39ms)
			AfterProcessingInitializeOnLoad (7ms)
			EditorAssembliesLoaded (0ms)
		ExecutionOrderSort2 (0ms)
		AwakeInstancesAfterBackupRestoration (17ms)
Refreshing native plugins compatible for Editor in 1.27 ms, found 3 plugins.
Preloading 0 native plugins for Editor in 0.00 ms.
Unloading 23 Unused Serialized files (Serialized files now loaded: 0)
Unloading 5306 unused Assets / (5.5 MB). Loaded Objects now: 5996.
Memory consumption went from 174.1 MB to 168.6 MB.
Total: 9.538100 ms (FindLiveObjects: 0.828600 ms CreateObjectMapping: 0.838900 ms MarkObjects: 4.867500 ms  DeleteObjects: 3.001800 ms)

Prepare: number of updated asset objects reloaded= 0
========================================================================
Received Prepare
Begin MonoManager ReloadAssembly
C:\build\output\Unity-Technologies\mono\mono\metadata\icall.c:1842:
C:\build\output\Unity-Technologies\mono\mono\metadata\icall.c:1842:
C:\build\output\Unity-Technologies\mono\mono\metadata\icall.c:1842:
C:\build\output\Unity-Technologies\mono\mono\metadata\icall.c:1842:
C:\build\output\Unity-Technologies\mono\mono\metadata\icall.c:1842:
C:\build\output\Unity-Technologies\mono\mono\metadata\icall.c:1842:
C:\build\output\Unity-Technologies\mono\mono\metadata\icall.c:1842:
C:\build\output\Unity-Technologies\mono\mono\metadata\icall.c:1842:
C:\build\output\Unity-Technologies\mono\mono\metadata\icall.c:1842:
C:\build\output\Unity-Technologies\mono\mono\metadata\icall.c:1842:
C:\build\output\Unity-Technologies\mono\mono\metadata\icall.c:1842:
C:\build\output\Unity-Technologies\mono\mono\metadata\icall.c:1842:
Symbol file LoadedFromMemory doesn't match image C:\Users\aaron\Documents\GitHub\Future-Alien-Drug-Game\Future-Alien-Drug-Game\Library\PackageCache\com.unity.visualscripting@1.8.0\Editor\VisualScripting.Core\Dependencies\YamlDotNet\Unity.VisualScripting.YamlDotNet.dll
Symbol file LoadedFromMemory doesn't match image C:\Users\aaron\Documents\GitHub\Future-Alien-Drug-Game\Future-Alien-Drug-Game\Library\PackageCache\com.unity.visualscripting@1.8.0\Editor\VisualScripting.Core\Dependencies\DotNetZip\Unity.VisualScripting.IonicZip.dll
- Loaded All Assemblies, in  0.727 seconds
Refreshing native plugins compatible for Editor in 0.89 ms, found 3 plugins.
Native extension for WindowsStandalone target not found
Mono: successfully reloaded assembly
- Finished resetting the current domain, in  0.804 seconds
Domain Reload Profiling: 1530ms
	BeginReloadAssembly (210ms)
		ExecutionOrderSort (0ms)
		DisableScriptedObjects (7ms)
		BackupInstance (0ms)
		ReleaseScriptingObjects (0ms)
		CreateAndSetChildDomain (56ms)
	RebuildCommonClasses (35ms)
	RebuildNativeTypeToScriptingClass (13ms)
	initialDomainReloadingComplete (34ms)
	LoadAllAssembliesAndSetupDomain (434ms)
		LoadAssemblies (386ms)
		RebuildTransferFunctionScriptingTraits (0ms)
		AnalyzeDomain (148ms)
			TypeCache.Refresh (7ms)
				TypeCache.ScanAssembly (0ms)
			BuildScriptInfoCaches (124ms)
			ResolveRequiredComponents (13ms)
	FinalizeReload (805ms)
		ReleaseScriptCaches (0ms)
		RebuildScriptCaches (0ms)
		SetupLoadedEditorAssemblies (586ms)
			LogAssemblyErrors (0ms)
			InitializePlatformSupportModulesInManaged (2ms)
			SetLoadedEditorAssemblies (5ms)
			BeforeProcessingInitializeOnLoad (119ms)
			ProcessInitializeOnLoadAttributes (409ms)
			ProcessInitializeOnLoadMethodAttributes (45ms)
			AfterProcessingInitializeOnLoad (7ms)
			EditorAssembliesLoaded (0ms)
		ExecutionOrderSort2 (0ms)
		AwakeInstancesAfterBackupRestoration (17ms)
Refreshing native plugins compatible for Editor in 1.04 ms, found 3 plugins.
Preloading 0 native plugins for Editor in 0.00 ms.
Unloading 23 Unused Serialized files (Serialized files now loaded: 0)
Unloading 5306 unused Assets / (4.8 MB). Loaded Objects now: 5996.
Memory consumption went from 176.0 MB to 171.2 MB.
Total: 9.542300 ms (FindLiveObjects: 0.693700 ms CreateObjectMapping: 0.357700 ms MarkObjects: 4.710900 ms  DeleteObjects: 3.778400 ms)

Prepare: number of updated asset objects reloaded= 0
========================================================================
Received Prepare
Refreshing native plugins compatible for Editor in 1.07 ms, found 3 plugins.
Preloading 0 native plugins for Editor in 0.00 ms.
Unloading 21 Unused Serialized files (Serialized files now loaded: 0)
Unloading 5298 unused Assets / (5.3 MB). Loaded Objects now: 5996.
Memory consumption went from 176.0 MB to 170.6 MB.
Total: 11.055800 ms (FindLiveObjects: 0.760800 ms CreateObjectMapping: 0.680600 ms MarkObjects: 5.841200 ms  DeleteObjects: 3.772400 ms)

Prepare: number of updated asset objects reloaded= 0
========================================================================
Received Prepare
Begin MonoManager ReloadAssembly
C:\build\output\Unity-Technologies\mono\mono\metadata\icall.c:1842:
C:\build\output\Unity-Technologies\mono\mono\metadata\icall.c:1842:
C:\build\output\Unity-Technologies\mono\mono\metadata\icall.c:1842:
C:\build\output\Unity-Technologies\mono\mono\metadata\icall.c:1842:
C:\build\output\Unity-Technologies\mono\mono\metadata\icall.c:1842:
C:\build\output\Unity-Technologies\mono\mono\metadata\icall.c:1842:
C:\build\output\Unity-Technologies\mono\mono\metadata\icall.c:1842:
C:\build\output\Unity-Technologies\mono\mono\metadata\icall.c:1842:
C:\build\output\Unity-Technologies\mono\mono\metadata\icall.c:1842:
C:\build\output\Unity-Technologies\mono\mono\metadata\icall.c:1842:
C:\build\output\Unity-Technologies\mono\mono\metadata\icall.c:1842:
C:\build\output\Unity-Technologies\mono\mono\metadata\icall.c:1842:
Symbol file LoadedFromMemory doesn't match image C:\Users\aaron\Documents\GitHub\Future-Alien-Drug-Game\Future-Alien-Drug-Game\Library\PackageCache\com.unity.visualscripting@1.8.0\Editor\VisualScripting.Core\Dependencies\YamlDotNet\Unity.VisualScripting.YamlDotNet.dll
Symbol file LoadedFromMemory doesn't match image C:\Users\aaron\Documents\GitHub\Future-Alien-Drug-Game\Future-Alien-Drug-Game\Library\PackageCache\com.unity.visualscripting@1.8.0\Editor\VisualScripting.Core\Dependencies\DotNetZip\Unity.VisualScripting.IonicZip.dll
- Loaded All Assemblies, in  0.782 seconds
Refreshing native plugins compatible for Editor in 0.84 ms, found 3 plugins.
Native extension for WindowsStandalone target not found
Mono: successfully reloaded assembly
- Finished resetting the current domain, in  0.796 seconds
Domain Reload Profiling: 1578ms
	BeginReloadAssembly (219ms)
		ExecutionOrderSort (0ms)
		DisableScriptedObjects (6ms)
		BackupInstance (0ms)
		ReleaseScriptingObjects (0ms)
		CreateAndSetChildDomain (62ms)
	RebuildCommonClasses (40ms)
	RebuildNativeTypeToScriptingClass (12ms)
	initialDomainReloadingComplete (34ms)
	LoadAllAssembliesAndSetupDomain (475ms)
		LoadAssemblies (423ms)
		RebuildTransferFunctionScriptingTraits (0ms)
		AnalyzeDomain (159ms)
			TypeCache.Refresh (11ms)
				TypeCache.ScanAssembly (1ms)
			BuildScriptInfoCaches (133ms)
			ResolveRequiredComponents (11ms)
	FinalizeReload (797ms)
		ReleaseScriptCaches (0ms)
		RebuildScriptCaches (0ms)
		SetupLoadedEditorAssemblies (573ms)
			LogAssemblyErrors (0ms)
			InitializePlatformSupportModulesInManaged (2ms)
			SetLoadedEditorAssemblies (6ms)
			BeforeProcessingInitializeOnLoad (131ms)
			ProcessInitializeOnLoadAttributes (387ms)
			ProcessInitializeOnLoadMethodAttributes (38ms)
			AfterProcessingInitializeOnLoad (8ms)
			EditorAssembliesLoaded (0ms)
		ExecutionOrderSort2 (0ms)
		AwakeInstancesAfterBackupRestoration (19ms)
Refreshing native plugins compatible for Editor in 1.00 ms, found 3 plugins.
Preloading 0 native plugins for Editor in 0.00 ms.
Unloading 23 Unused Serialized files (Serialized files now loaded: 0)
Unloading 5306 unused Assets / (4.7 MB). Loaded Objects now: 5996.
Memory consumption went from 177.9 MB to 173.2 MB.
Total: 7.954400 ms (FindLiveObjects: 0.618700 ms CreateObjectMapping: 0.744600 ms MarkObjects: 4.193500 ms  DeleteObjects: 2.396700 ms)

Prepare: number of updated asset objects reloaded= 0
========================================================================
Received Import Request.
  Time since last request: 769.442437 seconds.
  path: Assets/Prefab/UI/CronaSeedSlot.prefab
  artifactKey: Guid(0e2762fb805191942b1c1f9435a7b17a) Importer(815301076,1909f56bfc062723c751e8b465ee728b)
Start importing Assets/Prefab/UI/CronaSeedSlot.prefab using Guid(0e2762fb805191942b1c1f9435a7b17a) Importer(815301076,1909f56bfc062723c751e8b465ee728b) (PreviewImporter) -> (artifact id: '9ea036b6db05c3c4b63abfaf7d79963f') in 0.0659081 seconds
Number of updated asset objects reloaded before import = 0Number of asset objects unloaded after import = 26

========================================================================
Received Prepare
Begin MonoManager ReloadAssembly
C:\build\output\Unity-Technologies\mono\mono\metadata\icall.c:1842:
C:\build\output\Unity-Technologies\mono\mono\metadata\icall.c:1842:
C:\build\output\Unity-Technologies\mono\mono\metadata\icall.c:1842:
C:\build\output\Unity-Technologies\mono\mono\metadata\icall.c:1842:
C:\build\output\Unity-Technologies\mono\mono\metadata\icall.c:1842:
C:\build\output\Unity-Technologies\mono\mono\metadata\icall.c:1842:
C:\build\output\Unity-Technologies\mono\mono\metadata\icall.c:1842:
C:\build\output\Unity-Technologies\mono\mono\metadata\icall.c:1842:
C:\build\output\Unity-Technologies\mono\mono\metadata\icall.c:1842:
C:\build\output\Unity-Technologies\mono\mono\metadata\icall.c:1842:
C:\build\output\Unity-Technologies\mono\mono\metadata\icall.c:1842:
C:\build\output\Unity-Technologies\mono\mono\metadata\icall.c:1842:
Symbol file LoadedFromMemory doesn't match image C:\Users\aaron\Documents\GitHub\Future-Alien-Drug-Game\Future-Alien-Drug-Game\Library\PackageCache\com.unity.visualscripting@1.8.0\Editor\VisualScripting.Core\Dependencies\YamlDotNet\Unity.VisualScripting.YamlDotNet.dll
Symbol file LoadedFromMemory doesn't match image C:\Users\aaron\Documents\GitHub\Future-Alien-Drug-Game\Future-Alien-Drug-Game\Library\PackageCache\com.unity.visualscripting@1.8.0\Editor\VisualScripting.Core\Dependencies\DotNetZip\Unity.VisualScripting.IonicZip.dll
- Loaded All Assemblies, in  0.739 seconds
Refreshing native plugins compatible for Editor in 0.97 ms, found 3 plugins.
Native extension for WindowsStandalone target not found
Mono: successfully reloaded assembly
- Finished resetting the current domain, in  0.765 seconds
Domain Reload Profiling: 1503ms
	BeginReloadAssembly (207ms)
		ExecutionOrderSort (0ms)
		DisableScriptedObjects (6ms)
		BackupInstance (0ms)
		ReleaseScriptingObjects (0ms)
		CreateAndSetChildDomain (54ms)
	RebuildCommonClasses (36ms)
	RebuildNativeTypeToScriptingClass (12ms)
	initialDomainReloadingComplete (38ms)
	LoadAllAssembliesAndSetupDomain (444ms)
		LoadAssemblies (398ms)
		RebuildTransferFunctionScriptingTraits (0ms)
		AnalyzeDomain (151ms)
			TypeCache.Refresh (6ms)
				TypeCache.ScanAssembly (0ms)
			BuildScriptInfoCaches (131ms)
			ResolveRequiredComponents (9ms)
	FinalizeReload (766ms)
		ReleaseScriptCaches (0ms)
		RebuildScriptCaches (0ms)
		SetupLoadedEditorAssemblies (554ms)
			LogAssemblyErrors (0ms)
			InitializePlatformSupportModulesInManaged (3ms)
			SetLoadedEditorAssemblies (6ms)
			BeforeProcessingInitializeOnLoad (118ms)
			ProcessInitializeOnLoadAttributes (383ms)
			ProcessInitializeOnLoadMethodAttributes (37ms)
			AfterProcessingInitializeOnLoad (7ms)
			EditorAssembliesLoaded (0ms)
		ExecutionOrderSort2 (0ms)
		AwakeInstancesAfterBackupRestoration (20ms)
Refreshing native plugins compatible for Editor in 1.41 ms, found 3 plugins.
Preloading 0 native plugins for Editor in 0.00 ms.
Unloading 23 Unused Serialized files (Serialized files now loaded: 0)
Unloading 5306 unused Assets / (5.4 MB). Loaded Objects now: 5996.
Memory consumption went from 179.9 MB to 174.5 MB.
Total: 9.245800 ms (FindLiveObjects: 0.609700 ms CreateObjectMapping: 1.077800 ms MarkObjects: 4.440700 ms  DeleteObjects: 3.116500 ms)

Prepare: number of updated asset objects reloaded= 0
========================================================================
Received Prepare
Refreshing native plugins compatible for Editor in 1.31 ms, found 3 plugins.
Preloading 0 native plugins for Editor in 0.00 ms.
Unloading 21 Unused Serialized files (Serialized files now loaded: 0)
Unloading 5298 unused Assets / (4.7 MB). Loaded Objects now: 5996.
Memory consumption went from 179.8 MB to 175.1 MB.
Total: 9.848600 ms (FindLiveObjects: 0.973000 ms CreateObjectMapping: 0.721000 ms MarkObjects: 4.985700 ms  DeleteObjects: 3.168000 ms)

Prepare: number of updated asset objects reloaded= 0
========================================================================
Received Prepare
Begin MonoManager ReloadAssembly
C:\build\output\Unity-Technologies\mono\mono\metadata\icall.c:1842:
C:\build\output\Unity-Technologies\mono\mono\metadata\icall.c:1842:
C:\build\output\Unity-Technologies\mono\mono\metadata\icall.c:1842:
C:\build\output\Unity-Technologies\mono\mono\metadata\icall.c:1842:
C:\build\output\Unity-Technologies\mono\mono\metadata\icall.c:1842:
C:\build\output\Unity-Technologies\mono\mono\metadata\icall.c:1842:
C:\build\output\Unity-Technologies\mono\mono\metadata\icall.c:1842:
C:\build\output\Unity-Technologies\mono\mono\metadata\icall.c:1842:
C:\build\output\Unity-Technologies\mono\mono\metadata\icall.c:1842:
C:\build\output\Unity-Technologies\mono\mono\metadata\icall.c:1842:
C:\build\output\Unity-Technologies\mono\mono\metadata\icall.c:1842:
C:\build\output\Unity-Technologies\mono\mono\metadata\icall.c:1842:
Symbol file LoadedFromMemory doesn't match image C:\Users\aaron\Documents\GitHub\Future-Alien-Drug-Game\Future-Alien-Drug-Game\Library\PackageCache\com.unity.visualscripting@1.8.0\Editor\VisualScripting.Core\Dependencies\YamlDotNet\Unity.VisualScripting.YamlDotNet.dll
Symbol file LoadedFromMemory doesn't match image C:\Users\aaron\Documents\GitHub\Future-Alien-Drug-Game\Future-Alien-Drug-Game\Library\PackageCache\com.unity.visualscripting@1.8.0\Editor\VisualScripting.Core\Dependencies\DotNetZip\Unity.VisualScripting.IonicZip.dll
- Loaded All Assemblies, in  0.747 seconds
Refreshing native plugins compatible for Editor in 0.77 ms, found 3 plugins.
Native extension for WindowsStandalone target not found
Mono: successfully reloaded assembly
- Finished resetting the current domain, in  0.787 seconds
Domain Reload Profiling: 1532ms
	BeginReloadAssembly (201ms)
		ExecutionOrderSort (0ms)
		DisableScriptedObjects (5ms)
		BackupInstance (0ms)
		ReleaseScriptingObjects (0ms)
		CreateAndSetChildDomain (55ms)
	RebuildCommonClasses (37ms)
	RebuildNativeTypeToScriptingClass (16ms)
	initialDomainReloadingComplete (36ms)
	LoadAllAssembliesAndSetupDomain (455ms)
		LoadAssemblies (388ms)
		RebuildTransferFunctionScriptingTraits (0ms)
		AnalyzeDomain (163ms)
			TypeCache.Refresh (12ms)
				TypeCache.ScanAssembly (1ms)
			BuildScriptInfoCaches (137ms)
			ResolveRequiredComponents (11ms)
	FinalizeReload (788ms)
		ReleaseScriptCaches (0ms)
		RebuildScriptCaches (0ms)
		SetupLoadedEditorAssemblies (564ms)
			LogAssemblyErrors (0ms)
			InitializePlatformSupportModulesInManaged (2ms)
			SetLoadedEditorAssemblies (5ms)
			BeforeProcessingInitializeOnLoad (130ms)
			ProcessInitializeOnLoadAttributes (383ms)
			ProcessInitializeOnLoadMethodAttributes (38ms)
			AfterProcessingInitializeOnLoad (6ms)
			EditorAssembliesLoaded (0ms)
		ExecutionOrderSort2 (0ms)
		AwakeInstancesAfterBackupRestoration (17ms)
Refreshing native plugins compatible for Editor in 0.99 ms, found 3 plugins.
Preloading 0 native plugins for Editor in 0.00 ms.
Unloading 23 Unused Serialized files (Serialized files now loaded: 0)
Unloading 5306 unused Assets / (5.0 MB). Loaded Objects now: 5996.
Memory consumption went from 181.8 MB to 176.8 MB.
Total: 10.038300 ms (FindLiveObjects: 1.080900 ms CreateObjectMapping: 1.176800 ms MarkObjects: 4.268100 ms  DeleteObjects: 3.511500 ms)

Prepare: number of updated asset objects reloaded= 0
========================================================================
Received Prepare
Begin MonoManager ReloadAssembly
C:\build\output\Unity-Technologies\mono\mono\metadata\icall.c:1842:
C:\build\output\Unity-Technologies\mono\mono\metadata\icall.c:1842:
C:\build\output\Unity-Technologies\mono\mono\metadata\icall.c:1842:
C:\build\output\Unity-Technologies\mono\mono\metadata\icall.c:1842:
C:\build\output\Unity-Technologies\mono\mono\metadata\icall.c:1842:
C:\build\output\Unity-Technologies\mono\mono\metadata\icall.c:1842:
C:\build\output\Unity-Technologies\mono\mono\metadata\icall.c:1842:
C:\build\output\Unity-Technologies\mono\mono\metadata\icall.c:1842:
C:\build\output\Unity-Technologies\mono\mono\metadata\icall.c:1842:
C:\build\output\Unity-Technologies\mono\mono\metadata\icall.c:1842:
C:\build\output\Unity-Technologies\mono\mono\metadata\icall.c:1842:
C:\build\output\Unity-Technologies\mono\mono\metadata\icall.c:1842:
Symbol file LoadedFromMemory doesn't match image C:\Users\aaron\Documents\GitHub\Future-Alien-Drug-Game\Future-Alien-Drug-Game\Library\PackageCache\com.unity.visualscripting@1.8.0\Editor\VisualScripting.Core\Dependencies\YamlDotNet\Unity.VisualScripting.YamlDotNet.dll
Symbol file LoadedFromMemory doesn't match image C:\Users\aaron\Documents\GitHub\Future-Alien-Drug-Game\Future-Alien-Drug-Game\Library\PackageCache\com.unity.visualscripting@1.8.0\Editor\VisualScripting.Core\Dependencies\DotNetZip\Unity.VisualScripting.IonicZip.dll
- Loaded All Assemblies, in  0.740 seconds
Refreshing native plugins compatible for Editor in 0.72 ms, found 3 plugins.
Native extension for WindowsStandalone target not found
Mono: successfully reloaded assembly
- Finished resetting the current domain, in  0.807 seconds
Domain Reload Profiling: 1546ms
	BeginReloadAssembly (201ms)
		ExecutionOrderSort (0ms)
		DisableScriptedObjects (5ms)
		BackupInstance (0ms)
		ReleaseScriptingObjects (0ms)
		CreateAndSetChildDomain (54ms)
	RebuildCommonClasses (35ms)
	RebuildNativeTypeToScriptingClass (10ms)
	initialDomainReloadingComplete (31ms)
	LoadAllAssembliesAndSetupDomain (461ms)
		LoadAssemblies (396ms)
		RebuildTransferFunctionScriptingTraits (0ms)
		AnalyzeDomain (163ms)
			TypeCache.Refresh (8ms)
				TypeCache.ScanAssembly (0ms)
			BuildScriptInfoCaches (139ms)
			ResolveRequiredComponents (12ms)
	FinalizeReload (808ms)
		ReleaseScriptCaches (0ms)
		RebuildScriptCaches (0ms)
		SetupLoadedEditorAssemblies (545ms)
			LogAssemblyErrors (0ms)
			InitializePlatformSupportModulesInManaged (3ms)
			SetLoadedEditorAssemblies (5ms)
			BeforeProcessingInitializeOnLoad (120ms)
			ProcessInitializeOnLoadAttributes (372ms)
			ProcessInitializeOnLoadMethodAttributes (37ms)
			AfterProcessingInitializeOnLoad (7ms)
			EditorAssembliesLoaded (0ms)
		ExecutionOrderSort2 (0ms)
		AwakeInstancesAfterBackupRestoration (16ms)
Refreshing native plugins compatible for Editor in 1.06 ms, found 3 plugins.
Preloading 0 native plugins for Editor in 0.00 ms.
Unloading 23 Unused Serialized files (Serialized files now loaded: 0)
Unloading 5306 unused Assets / (4.8 MB). Loaded Objects now: 5996.
Memory consumption went from 183.7 MB to 179.0 MB.
Total: 8.161700 ms (FindLiveObjects: 0.964100 ms CreateObjectMapping: 0.668500 ms MarkObjects: 4.294000 ms  DeleteObjects: 2.234200 ms)

Prepare: number of updated asset objects reloaded= 0
========================================================================
Received Prepare
Begin MonoManager ReloadAssembly
C:\build\output\Unity-Technologies\mono\mono\metadata\icall.c:1842:
C:\build\output\Unity-Technologies\mono\mono\metadata\icall.c:1842:
C:\build\output\Unity-Technologies\mono\mono\metadata\icall.c:1842:
C:\build\output\Unity-Technologies\mono\mono\metadata\icall.c:1842:
C:\build\output\Unity-Technologies\mono\mono\metadata\icall.c:1842:
C:\build\output\Unity-Technologies\mono\mono\metadata\icall.c:1842:
C:\build\output\Unity-Technologies\mono\mono\metadata\icall.c:1842:
C:\build\output\Unity-Technologies\mono\mono\metadata\icall.c:1842:
C:\build\output\Unity-Technologies\mono\mono\metadata\icall.c:1842:
C:\build\output\Unity-Technologies\mono\mono\metadata\icall.c:1842:
C:\build\output\Unity-Technologies\mono\mono\metadata\icall.c:1842:
C:\build\output\Unity-Technologies\mono\mono\metadata\icall.c:1842:
Symbol file LoadedFromMemory doesn't match image C:\Users\aaron\Documents\GitHub\Future-Alien-Drug-Game\Future-Alien-Drug-Game\Library\PackageCache\com.unity.visualscripting@1.8.0\Editor\VisualScripting.Core\Dependencies\YamlDotNet\Unity.VisualScripting.YamlDotNet.dll
Symbol file LoadedFromMemory doesn't match image C:\Users\aaron\Documents\GitHub\Future-Alien-Drug-Game\Future-Alien-Drug-Game\Library\PackageCache\com.unity.visualscripting@1.8.0\Editor\VisualScripting.Core\Dependencies\DotNetZip\Unity.VisualScripting.IonicZip.dll
- Loaded All Assemblies, in  0.828 seconds
Refreshing native plugins compatible for Editor in 1.71 ms, found 3 plugins.
Native extension for WindowsStandalone target not found
Mono: successfully reloaded assembly
- Finished resetting the current domain, in  0.810 seconds
Domain Reload Profiling: 1637ms
	BeginReloadAssembly (262ms)
		ExecutionOrderSort (0ms)
		DisableScriptedObjects (5ms)
		BackupInstance (0ms)
		ReleaseScriptingObjects (0ms)
		CreateAndSetChildDomain (52ms)
	RebuildCommonClasses (44ms)
	RebuildNativeTypeToScriptingClass (15ms)
	initialDomainReloadingComplete (39ms)
	LoadAllAssembliesAndSetupDomain (465ms)
		LoadAssemblies (451ms)
		RebuildTransferFunctionScriptingTraits (0ms)
		AnalyzeDomain (174ms)
			TypeCache.Refresh (9ms)
				TypeCache.ScanAssembly (0ms)
			BuildScriptInfoCaches (150ms)
			ResolveRequiredComponents (11ms)
	FinalizeReload (811ms)
		ReleaseScriptCaches (0ms)
		RebuildScriptCaches (0ms)
		SetupLoadedEditorAssemblies (584ms)
			LogAssemblyErrors (0ms)
			InitializePlatformSupportModulesInManaged (2ms)
			SetLoadedEditorAssemblies (7ms)
			BeforeProcessingInitializeOnLoad (132ms)
			ProcessInitializeOnLoadAttributes (395ms)
			ProcessInitializeOnLoadMethodAttributes (39ms)
			AfterProcessingInitializeOnLoad (8ms)
			EditorAssembliesLoaded (0ms)
		ExecutionOrderSort2 (0ms)
		AwakeInstancesAfterBackupRestoration (21ms)
Refreshing native plugins compatible for Editor in 0.92 ms, found 3 plugins.
Preloading 0 native plugins for Editor in 0.00 ms.
Unloading 23 Unused Serialized files (Serialized files now loaded: 0)
Unloading 5306 unused Assets / (5.2 MB). Loaded Objects now: 5996.
Memory consumption went from 185.6 MB to 180.5 MB.
Total: 9.556800 ms (FindLiveObjects: 0.873900 ms CreateObjectMapping: 0.840600 ms MarkObjects: 4.669800 ms  DeleteObjects: 3.171900 ms)

Prepare: number of updated asset objects reloaded= 0
========================================================================
Received Prepare
Refreshing native plugins compatible for Editor in 2.05 ms, found 3 plugins.
Preloading 0 native plugins for Editor in 0.00 ms.
Unloading 21 Unused Serialized files (Serialized files now loaded: 0)
Unloading 5298 unused Assets / (5.2 MB). Loaded Objects now: 5996.
Memory consumption went from 185.6 MB to 180.4 MB.
Total: 12.558600 ms (FindLiveObjects: 1.148500 ms CreateObjectMapping: 2.182600 ms MarkObjects: 5.271900 ms  DeleteObjects: 3.954000 ms)

Prepare: number of updated asset objects reloaded= 0
========================================================================
Received Prepare
Begin MonoManager ReloadAssembly
C:\build\output\Unity-Technologies\mono\mono\metadata\icall.c:1842:
C:\build\output\Unity-Technologies\mono\mono\metadata\icall.c:1842:
C:\build\output\Unity-Technologies\mono\mono\metadata\icall.c:1842:
C:\build\output\Unity-Technologies\mono\mono\metadata\icall.c:1842:
C:\build\output\Unity-Technologies\mono\mono\metadata\icall.c:1842:
C:\build\output\Unity-Technologies\mono\mono\metadata\icall.c:1842:
C:\build\output\Unity-Technologies\mono\mono\metadata\icall.c:1842:
C:\build\output\Unity-Technologies\mono\mono\metadata\icall.c:1842:
C:\build\output\Unity-Technologies\mono\mono\metadata\icall.c:1842:
C:\build\output\Unity-Technologies\mono\mono\metadata\icall.c:1842:
C:\build\output\Unity-Technologies\mono\mono\metadata\icall.c:1842:
C:\build\output\Unity-Technologies\mono\mono\metadata\icall.c:1842:
Symbol file LoadedFromMemory doesn't match image C:\Users\aaron\Documents\GitHub\Future-Alien-Drug-Game\Future-Alien-Drug-Game\Library\PackageCache\com.unity.visualscripting@1.8.0\Editor\VisualScripting.Core\Dependencies\YamlDotNet\Unity.VisualScripting.YamlDotNet.dll
Symbol file LoadedFromMemory doesn't match image C:\Users\aaron\Documents\GitHub\Future-Alien-Drug-Game\Future-Alien-Drug-Game\Library\PackageCache\com.unity.visualscripting@1.8.0\Editor\VisualScripting.Core\Dependencies\DotNetZip\Unity.VisualScripting.IonicZip.dll
- Loaded All Assemblies, in  0.761 seconds
Refreshing native plugins compatible for Editor in 1.08 ms, found 3 plugins.
Native extension for WindowsStandalone target not found
Mono: successfully reloaded assembly
- Finished resetting the current domain, in  0.841 seconds
Domain Reload Profiling: 1600ms
	BeginReloadAssembly (207ms)
		ExecutionOrderSort (0ms)
		DisableScriptedObjects (5ms)
		BackupInstance (0ms)
		ReleaseScriptingObjects (0ms)
		CreateAndSetChildDomain (55ms)
	RebuildCommonClasses (37ms)
	RebuildNativeTypeToScriptingClass (11ms)
	initialDomainReloadingComplete (34ms)
	LoadAllAssembliesAndSetupDomain (470ms)
		LoadAssemblies (405ms)
		RebuildTransferFunctionScriptingTraits (0ms)
		AnalyzeDomain (166ms)
			TypeCache.Refresh (9ms)
				TypeCache.ScanAssembly (1ms)
			BuildScriptInfoCaches (139ms)
			ResolveRequiredComponents (12ms)
	FinalizeReload (842ms)
		ReleaseScriptCaches (0ms)
		RebuildScriptCaches (0ms)
		SetupLoadedEditorAssemblies (622ms)
			LogAssemblyErrors (0ms)
			InitializePlatformSupportModulesInManaged (3ms)
			SetLoadedEditorAssemblies (5ms)
			BeforeProcessingInitializeOnLoad (133ms)
			ProcessInitializeOnLoadAttributes (435ms)
			ProcessInitializeOnLoadMethodAttributes (37ms)
			AfterProcessingInitializeOnLoad (8ms)
			EditorAssembliesLoaded (0ms)
		ExecutionOrderSort2 (0ms)
		AwakeInstancesAfterBackupRestoration (16ms)
Refreshing native plugins compatible for Editor in 1.24 ms, found 3 plugins.
Preloading 0 native plugins for Editor in 0.00 ms.
Unloading 23 Unused Serialized files (Serialized files now loaded: 0)
Unloading 5306 unused Assets / (5.0 MB). Loaded Objects now: 5996.
Memory consumption went from 187.6 MB to 182.5 MB.
Total: 10.185300 ms (FindLiveObjects: 0.607300 ms CreateObjectMapping: 0.303500 ms MarkObjects: 4.926800 ms  DeleteObjects: 4.346800 ms)

Prepare: number of updated asset objects reloaded= 0
========================================================================
Received Prepare
Begin MonoManager ReloadAssembly
C:\build\output\Unity-Technologies\mono\mono\metadata\icall.c:1842:
C:\build\output\Unity-Technologies\mono\mono\metadata\icall.c:1842:
C:\build\output\Unity-Technologies\mono\mono\metadata\icall.c:1842:
C:\build\output\Unity-Technologies\mono\mono\metadata\icall.c:1842:
C:\build\output\Unity-Technologies\mono\mono\metadata\icall.c:1842:
C:\build\output\Unity-Technologies\mono\mono\metadata\icall.c:1842:
C:\build\output\Unity-Technologies\mono\mono\metadata\icall.c:1842:
C:\build\output\Unity-Technologies\mono\mono\metadata\icall.c:1842:
C:\build\output\Unity-Technologies\mono\mono\metadata\icall.c:1842:
C:\build\output\Unity-Technologies\mono\mono\metadata\icall.c:1842:
C:\build\output\Unity-Technologies\mono\mono\metadata\icall.c:1842:
C:\build\output\Unity-Technologies\mono\mono\metadata\icall.c:1842:
Symbol file LoadedFromMemory doesn't match image C:\Users\aaron\Documents\GitHub\Future-Alien-Drug-Game\Future-Alien-Drug-Game\Library\PackageCache\com.unity.visualscripting@1.8.0\Editor\VisualScripting.Core\Dependencies\YamlDotNet\Unity.VisualScripting.YamlDotNet.dll
Symbol file LoadedFromMemory doesn't match image C:\Users\aaron\Documents\GitHub\Future-Alien-Drug-Game\Future-Alien-Drug-Game\Library\PackageCache\com.unity.visualscripting@1.8.0\Editor\VisualScripting.Core\Dependencies\DotNetZip\Unity.VisualScripting.IonicZip.dll
- Loaded All Assemblies, in  0.753 seconds
Refreshing native plugins compatible for Editor in 1.43 ms, found 3 plugins.
Native extension for WindowsStandalone target not found
Mono: successfully reloaded assembly
- Finished resetting the current domain, in  0.825 seconds
Domain Reload Profiling: 1578ms
	BeginReloadAssembly (214ms)
		ExecutionOrderSort (0ms)
		DisableScriptedObjects (7ms)
		BackupInstance (0ms)
		ReleaseScriptingObjects (0ms)
		CreateAndSetChildDomain (61ms)
	RebuildCommonClasses (35ms)
	RebuildNativeTypeToScriptingClass (12ms)
	initialDomainReloadingComplete (31ms)
	LoadAllAssembliesAndSetupDomain (460ms)
		LoadAssemblies (402ms)
		RebuildTransferFunctionScriptingTraits (0ms)
		AnalyzeDomain (158ms)
			TypeCache.Refresh (7ms)
				TypeCache.ScanAssembly (0ms)
			BuildScriptInfoCaches (137ms)
			ResolveRequiredComponents (10ms)
	FinalizeReload (826ms)
		ReleaseScriptCaches (0ms)
		RebuildScriptCaches (0ms)
		SetupLoadedEditorAssemblies (587ms)
			LogAssemblyErrors (0ms)
			InitializePlatformSupportModulesInManaged (2ms)
			SetLoadedEditorAssemblies (6ms)
			BeforeProcessingInitializeOnLoad (130ms)
			ProcessInitializeOnLoadAttributes (405ms)
			ProcessInitializeOnLoadMethodAttributes (37ms)
			AfterProcessingInitializeOnLoad (7ms)
			EditorAssembliesLoaded (0ms)
		ExecutionOrderSort2 (0ms)
		AwakeInstancesAfterBackupRestoration (20ms)
Refreshing native plugins compatible for Editor in 0.78 ms, found 3 plugins.
Preloading 0 native plugins for Editor in 0.00 ms.
Unloading 23 Unused Serialized files (Serialized files now loaded: 0)
Unloading 5306 unused Assets / (5.3 MB). Loaded Objects now: 5996.
Memory consumption went from 189.5 MB to 184.2 MB.
Total: 10.179400 ms (FindLiveObjects: 0.708100 ms CreateObjectMapping: 1.651200 ms MarkObjects: 4.730200 ms  DeleteObjects: 3.089000 ms)

Prepare: number of updated asset objects reloaded= 0
========================================================================
Received Prepare
Refreshing native plugins compatible for Editor in 1.08 ms, found 3 plugins.
Preloading 0 native plugins for Editor in 0.00 ms.
Unloading 21 Unused Serialized files (Serialized files now loaded: 0)
Unloading 5298 unused Assets / (5.7 MB). Loaded Objects now: 5996.
Memory consumption went from 189.5 MB to 183.7 MB.
Total: 12.638900 ms (FindLiveObjects: 0.614100 ms CreateObjectMapping: 0.796900 ms MarkObjects: 7.358600 ms  DeleteObjects: 3.867700 ms)

Prepare: number of updated asset objects reloaded= 0
========================================================================
Received Prepare
Begin MonoManager ReloadAssembly
C:\build\output\Unity-Technologies\mono\mono\metadata\icall.c:1842:
C:\build\output\Unity-Technologies\mono\mono\metadata\icall.c:1842:
C:\build\output\Unity-Technologies\mono\mono\metadata\icall.c:1842:
C:\build\output\Unity-Technologies\mono\mono\metadata\icall.c:1842:
C:\build\output\Unity-Technologies\mono\mono\metadata\icall.c:1842:
C:\build\output\Unity-Technologies\mono\mono\metadata\icall.c:1842:
C:\build\output\Unity-Technologies\mono\mono\metadata\icall.c:1842:
C:\build\output\Unity-Technologies\mono\mono\metadata\icall.c:1842:
C:\build\output\Unity-Technologies\mono\mono\metadata\icall.c:1842:
C:\build\output\Unity-Technologies\mono\mono\metadata\icall.c:1842:
C:\build\output\Unity-Technologies\mono\mono\metadata\icall.c:1842:
C:\build\output\Unity-Technologies\mono\mono\metadata\icall.c:1842:
Symbol file LoadedFromMemory doesn't match image C:\Users\aaron\Documents\GitHub\Future-Alien-Drug-Game\Future-Alien-Drug-Game\Library\PackageCache\com.unity.visualscripting@1.8.0\Editor\VisualScripting.Core\Dependencies\YamlDotNet\Unity.VisualScripting.YamlDotNet.dll
Symbol file LoadedFromMemory doesn't match image C:\Users\aaron\Documents\GitHub\Future-Alien-Drug-Game\Future-Alien-Drug-Game\Library\PackageCache\com.unity.visualscripting@1.8.0\Editor\VisualScripting.Core\Dependencies\DotNetZip\Unity.VisualScripting.IonicZip.dll
- Loaded All Assemblies, in  0.796 seconds
Refreshing native plugins compatible for Editor in 0.89 ms, found 3 plugins.
Native extension for WindowsStandalone target not found
Mono: successfully reloaded assembly
- Finished resetting the current domain, in  0.818 seconds
Domain Reload Profiling: 1612ms
	BeginReloadAssembly (228ms)
		ExecutionOrderSort (0ms)
		DisableScriptedObjects (5ms)
		BackupInstance (0ms)
		ReleaseScriptingObjects (0ms)
		CreateAndSetChildDomain (57ms)
	RebuildCommonClasses (39ms)
	RebuildNativeTypeToScriptingClass (13ms)
	initialDomainReloadingComplete (39ms)
	LoadAllAssembliesAndSetupDomain (474ms)
		LoadAssemblies (427ms)
		RebuildTransferFunctionScriptingTraits (0ms)
		AnalyzeDomain (165ms)
			TypeCache.Refresh (11ms)
				TypeCache.ScanAssembly (1ms)
			BuildScriptInfoCaches (139ms)
			ResolveRequiredComponents (11ms)
	FinalizeReload (818ms)
		ReleaseScriptCaches (0ms)
		RebuildScriptCaches (0ms)
		SetupLoadedEditorAssemblies (587ms)
			LogAssemblyErrors (0ms)
			InitializePlatformSupportModulesInManaged (2ms)
			SetLoadedEditorAssemblies (7ms)
			BeforeProcessingInitializeOnLoad (133ms)
			ProcessInitializeOnLoadAttributes (399ms)
			ProcessInitializeOnLoadMethodAttributes (38ms)
			AfterProcessingInitializeOnLoad (8ms)
			EditorAssembliesLoaded (0ms)
		ExecutionOrderSort2 (0ms)
		AwakeInstancesAfterBackupRestoration (19ms)
Refreshing native plugins compatible for Editor in 1.21 ms, found 3 plugins.
Preloading 0 native plugins for Editor in 0.00 ms.
Unloading 23 Unused Serialized files (Serialized files now loaded: 0)
Unloading 5306 unused Assets / (4.9 MB). Loaded Objects now: 5996.
Memory consumption went from 191.4 MB to 186.5 MB.
Total: 9.619900 ms (FindLiveObjects: 0.905400 ms CreateObjectMapping: 0.382700 ms MarkObjects: 5.456200 ms  DeleteObjects: 2.874700 ms)

Prepare: number of updated asset objects reloaded= 0
========================================================================
Received Prepare
Begin MonoManager ReloadAssembly
C:\build\output\Unity-Technologies\mono\mono\metadata\icall.c:1842:
C:\build\output\Unity-Technologies\mono\mono\metadata\icall.c:1842:
C:\build\output\Unity-Technologies\mono\mono\metadata\icall.c:1842:
C:\build\output\Unity-Technologies\mono\mono\metadata\icall.c:1842:
C:\build\output\Unity-Technologies\mono\mono\metadata\icall.c:1842:
C:\build\output\Unity-Technologies\mono\mono\metadata\icall.c:1842:
C:\build\output\Unity-Technologies\mono\mono\metadata\icall.c:1842:
C:\build\output\Unity-Technologies\mono\mono\metadata\icall.c:1842:
C:\build\output\Unity-Technologies\mono\mono\metadata\icall.c:1842:
C:\build\output\Unity-Technologies\mono\mono\metadata\icall.c:1842:
C:\build\output\Unity-Technologies\mono\mono\metadata\icall.c:1842:
C:\build\output\Unity-Technologies\mono\mono\metadata\icall.c:1842:
Symbol file LoadedFromMemory doesn't match image C:\Users\aaron\Documents\GitHub\Future-Alien-Drug-Game\Future-Alien-Drug-Game\Library\PackageCache\com.unity.visualscripting@1.8.0\Editor\VisualScripting.Core\Dependencies\YamlDotNet\Unity.VisualScripting.YamlDotNet.dll
Symbol file LoadedFromMemory doesn't match image C:\Users\aaron\Documents\GitHub\Future-Alien-Drug-Game\Future-Alien-Drug-Game\Library\PackageCache\com.unity.visualscripting@1.8.0\Editor\VisualScripting.Core\Dependencies\DotNetZip\Unity.VisualScripting.IonicZip.dll
- Loaded All Assemblies, in  0.745 seconds
Refreshing native plugins compatible for Editor in 0.77 ms, found 3 plugins.
Native extension for WindowsStandalone target not found
Mono: successfully reloaded assembly
- Finished resetting the current domain, in  0.789 seconds
Domain Reload Profiling: 1532ms
	BeginReloadAssembly (214ms)
		ExecutionOrderSort (0ms)
		DisableScriptedObjects (5ms)
		BackupInstance (0ms)
		ReleaseScriptingObjects (0ms)
		CreateAndSetChildDomain (61ms)
	RebuildCommonClasses (35ms)
	RebuildNativeTypeToScriptingClass (11ms)
	initialDomainReloadingComplete (29ms)
	LoadAllAssembliesAndSetupDomain (452ms)
		LoadAssemblies (397ms)
		RebuildTransferFunctionScriptingTraits (0ms)
		AnalyzeDomain (160ms)
			TypeCache.Refresh (6ms)
				TypeCache.ScanAssembly (0ms)
			BuildScriptInfoCaches (141ms)
			ResolveRequiredComponents (10ms)
	FinalizeReload (790ms)
		ReleaseScriptCaches (0ms)
		RebuildScriptCaches (0ms)
		SetupLoadedEditorAssemblies (567ms)
			LogAssemblyErrors (0ms)
			InitializePlatformSupportModulesInManaged (3ms)
			SetLoadedEditorAssemblies (6ms)
			BeforeProcessingInitializeOnLoad (119ms)
			ProcessInitializeOnLoadAttributes (392ms)
			ProcessInitializeOnLoadMethodAttributes (37ms)
			AfterProcessingInitializeOnLoad (8ms)
			EditorAssembliesLoaded (1ms)
		ExecutionOrderSort2 (0ms)
		AwakeInstancesAfterBackupRestoration (18ms)
Refreshing native plugins compatible for Editor in 0.90 ms, found 3 plugins.
Preloading 0 native plugins for Editor in 0.00 ms.
Unloading 23 Unused Serialized files (Serialized files now loaded: 0)
Unloading 5306 unused Assets / (6.6 MB). Loaded Objects now: 5996.
Memory consumption went from 193.3 MB to 186.7 MB.
Total: 12.886400 ms (FindLiveObjects: 0.981000 ms CreateObjectMapping: 1.079500 ms MarkObjects: 6.027800 ms  DeleteObjects: 4.797200 ms)

Prepare: number of updated asset objects reloaded= 0
========================================================================
Received Prepare
Refreshing native plugins compatible for Editor in 1.23 ms, found 3 plugins.
Preloading 0 native plugins for Editor in 0.00 ms.
Unloading 21 Unused Serialized files (Serialized files now loaded: 0)
Unloading 5298 unused Assets / (5.0 MB). Loaded Objects now: 5996.
Memory consumption went from 193.3 MB to 188.3 MB.
Total: 10.405400 ms (FindLiveObjects: 1.024500 ms CreateObjectMapping: 1.350700 ms MarkObjects: 4.944000 ms  DeleteObjects: 3.085000 ms)

Prepare: number of updated asset objects reloaded= 0
========================================================================
Received Prepare
Begin MonoManager ReloadAssembly
C:\build\output\Unity-Technologies\mono\mono\metadata\icall.c:1842:
C:\build\output\Unity-Technologies\mono\mono\metadata\icall.c:1842:
C:\build\output\Unity-Technologies\mono\mono\metadata\icall.c:1842:
C:\build\output\Unity-Technologies\mono\mono\metadata\icall.c:1842:
C:\build\output\Unity-Technologies\mono\mono\metadata\icall.c:1842:
C:\build\output\Unity-Technologies\mono\mono\metadata\icall.c:1842:
C:\build\output\Unity-Technologies\mono\mono\metadata\icall.c:1842:
C:\build\output\Unity-Technologies\mono\mono\metadata\icall.c:1842:
C:\build\output\Unity-Technologies\mono\mono\metadata\icall.c:1842:
C:\build\output\Unity-Technologies\mono\mono\metadata\icall.c:1842:
C:\build\output\Unity-Technologies\mono\mono\metadata\icall.c:1842:
C:\build\output\Unity-Technologies\mono\mono\metadata\icall.c:1842:
Symbol file LoadedFromMemory doesn't match image C:\Users\aaron\Documents\GitHub\Future-Alien-Drug-Game\Future-Alien-Drug-Game\Library\PackageCache\com.unity.visualscripting@1.8.0\Editor\VisualScripting.Core\Dependencies\YamlDotNet\Unity.VisualScripting.YamlDotNet.dll
Symbol file LoadedFromMemory doesn't match image C:\Users\aaron\Documents\GitHub\Future-Alien-Drug-Game\Future-Alien-Drug-Game\Library\PackageCache\com.unity.visualscripting@1.8.0\Editor\VisualScripting.Core\Dependencies\DotNetZip\Unity.VisualScripting.IonicZip.dll
- Loaded All Assemblies, in  0.822 seconds
Refreshing native plugins compatible for Editor in 1.15 ms, found 3 plugins.
Native extension for WindowsStandalone target not found
Mono: successfully reloaded assembly
- Finished resetting the current domain, in  0.792 seconds
Domain Reload Profiling: 1613ms
	BeginReloadAssembly (217ms)
		ExecutionOrderSort (0ms)
		DisableScriptedObjects (5ms)
		BackupInstance (0ms)
		ReleaseScriptingObjects (0ms)
		CreateAndSetChildDomain (60ms)
	RebuildCommonClasses (38ms)
	RebuildNativeTypeToScriptingClass (14ms)
	initialDomainReloadingComplete (31ms)
	LoadAllAssembliesAndSetupDomain (520ms)
		LoadAssemblies (457ms)
		RebuildTransferFunctionScriptingTraits (0ms)
		AnalyzeDomain (167ms)
			TypeCache.Refresh (10ms)
				TypeCache.ScanAssembly (1ms)
			BuildScriptInfoCaches (141ms)
			ResolveRequiredComponents (12ms)
	FinalizeReload (792ms)
		ReleaseScriptCaches (0ms)
		RebuildScriptCaches (0ms)
		SetupLoadedEditorAssemblies (572ms)
			LogAssemblyErrors (0ms)
			InitializePlatformSupportModulesInManaged (2ms)
			SetLoadedEditorAssemblies (5ms)
			BeforeProcessingInitializeOnLoad (133ms)
			ProcessInitializeOnLoadAttributes (388ms)
			ProcessInitializeOnLoadMethodAttributes (37ms)
			AfterProcessingInitializeOnLoad (6ms)
			EditorAssembliesLoaded (0ms)
		ExecutionOrderSort2 (0ms)
		AwakeInstancesAfterBackupRestoration (20ms)
Refreshing native plugins compatible for Editor in 1.11 ms, found 3 plugins.
Preloading 0 native plugins for Editor in 0.00 ms.
Unloading 23 Unused Serialized files (Serialized files now loaded: 0)
Unloading 5306 unused Assets / (4.9 MB). Loaded Objects now: 5996.
Memory consumption went from 195.2 MB to 190.4 MB.
Total: 8.355300 ms (FindLiveObjects: 0.710600 ms CreateObjectMapping: 0.824100 ms MarkObjects: 4.091200 ms  DeleteObjects: 2.728600 ms)

Prepare: number of updated asset objects reloaded= 0
========================================================================
Received Prepare
Begin MonoManager ReloadAssembly
C:\build\output\Unity-Technologies\mono\mono\metadata\icall.c:1842:
C:\build\output\Unity-Technologies\mono\mono\metadata\icall.c:1842:
C:\build\output\Unity-Technologies\mono\mono\metadata\icall.c:1842:
C:\build\output\Unity-Technologies\mono\mono\metadata\icall.c:1842:
C:\build\output\Unity-Technologies\mono\mono\metadata\icall.c:1842:
C:\build\output\Unity-Technologies\mono\mono\metadata\icall.c:1842:
C:\build\output\Unity-Technologies\mono\mono\metadata\icall.c:1842:
C:\build\output\Unity-Technologies\mono\mono\metadata\icall.c:1842:
C:\build\output\Unity-Technologies\mono\mono\metadata\icall.c:1842:
C:\build\output\Unity-Technologies\mono\mono\metadata\icall.c:1842:
C:\build\output\Unity-Technologies\mono\mono\metadata\icall.c:1842:
C:\build\output\Unity-Technologies\mono\mono\metadata\icall.c:1842:
Symbol file LoadedFromMemory doesn't match image C:\Users\aaron\Documents\GitHub\Future-Alien-Drug-Game\Future-Alien-Drug-Game\Library\PackageCache\com.unity.visualscripting@1.8.0\Editor\VisualScripting.Core\Dependencies\YamlDotNet\Unity.VisualScripting.YamlDotNet.dll
Symbol file LoadedFromMemory doesn't match image C:\Users\aaron\Documents\GitHub\Future-Alien-Drug-Game\Future-Alien-Drug-Game\Library\PackageCache\com.unity.visualscripting@1.8.0\Editor\VisualScripting.Core\Dependencies\DotNetZip\Unity.VisualScripting.IonicZip.dll
- Loaded All Assemblies, in  0.776 seconds
Refreshing native plugins compatible for Editor in 0.93 ms, found 3 plugins.
Native extension for WindowsStandalone target not found
Mono: successfully reloaded assembly
- Finished resetting the current domain, in  0.810 seconds
Domain Reload Profiling: 1585ms
	BeginReloadAssembly (216ms)
		ExecutionOrderSort (0ms)
		DisableScriptedObjects (6ms)
		BackupInstance (0ms)
		ReleaseScriptingObjects (0ms)
		CreateAndSetChildDomain (58ms)
	RebuildCommonClasses (37ms)
	RebuildNativeTypeToScriptingClass (12ms)
	initialDomainReloadingComplete (34ms)
	LoadAllAssembliesAndSetupDomain (476ms)
		LoadAssemblies (425ms)
		RebuildTransferFunctionScriptingTraits (0ms)
		AnalyzeDomain (159ms)
			TypeCache.Refresh (12ms)
				TypeCache.ScanAssembly (0ms)
			BuildScriptInfoCaches (129ms)
			ResolveRequiredComponents (13ms)
	FinalizeReload (811ms)
		ReleaseScriptCaches (0ms)
		RebuildScriptCaches (0ms)
		SetupLoadedEditorAssemblies (582ms)
			LogAssemblyErrors (0ms)
			InitializePlatformSupportModulesInManaged (2ms)
			SetLoadedEditorAssemblies (5ms)
			BeforeProcessingInitializeOnLoad (124ms)
			ProcessInitializeOnLoadAttributes (404ms)
			ProcessInitializeOnLoadMethodAttributes (38ms)
			AfterProcessingInitializeOnLoad (8ms)
			EditorAssembliesLoaded (0ms)
		ExecutionOrderSort2 (0ms)
		AwakeInstancesAfterBackupRestoration (20ms)
Refreshing native plugins compatible for Editor in 1.05 ms, found 3 plugins.
Preloading 0 native plugins for Editor in 0.00 ms.
Unloading 23 Unused Serialized files (Serialized files now loaded: 0)
Unloading 5306 unused Assets / (5.0 MB). Loaded Objects now: 5996.
Memory consumption went from 197.2 MB to 192.2 MB.
Total: 7.623800 ms (FindLiveObjects: 0.601900 ms CreateObjectMapping: 0.655600 ms MarkObjects: 3.806400 ms  DeleteObjects: 2.559100 ms)

Prepare: number of updated asset objects reloaded= 0
========================================================================
Received Prepare
Begin MonoManager ReloadAssembly
C:\build\output\Unity-Technologies\mono\mono\metadata\icall.c:1842:
C:\build\output\Unity-Technologies\mono\mono\metadata\icall.c:1842:
C:\build\output\Unity-Technologies\mono\mono\metadata\icall.c:1842:
C:\build\output\Unity-Technologies\mono\mono\metadata\icall.c:1842:
C:\build\output\Unity-Technologies\mono\mono\metadata\icall.c:1842:
C:\build\output\Unity-Technologies\mono\mono\metadata\icall.c:1842:
C:\build\output\Unity-Technologies\mono\mono\metadata\icall.c:1842:
C:\build\output\Unity-Technologies\mono\mono\metadata\icall.c:1842:
C:\build\output\Unity-Technologies\mono\mono\metadata\icall.c:1842:
C:\build\output\Unity-Technologies\mono\mono\metadata\icall.c:1842:
C:\build\output\Unity-Technologies\mono\mono\metadata\icall.c:1842:
C:\build\output\Unity-Technologies\mono\mono\metadata\icall.c:1842:
Symbol file LoadedFromMemory doesn't match image C:\Users\aaron\Documents\GitHub\Future-Alien-Drug-Game\Future-Alien-Drug-Game\Library\PackageCache\com.unity.visualscripting@1.8.0\Editor\VisualScripting.Core\Dependencies\YamlDotNet\Unity.VisualScripting.YamlDotNet.dll
Symbol file LoadedFromMemory doesn't match image C:\Users\aaron\Documents\GitHub\Future-Alien-Drug-Game\Future-Alien-Drug-Game\Library\PackageCache\com.unity.visualscripting@1.8.0\Editor\VisualScripting.Core\Dependencies\DotNetZip\Unity.VisualScripting.IonicZip.dll
- Loaded All Assemblies, in  0.747 seconds
Refreshing native plugins compatible for Editor in 1.00 ms, found 3 plugins.
Native extension for WindowsStandalone target not found
Mono: successfully reloaded assembly
- Finished resetting the current domain, in  0.867 seconds
Domain Reload Profiling: 1613ms
	BeginReloadAssembly (208ms)
		ExecutionOrderSort (0ms)
		DisableScriptedObjects (6ms)
		BackupInstance (0ms)
		ReleaseScriptingObjects (0ms)
		CreateAndSetChildDomain (55ms)
	RebuildCommonClasses (38ms)
	RebuildNativeTypeToScriptingClass (15ms)
	initialDomainReloadingComplete (34ms)
	LoadAllAssembliesAndSetupDomain (451ms)
		LoadAssemblies (397ms)
		RebuildTransferFunctionScriptingTraits (0ms)
		AnalyzeDomain (157ms)
			TypeCache.Refresh (5ms)
				TypeCache.ScanAssembly (0ms)
			BuildScriptInfoCaches (137ms)
			ResolveRequiredComponents (11ms)
	FinalizeReload (867ms)
		ReleaseScriptCaches (0ms)
		RebuildScriptCaches (0ms)
		SetupLoadedEditorAssemblies (573ms)
			LogAssemblyErrors (0ms)
			InitializePlatformSupportModulesInManaged (2ms)
			SetLoadedEditorAssemblies (5ms)
			BeforeProcessingInitializeOnLoad (129ms)
			ProcessInitializeOnLoadAttributes (393ms)
			ProcessInitializeOnLoadMethodAttributes (37ms)
			AfterProcessingInitializeOnLoad (6ms)
			EditorAssembliesLoaded (0ms)
		ExecutionOrderSort2 (0ms)
		AwakeInstancesAfterBackupRestoration (17ms)
Refreshing native plugins compatible for Editor in 1.12 ms, found 3 plugins.
Preloading 0 native plugins for Editor in 0.00 ms.
Unloading 23 Unused Serialized files (Serialized files now loaded: 0)
Unloading 5306 unused Assets / (4.7 MB). Loaded Objects now: 5996.
Memory consumption went from 199.1 MB to 194.4 MB.
Total: 8.623100 ms (FindLiveObjects: 0.559600 ms CreateObjectMapping: 0.243200 ms MarkObjects: 5.081500 ms  DeleteObjects: 2.737800 ms)

Prepare: number of updated asset objects reloaded= 0
========================================================================
Received Prepare
Begin MonoManager ReloadAssembly
C:\build\output\Unity-Technologies\mono\mono\metadata\icall.c:1842:
C:\build\output\Unity-Technologies\mono\mono\metadata\icall.c:1842:
C:\build\output\Unity-Technologies\mono\mono\metadata\icall.c:1842:
C:\build\output\Unity-Technologies\mono\mono\metadata\icall.c:1842:
C:\build\output\Unity-Technologies\mono\mono\metadata\icall.c:1842:
C:\build\output\Unity-Technologies\mono\mono\metadata\icall.c:1842:
C:\build\output\Unity-Technologies\mono\mono\metadata\icall.c:1842:
C:\build\output\Unity-Technologies\mono\mono\metadata\icall.c:1842:
C:\build\output\Unity-Technologies\mono\mono\metadata\icall.c:1842:
C:\build\output\Unity-Technologies\mono\mono\metadata\icall.c:1842:
C:\build\output\Unity-Technologies\mono\mono\metadata\icall.c:1842:
C:\build\output\Unity-Technologies\mono\mono\metadata\icall.c:1842:
Symbol file LoadedFromMemory doesn't match image C:\Users\aaron\Documents\GitHub\Future-Alien-Drug-Game\Future-Alien-Drug-Game\Library\PackageCache\com.unity.visualscripting@1.8.0\Editor\VisualScripting.Core\Dependencies\YamlDotNet\Unity.VisualScripting.YamlDotNet.dll
Symbol file LoadedFromMemory doesn't match image C:\Users\aaron\Documents\GitHub\Future-Alien-Drug-Game\Future-Alien-Drug-Game\Library\PackageCache\com.unity.visualscripting@1.8.0\Editor\VisualScripting.Core\Dependencies\DotNetZip\Unity.VisualScripting.IonicZip.dll
- Loaded All Assemblies, in  0.672 seconds
Refreshing native plugins compatible for Editor in 0.72 ms, found 3 plugins.
Native extension for WindowsStandalone target not found
Mono: successfully reloaded assembly
- Finished resetting the current domain, in  0.717 seconds
Domain Reload Profiling: 1389ms
	BeginReloadAssembly (184ms)
		ExecutionOrderSort (0ms)
		DisableScriptedObjects (5ms)
		BackupInstance (0ms)
		ReleaseScriptingObjects (0ms)
		CreateAndSetChildDomain (47ms)
	RebuildCommonClasses (37ms)
	RebuildNativeTypeToScriptingClass (14ms)
	initialDomainReloadingComplete (30ms)
	LoadAllAssembliesAndSetupDomain (407ms)
		LoadAssemblies (364ms)
		RebuildTransferFunctionScriptingTraits (0ms)
		AnalyzeDomain (133ms)
			TypeCache.Refresh (6ms)
				TypeCache.ScanAssembly (0ms)
			BuildScriptInfoCaches (113ms)
			ResolveRequiredComponents (10ms)
	FinalizeReload (717ms)
		ReleaseScriptCaches (0ms)
		RebuildScriptCaches (0ms)
		SetupLoadedEditorAssemblies (520ms)
			LogAssemblyErrors (0ms)
			InitializePlatformSupportModulesInManaged (2ms)
			SetLoadedEditorAssemblies (6ms)
			BeforeProcessingInitializeOnLoad (116ms)
			ProcessInitializeOnLoadAttributes (355ms)
			ProcessInitializeOnLoadMethodAttributes (33ms)
			AfterProcessingInitializeOnLoad (8ms)
			EditorAssembliesLoaded (0ms)
		ExecutionOrderSort2 (0ms)
		AwakeInstancesAfterBackupRestoration (20ms)
Refreshing native plugins compatible for Editor in 0.93 ms, found 3 plugins.
Preloading 0 native plugins for Editor in 0.00 ms.
Unloading 23 Unused Serialized files (Serialized files now loaded: 0)
Unloading 5306 unused Assets / (4.6 MB). Loaded Objects now: 5996.
Memory consumption went from 201.0 MB to 196.4 MB.
Total: 6.891100 ms (FindLiveObjects: 0.651700 ms CreateObjectMapping: 0.389700 ms MarkObjects: 3.688400 ms  DeleteObjects: 2.160400 ms)

Prepare: number of updated asset objects reloaded= 0
========================================================================
Received Prepare
Begin MonoManager ReloadAssembly
C:\build\output\Unity-Technologies\mono\mono\metadata\icall.c:1842:
C:\build\output\Unity-Technologies\mono\mono\metadata\icall.c:1842:
C:\build\output\Unity-Technologies\mono\mono\metadata\icall.c:1842:
C:\build\output\Unity-Technologies\mono\mono\metadata\icall.c:1842:
C:\build\output\Unity-Technologies\mono\mono\metadata\icall.c:1842:
C:\build\output\Unity-Technologies\mono\mono\metadata\icall.c:1842:
C:\build\output\Unity-Technologies\mono\mono\metadata\icall.c:1842:
C:\build\output\Unity-Technologies\mono\mono\metadata\icall.c:1842:
C:\build\output\Unity-Technologies\mono\mono\metadata\icall.c:1842:
C:\build\output\Unity-Technologies\mono\mono\metadata\icall.c:1842:
C:\build\output\Unity-Technologies\mono\mono\metadata\icall.c:1842:
C:\build\output\Unity-Technologies\mono\mono\metadata\icall.c:1842:
Symbol file LoadedFromMemory doesn't match image C:\Users\aaron\Documents\GitHub\Future-Alien-Drug-Game\Future-Alien-Drug-Game\Library\PackageCache\com.unity.visualscripting@1.8.0\Editor\VisualScripting.Core\Dependencies\YamlDotNet\Unity.VisualScripting.YamlDotNet.dll
Symbol file LoadedFromMemory doesn't match image C:\Users\aaron\Documents\GitHub\Future-Alien-Drug-Game\Future-Alien-Drug-Game\Library\PackageCache\com.unity.visualscripting@1.8.0\Editor\VisualScripting.Core\Dependencies\DotNetZip\Unity.VisualScripting.IonicZip.dll
- Loaded All Assemblies, in  0.682 seconds
Refreshing native plugins compatible for Editor in 0.73 ms, found 3 plugins.
Native extension for WindowsStandalone target not found
Mono: successfully reloaded assembly
- Finished resetting the current domain, in  0.704 seconds
Domain Reload Profiling: 1384ms
	BeginReloadAssembly (199ms)
		ExecutionOrderSort (0ms)
		DisableScriptedObjects (5ms)
		BackupInstance (0ms)
		ReleaseScriptingObjects (0ms)
		CreateAndSetChildDomain (51ms)
	RebuildCommonClasses (36ms)
	RebuildNativeTypeToScriptingClass (11ms)
	initialDomainReloadingComplete (27ms)
	LoadAllAssembliesAndSetupDomain (406ms)
		LoadAssemblies (377ms)
		RebuildTransferFunctionScriptingTraits (0ms)
		AnalyzeDomain (132ms)
			TypeCache.Refresh (7ms)
				TypeCache.ScanAssembly (0ms)
			BuildScriptInfoCaches (112ms)
			ResolveRequiredComponents (11ms)
	FinalizeReload (705ms)
		ReleaseScriptCaches (0ms)
		RebuildScriptCaches (0ms)
		SetupLoadedEditorAssemblies (515ms)
			LogAssemblyErrors (0ms)
			InitializePlatformSupportModulesInManaged (2ms)
			SetLoadedEditorAssemblies (6ms)
			BeforeProcessingInitializeOnLoad (107ms)
			ProcessInitializeOnLoadAttributes (356ms)
			ProcessInitializeOnLoadMethodAttributes (36ms)
			AfterProcessingInitializeOnLoad (7ms)
			EditorAssembliesLoaded (0ms)
		ExecutionOrderSort2 (0ms)
		AwakeInstancesAfterBackupRestoration (17ms)
Refreshing native plugins compatible for Editor in 1.03 ms, found 3 plugins.
Preloading 0 native plugins for Editor in 0.00 ms.
Unloading 23 Unused Serialized files (Serialized files now loaded: 0)
Unloading 5306 unused Assets / (4.8 MB). Loaded Objects now: 5996.
Memory consumption went from 202.9 MB to 198.2 MB.
Total: 8.164900 ms (FindLiveObjects: 0.981700 ms CreateObjectMapping: 0.887000 ms MarkObjects: 3.993000 ms  DeleteObjects: 2.302400 ms)

Prepare: number of updated asset objects reloaded= 0
