Using pre-set license
Built from '2023.2/staging' branch; Version is '2023.2.4f1 (accd6d46ced1) revision 11324781'; Using compiler version '193431935'; Build Type 'Release'
OS: 'Windows 11  (10.0.26100) 64bit Professional' Language: 'en' Physical Memory: 32693 MB
BatchMode: 1, IsHumanControllingUs: 0, StartBugReporterOnCrash: 0, Is64bit: 1, IsPro: 1

COMMAND LINE ARGUMENTS:
C:\Program Files\Unity\Hub\Editor\2023.2.4f1\Editor\Unity.exe
-adb2
-batchMode
-noUpm
-name
AssetImportWorker3
-projectPath
C:/Users/aaron/Documents/GitHub/Future-Alien-Drug-Game/Future-Alien-Drug-Game
-logFile
Logs/AssetImportWorker3.log
-srvPort
59779
-job-worker-count
5
-background-job-worker-count
8
-asset-garbage-collectors
1
Successfully changed project path to: C:/Users/aaron/Documents/GitHub/Future-Alien-Drug-Game/Future-Alien-Drug-Game
C:/Users/aaron/Documents/GitHub/Future-Alien-Drug-Game/Future-Alien-Drug-Game
[UnityMemory] Configuration Parameters - Can be set up in boot.config
    "memorysetup-bucket-allocator-granularity=16"
    "memorysetup-bucket-allocator-bucket-count=8"
    "memorysetup-bucket-allocator-block-size=33554432"
    "memorysetup-bucket-allocator-block-count=8"
    "memorysetup-main-allocator-block-size=16777216"
    "memorysetup-thread-allocator-block-size=16777216"
    "memorysetup-gfx-main-allocator-block-size=16777216"
    "memorysetup-gfx-thread-allocator-block-size=16777216"
    "memorysetup-cache-allocator-block-size=4194304"
    "memorysetup-typetree-allocator-block-size=2097152"
    "memorysetup-profiler-bucket-allocator-granularity=16"
    "memorysetup-profiler-bucket-allocator-bucket-count=8"
    "memorysetup-profiler-bucket-allocator-block-size=33554432"
    "memorysetup-profiler-bucket-allocator-block-count=8"
    "memorysetup-profiler-allocator-block-size=16777216"
    "memorysetup-profiler-editor-allocator-block-size=1048576"
    "memorysetup-temp-allocator-size-main=16777216"
    "memorysetup-job-temp-allocator-block-size=2097152"
    "memorysetup-job-temp-allocator-block-size-background=1048576"
    "memorysetup-job-temp-allocator-reduction-small-platforms=262144"
    "memorysetup-allocator-temp-initial-block-size-main=262144"
    "memorysetup-allocator-temp-initial-block-size-worker=262144"
    "memorysetup-temp-allocator-size-background-worker=32768"
    "memorysetup-temp-allocator-size-job-worker=262144"
    "memorysetup-temp-allocator-size-preload-manager=33554432"
    "memorysetup-temp-allocator-size-nav-mesh-worker=65536"
    "memorysetup-temp-allocator-size-audio-worker=65536"
    "memorysetup-temp-allocator-size-cloud-worker=32768"
    "memorysetup-temp-allocator-size-gi-baking-worker=262144"
    "memorysetup-temp-allocator-size-gi-baking-worker=262144"
    "memorysetup-temp-allocator-size-gi-baking-worker=262144"
    "memorysetup-temp-allocator-size-gi-baking-worker=262144"
    "memorysetup-temp-allocator-size-gfx=262144"
Player connection [21736] Host "[IP] 192.168.0.173 [Port] 0 [Flags] 2 [Guid] 2365286849 [EditorId] 2365286849 [Version] 1048832 [Id] WindowsEditor(7,Aaron-pc2) [Debug] 1 [PackageName] WindowsEditor [ProjectName] Editor" joined multi-casting on [225.0.0.222:54997]...
Player connection [21736] Host "[IP] 192.168.0.173 [Port] 0 [Flags] 2 [Guid] 2365286849 [EditorId] 2365286849 [Version] 1048832 [Id] WindowsEditor(7,Aaron-pc2) [Debug] 1 [PackageName] WindowsEditor [ProjectName] Editor" joined alternative multi-casting on [225.0.0.222:34997]...
JobSystem: Creating JobQueue using job-worker-count value 5
[Physics::Module] Initialized MultithreadedJobDispatcher with 5 workers.
Library Redirect Path: Library/
Refreshing native plugins compatible for Editor in 1.23 ms, found 3 plugins.
Preloading 0 native plugins for Editor in 0.00 ms.
Initialize engine version: 2023.2.4f1 (accd6d46ced1)
[Subsystems] Discovering subsystems at path C:/Program Files/Unity/Hub/Editor/2023.2.4f1/Editor/Data/Resources/UnitySubsystems
[Subsystems] Discovering subsystems at path C:/Users/aaron/Documents/GitHub/Future-Alien-Drug-Game/Future-Alien-Drug-Game/Assets
GfxDevice: creating device client; kGfxThreadingModeNonThreaded
Direct3D:
    Version:  Direct3D 11.0 [level 11.1]
    Renderer: AMD Radeon RX 7600 (ID=0x7480)
    Vendor:   ATI
    VRAM:     8109 MB
    Driver:   32.0.12019.1028
Initialize mono
Mono path[0] = 'C:/Program Files/Unity/Hub/Editor/2023.2.4f1/Editor/Data/Managed'
Mono path[1] = 'C:/Program Files/Unity/Hub/Editor/2023.2.4f1/Editor/Data/MonoBleedingEdge/lib/mono/unityjit-win32'
Mono config path = 'C:/Program Files/Unity/Hub/Editor/2023.2.4f1/Editor/Data/MonoBleedingEdge/etc'
Using monoOptions --debugger-agent=transport=dt_socket,embedding=1,server=y,suspend=n,address=127.0.0.1:56368
Begin MonoManager ReloadAssembly
C:\build\output\Unity-Technologies\mono\mono\metadata\icall.c:1842:
C:\build\output\Unity-Technologies\mono\mono\metadata\icall.c:1842:
C:\build\output\Unity-Technologies\mono\mono\metadata\icall.c:1842:
C:\build\output\Unity-Technologies\mono\mono\metadata\icall.c:1842:
C:\build\output\Unity-Technologies\mono\mono\metadata\icall.c:1842:
C:\build\output\Unity-Technologies\mono\mono\metadata\icall.c:1842:
C:\build\output\Unity-Technologies\mono\mono\metadata\icall.c:1842:
C:\build\output\Unity-Technologies\mono\mono\metadata\icall.c:1842:
C:\build\output\Unity-Technologies\mono\mono\metadata\icall.c:1842:
C:\build\output\Unity-Technologies\mono\mono\metadata\icall.c:1842:
Registering precompiled unity dll's ...
Register platform support module: C:/Program Files/Unity/Hub/Editor/2023.2.4f1/Editor/Data/PlaybackEngines/WindowsStandaloneSupport/UnityEditor.WindowsStandalone.Extensions.dll
Registered in 0.003141 seconds.
- Loaded All Assemblies, in  0.314 seconds
Native extension for WindowsStandalone target not found
Mono: successfully reloaded assembly
C:\build\output\Unity-Technologies\mono\mono\metadata\icall.c:1842:
C:\build\output\Unity-Technologies\mono\mono\metadata\icall.c:1842:
- Finished resetting the current domain, in  0.274 seconds
Domain Reload Profiling: 586ms
	BeginReloadAssembly (105ms)
		ExecutionOrderSort (0ms)
		DisableScriptedObjects (0ms)
		BackupInstance (0ms)
		ReleaseScriptingObjects (0ms)
		CreateAndSetChildDomain (1ms)
	RebuildCommonClasses (31ms)
	RebuildNativeTypeToScriptingClass (10ms)
	initialDomainReloadingComplete (43ms)
	LoadAllAssembliesAndSetupDomain (122ms)
		LoadAssemblies (102ms)
		RebuildTransferFunctionScriptingTraits (0ms)
		AnalyzeDomain (120ms)
			TypeCache.Refresh (118ms)
				TypeCache.ScanAssembly (108ms)
			BuildScriptInfoCaches (0ms)
			ResolveRequiredComponents (0ms)
	FinalizeReload (275ms)
		ReleaseScriptCaches (0ms)
		RebuildScriptCaches (0ms)
		SetupLoadedEditorAssemblies (228ms)
			LogAssemblyErrors (0ms)
			InitializePlatformSupportModulesInManaged (9ms)
			SetLoadedEditorAssemblies (5ms)
			BeforeProcessingInitializeOnLoad (6ms)
			ProcessInitializeOnLoadAttributes (172ms)
			ProcessInitializeOnLoadMethodAttributes (36ms)
			AfterProcessingInitializeOnLoad (0ms)
			EditorAssembliesLoaded (0ms)
		ExecutionOrderSort2 (0ms)
		AwakeInstancesAfterBackupRestoration (0ms)
========================================================================
Worker process is ready to serve import requests
Import Worker Mode flag is 0x00
Begin MonoManager ReloadAssembly
C:\build\output\Unity-Technologies\mono\mono\metadata\icall.c:1842:
C:\build\output\Unity-Technologies\mono\mono\metadata\icall.c:1842:
C:\build\output\Unity-Technologies\mono\mono\metadata\icall.c:1842:
C:\build\output\Unity-Technologies\mono\mono\metadata\icall.c:1842:
C:\build\output\Unity-Technologies\mono\mono\metadata\icall.c:1842:
C:\build\output\Unity-Technologies\mono\mono\metadata\icall.c:1842:
C:\build\output\Unity-Technologies\mono\mono\metadata\icall.c:1842:
C:\build\output\Unity-Technologies\mono\mono\metadata\icall.c:1842:
C:\build\output\Unity-Technologies\mono\mono\metadata\icall.c:1842:
C:\build\output\Unity-Technologies\mono\mono\metadata\icall.c:1842:
C:\build\output\Unity-Technologies\mono\mono\metadata\icall.c:1842:
C:\build\output\Unity-Technologies\mono\mono\metadata\icall.c:1842:
Symbol file LoadedFromMemory doesn't match image C:\Users\aaron\Documents\GitHub\Future-Alien-Drug-Game\Future-Alien-Drug-Game\Library\PackageCache\com.unity.visualscripting@1.8.0\Editor\VisualScripting.Core\Dependencies\YamlDotNet\Unity.VisualScripting.YamlDotNet.dll
Symbol file LoadedFromMemory doesn't match image C:\Users\aaron\Documents\GitHub\Future-Alien-Drug-Game\Future-Alien-Drug-Game\Library\PackageCache\com.unity.visualscripting@1.8.0\Editor\VisualScripting.Core\Dependencies\DotNetZip\Unity.VisualScripting.IonicZip.dll
- Loaded All Assemblies, in  0.756 seconds
Refreshing native plugins compatible for Editor in 0.85 ms, found 3 plugins.
Native extension for WindowsStandalone target not found
Mono: successfully reloaded assembly
- Finished resetting the current domain, in  0.676 seconds
Domain Reload Profiling: 1429ms
	BeginReloadAssembly (272ms)
		ExecutionOrderSort (0ms)
		DisableScriptedObjects (8ms)
		BackupInstance (0ms)
		ReleaseScriptingObjects (0ms)
		CreateAndSetChildDomain (29ms)
	RebuildCommonClasses (29ms)
	RebuildNativeTypeToScriptingClass (10ms)
	initialDomainReloadingComplete (34ms)
	LoadAllAssembliesAndSetupDomain (407ms)
		LoadAssemblies (316ms)
		RebuildTransferFunctionScriptingTraits (0ms)
		AnalyzeDomain (173ms)
			TypeCache.Refresh (137ms)
				TypeCache.ScanAssembly (125ms)
			BuildScriptInfoCaches (24ms)
			ResolveRequiredComponents (9ms)
	FinalizeReload (676ms)
		ReleaseScriptCaches (0ms)
		RebuildScriptCaches (0ms)
		SetupLoadedEditorAssemblies (476ms)
			LogAssemblyErrors (0ms)
			InitializePlatformSupportModulesInManaged (2ms)
			SetLoadedEditorAssemblies (5ms)
			BeforeProcessingInitializeOnLoad (93ms)
			ProcessInitializeOnLoadAttributes (339ms)
			ProcessInitializeOnLoadMethodAttributes (31ms)
			AfterProcessingInitializeOnLoad (5ms)
			EditorAssembliesLoaded (0ms)
		ExecutionOrderSort2 (0ms)
		AwakeInstancesAfterBackupRestoration (5ms)
Launched and connected shader compiler UnityShaderCompiler.exe after 0.01 seconds
Refreshing native plugins compatible for Editor in 0.76 ms, found 3 plugins.
Preloading 0 native plugins for Editor in 0.00 ms.
Unloading 188 Unused Serialized files (Serialized files now loaded: 0)
Unloading 5298 unused Assets / (4.9 MB). Loaded Objects now: 5982.
Memory consumption went from 179.7 MB to 174.8 MB.
Total: 6.720300 ms (FindLiveObjects: 0.647200 ms CreateObjectMapping: 0.284500 ms MarkObjects: 3.813500 ms  DeleteObjects: 1.974100 ms)

========================================================================
Received Import Request.
  Time since last request: 954129.234384 seconds.
  path: Assets/Prefab/plate 2.prefab
  artifactKey: Guid(1436ce1a42407cd4abfec1e71257d9cc) Importer(815301076,1909f56bfc062723c751e8b465ee728b)
Start importing Assets/Prefab/plate 2.prefab using Guid(1436ce1a42407cd4abfec1e71257d9cc) Importer(815301076,1909f56bfc062723c751e8b465ee728b) (PreviewImporter) -> (artifact id: '0a262e8668bfff878081606b4966710f') in 0.0357037 seconds
Number of updated asset objects reloaded before import = 0Number of asset objects unloaded after import = 9

========================================================================
Received Import Request.
  Time since last request: 957.960812 seconds.
  path: Assets/Prefab/Wood 3.prefab
  artifactKey: Guid(bd5f1e5aa26e68b40b16c76df704f39b) Importer(815301076,1909f56bfc062723c751e8b465ee728b)
Start importing Assets/Prefab/Wood 3.prefab using Guid(bd5f1e5aa26e68b40b16c76df704f39b) Importer(815301076,1909f56bfc062723c751e8b465ee728b) (PreviewImporter) -> (artifact id: '6359b12b726223ded525f44b6fea2453') in 0.2601583 seconds
Number of updated asset objects reloaded before import = 0Number of asset objects unloaded after import = 291

========================================================================
Received Prepare
Begin MonoManager ReloadAssembly
C:\build\output\Unity-Technologies\mono\mono\metadata\icall.c:1842:
C:\build\output\Unity-Technologies\mono\mono\metadata\icall.c:1842:
C:\build\output\Unity-Technologies\mono\mono\metadata\icall.c:1842:
C:\build\output\Unity-Technologies\mono\mono\metadata\icall.c:1842:
C:\build\output\Unity-Technologies\mono\mono\metadata\icall.c:1842:
C:\build\output\Unity-Technologies\mono\mono\metadata\icall.c:1842:
C:\build\output\Unity-Technologies\mono\mono\metadata\icall.c:1842:
C:\build\output\Unity-Technologies\mono\mono\metadata\icall.c:1842:
C:\build\output\Unity-Technologies\mono\mono\metadata\icall.c:1842:
C:\build\output\Unity-Technologies\mono\mono\metadata\icall.c:1842:
C:\build\output\Unity-Technologies\mono\mono\metadata\icall.c:1842:
C:\build\output\Unity-Technologies\mono\mono\metadata\icall.c:1842:
Symbol file LoadedFromMemory doesn't match image C:\Users\aaron\Documents\GitHub\Future-Alien-Drug-Game\Future-Alien-Drug-Game\Library\PackageCache\com.unity.visualscripting@1.8.0\Editor\VisualScripting.Core\Dependencies\YamlDotNet\Unity.VisualScripting.YamlDotNet.dll
Symbol file LoadedFromMemory doesn't match image C:\Users\aaron\Documents\GitHub\Future-Alien-Drug-Game\Future-Alien-Drug-Game\Library\PackageCache\com.unity.visualscripting@1.8.0\Editor\VisualScripting.Core\Dependencies\DotNetZip\Unity.VisualScripting.IonicZip.dll
- Loaded All Assemblies, in  0.713 seconds
Refreshing native plugins compatible for Editor in 0.78 ms, found 3 plugins.
Native extension for WindowsStandalone target not found
Mono: successfully reloaded assembly
- Finished resetting the current domain, in  0.912 seconds
Domain Reload Profiling: 1626ms
	BeginReloadAssembly (203ms)
		ExecutionOrderSort (0ms)
		DisableScriptedObjects (11ms)
		BackupInstance (0ms)
		ReleaseScriptingObjects (0ms)
		CreateAndSetChildDomain (62ms)
	RebuildCommonClasses (38ms)
	RebuildNativeTypeToScriptingClass (12ms)
	initialDomainReloadingComplete (30ms)
	LoadAllAssembliesAndSetupDomain (429ms)
		LoadAssemblies (359ms)
		RebuildTransferFunctionScriptingTraits (0ms)
		AnalyzeDomain (154ms)
			TypeCache.Refresh (7ms)
				TypeCache.ScanAssembly (0ms)
			BuildScriptInfoCaches (133ms)
			ResolveRequiredComponents (11ms)
	FinalizeReload (913ms)
		ReleaseScriptCaches (0ms)
		RebuildScriptCaches (0ms)
		SetupLoadedEditorAssemblies (595ms)
			LogAssemblyErrors (0ms)
			InitializePlatformSupportModulesInManaged (2ms)
			SetLoadedEditorAssemblies (8ms)
			BeforeProcessingInitializeOnLoad (131ms)
			ProcessInitializeOnLoadAttributes (406ms)
			ProcessInitializeOnLoadMethodAttributes (40ms)
			AfterProcessingInitializeOnLoad (8ms)
			EditorAssembliesLoaded (0ms)
		ExecutionOrderSort2 (0ms)
		AwakeInstancesAfterBackupRestoration (33ms)
Refreshing native plugins compatible for Editor in 0.85 ms, found 3 plugins.
Preloading 0 native plugins for Editor in 0.00 ms.
Unloading 32 Unused Serialized files (Serialized files now loaded: 0)
Unloading 5294 unused Assets / (4.4 MB). Loaded Objects now: 6026.
Memory consumption went from 160.4 MB to 156.0 MB.
Total: 9.428700 ms (FindLiveObjects: 0.661700 ms CreateObjectMapping: 0.266700 ms MarkObjects: 5.414500 ms  DeleteObjects: 3.085000 ms)

Prepare: number of updated asset objects reloaded= 0
========================================================================
Received Prepare
Begin MonoManager ReloadAssembly
C:\build\output\Unity-Technologies\mono\mono\metadata\icall.c:1842:
C:\build\output\Unity-Technologies\mono\mono\metadata\icall.c:1842:
C:\build\output\Unity-Technologies\mono\mono\metadata\icall.c:1842:
C:\build\output\Unity-Technologies\mono\mono\metadata\icall.c:1842:
C:\build\output\Unity-Technologies\mono\mono\metadata\icall.c:1842:
C:\build\output\Unity-Technologies\mono\mono\metadata\icall.c:1842:
C:\build\output\Unity-Technologies\mono\mono\metadata\icall.c:1842:
C:\build\output\Unity-Technologies\mono\mono\metadata\icall.c:1842:
C:\build\output\Unity-Technologies\mono\mono\metadata\icall.c:1842:
C:\build\output\Unity-Technologies\mono\mono\metadata\icall.c:1842:
C:\build\output\Unity-Technologies\mono\mono\metadata\icall.c:1842:
C:\build\output\Unity-Technologies\mono\mono\metadata\icall.c:1842:
Symbol file LoadedFromMemory doesn't match image C:\Users\aaron\Documents\GitHub\Future-Alien-Drug-Game\Future-Alien-Drug-Game\Library\PackageCache\com.unity.visualscripting@1.8.0\Editor\VisualScripting.Core\Dependencies\YamlDotNet\Unity.VisualScripting.YamlDotNet.dll
Symbol file LoadedFromMemory doesn't match image C:\Users\aaron\Documents\GitHub\Future-Alien-Drug-Game\Future-Alien-Drug-Game\Library\PackageCache\com.unity.visualscripting@1.8.0\Editor\VisualScripting.Core\Dependencies\DotNetZip\Unity.VisualScripting.IonicZip.dll
- Loaded All Assemblies, in  0.637 seconds
Refreshing native plugins compatible for Editor in 0.98 ms, found 3 plugins.
Native extension for WindowsStandalone target not found
Mono: successfully reloaded assembly
- Finished resetting the current domain, in  0.841 seconds
Domain Reload Profiling: 1476ms
	BeginReloadAssembly (187ms)
		ExecutionOrderSort (0ms)
		DisableScriptedObjects (5ms)
		BackupInstance (0ms)
		ReleaseScriptingObjects (0ms)
		CreateAndSetChildDomain (49ms)
	RebuildCommonClasses (31ms)
	RebuildNativeTypeToScriptingClass (12ms)
	initialDomainReloadingComplete (29ms)
	LoadAllAssembliesAndSetupDomain (376ms)
		LoadAssemblies (346ms)
		RebuildTransferFunctionScriptingTraits (0ms)
		AnalyzeDomain (123ms)
			TypeCache.Refresh (6ms)
				TypeCache.ScanAssembly (0ms)
			BuildScriptInfoCaches (105ms)
			ResolveRequiredComponents (9ms)
	FinalizeReload (842ms)
		ReleaseScriptCaches (0ms)
		RebuildScriptCaches (0ms)
		SetupLoadedEditorAssemblies (614ms)
			LogAssemblyErrors (0ms)
			InitializePlatformSupportModulesInManaged (2ms)
			SetLoadedEditorAssemblies (7ms)
			BeforeProcessingInitializeOnLoad (127ms)
			ProcessInitializeOnLoadAttributes (431ms)
			ProcessInitializeOnLoadMethodAttributes (39ms)
			AfterProcessingInitializeOnLoad (7ms)
			EditorAssembliesLoaded (0ms)
		ExecutionOrderSort2 (0ms)
		AwakeInstancesAfterBackupRestoration (22ms)
Refreshing native plugins compatible for Editor in 0.98 ms, found 3 plugins.
Preloading 0 native plugins for Editor in 0.00 ms.
Unloading 20 Unused Serialized files (Serialized files now loaded: 0)
Unloading 5293 unused Assets / (4.0 MB). Loaded Objects now: 6026.
Memory consumption went from 160.5 MB to 156.5 MB.
Total: 6.757800 ms (FindLiveObjects: 0.633800 ms CreateObjectMapping: 0.357300 ms MarkObjects: 3.786100 ms  DeleteObjects: 1.979900 ms)

Prepare: number of updated asset objects reloaded= 0
========================================================================
Received Import Request.
  Time since last request: 3495.239875 seconds.
  path: Assets/Prefab/Slab (3).prefab
  artifactKey: Guid(33d031aaa4c71fb449adf137ac37ac81) Importer(815301076,1909f56bfc062723c751e8b465ee728b)
Start importing Assets/Prefab/Slab (3).prefab using Guid(33d031aaa4c71fb449adf137ac37ac81) Importer(815301076,1909f56bfc062723c751e8b465ee728b) (PreviewImporter) -> (artifact id: 'ed3b5eccec5464e888ff63ba63aa9a33') in 0.2579953 seconds
Number of updated asset objects reloaded before import = 0Number of asset objects unloaded after import = 44

========================================================================
Received Prepare
Begin MonoManager ReloadAssembly
C:\build\output\Unity-Technologies\mono\mono\metadata\icall.c:1842:
C:\build\output\Unity-Technologies\mono\mono\metadata\icall.c:1842:
C:\build\output\Unity-Technologies\mono\mono\metadata\icall.c:1842:
C:\build\output\Unity-Technologies\mono\mono\metadata\icall.c:1842:
C:\build\output\Unity-Technologies\mono\mono\metadata\icall.c:1842:
C:\build\output\Unity-Technologies\mono\mono\metadata\icall.c:1842:
C:\build\output\Unity-Technologies\mono\mono\metadata\icall.c:1842:
C:\build\output\Unity-Technologies\mono\mono\metadata\icall.c:1842:
C:\build\output\Unity-Technologies\mono\mono\metadata\icall.c:1842:
C:\build\output\Unity-Technologies\mono\mono\metadata\icall.c:1842:
C:\build\output\Unity-Technologies\mono\mono\metadata\icall.c:1842:
C:\build\output\Unity-Technologies\mono\mono\metadata\icall.c:1842:
Symbol file LoadedFromMemory doesn't match image C:\Users\aaron\Documents\GitHub\Future-Alien-Drug-Game\Future-Alien-Drug-Game\Library\PackageCache\com.unity.visualscripting@1.8.0\Editor\VisualScripting.Core\Dependencies\YamlDotNet\Unity.VisualScripting.YamlDotNet.dll
Symbol file LoadedFromMemory doesn't match image C:\Users\aaron\Documents\GitHub\Future-Alien-Drug-Game\Future-Alien-Drug-Game\Library\PackageCache\com.unity.visualscripting@1.8.0\Editor\VisualScripting.Core\Dependencies\DotNetZip\Unity.VisualScripting.IonicZip.dll
- Loaded All Assemblies, in  0.647 seconds
Refreshing native plugins compatible for Editor in 0.71 ms, found 3 plugins.
Native extension for WindowsStandalone target not found
Mono: successfully reloaded assembly
- Finished resetting the current domain, in  0.902 seconds
Domain Reload Profiling: 1548ms
	BeginReloadAssembly (199ms)
		ExecutionOrderSort (0ms)
		DisableScriptedObjects (11ms)
		BackupInstance (0ms)
		ReleaseScriptingObjects (0ms)
		CreateAndSetChildDomain (57ms)
	RebuildCommonClasses (31ms)
	RebuildNativeTypeToScriptingClass (12ms)
	initialDomainReloadingComplete (27ms)
	LoadAllAssembliesAndSetupDomain (378ms)
		LoadAssemblies (338ms)
		RebuildTransferFunctionScriptingTraits (0ms)
		AnalyzeDomain (127ms)
			TypeCache.Refresh (5ms)
				TypeCache.ScanAssembly (0ms)
			BuildScriptInfoCaches (109ms)
			ResolveRequiredComponents (9ms)
	FinalizeReload (903ms)
		ReleaseScriptCaches (0ms)
		RebuildScriptCaches (0ms)
		SetupLoadedEditorAssemblies (654ms)
			LogAssemblyErrors (0ms)
			InitializePlatformSupportModulesInManaged (3ms)
			SetLoadedEditorAssemblies (7ms)
			BeforeProcessingInitializeOnLoad (125ms)
			ProcessInitializeOnLoadAttributes (469ms)
			ProcessInitializeOnLoadMethodAttributes (43ms)
			AfterProcessingInitializeOnLoad (8ms)
			EditorAssembliesLoaded (0ms)
		ExecutionOrderSort2 (0ms)
		AwakeInstancesAfterBackupRestoration (26ms)
Refreshing native plugins compatible for Editor in 1.00 ms, found 3 plugins.
Preloading 0 native plugins for Editor in 0.00 ms.
Unloading 20 Unused Serialized files (Serialized files now loaded: 0)
Unloading 5294 unused Assets / (4.6 MB). Loaded Objects now: 6048.
Memory consumption went from 162.6 MB to 158.0 MB.
Total: 8.500400 ms (FindLiveObjects: 0.936200 ms CreateObjectMapping: 0.816700 ms MarkObjects: 3.683100 ms  DeleteObjects: 3.063800 ms)

Prepare: number of updated asset objects reloaded= 0
========================================================================
Received Import Request.
  Time since last request: 160.660909 seconds.
  path: Assets/Art/Wood.mat
  artifactKey: Guid(af8b26ce03022cd43941bf1033d66c6a) Importer(815301076,1909f56bfc062723c751e8b465ee728b)
Start importing Assets/Art/Wood.mat using Guid(af8b26ce03022cd43941bf1033d66c6a) Importer(815301076,1909f56bfc062723c751e8b465ee728b) (PreviewImporter) -> (artifact id: '15cc36791e2366fc62d5cd88147fa5f7') in 0.2986634 seconds
Number of updated asset objects reloaded before import = 0Number of asset objects unloaded after import = 24

========================================================================
Received Prepare
Begin MonoManager ReloadAssembly
C:\build\output\Unity-Technologies\mono\mono\metadata\icall.c:1842:
C:\build\output\Unity-Technologies\mono\mono\metadata\icall.c:1842:
C:\build\output\Unity-Technologies\mono\mono\metadata\icall.c:1842:
C:\build\output\Unity-Technologies\mono\mono\metadata\icall.c:1842:
C:\build\output\Unity-Technologies\mono\mono\metadata\icall.c:1842:
C:\build\output\Unity-Technologies\mono\mono\metadata\icall.c:1842:
C:\build\output\Unity-Technologies\mono\mono\metadata\icall.c:1842:
C:\build\output\Unity-Technologies\mono\mono\metadata\icall.c:1842:
C:\build\output\Unity-Technologies\mono\mono\metadata\icall.c:1842:
C:\build\output\Unity-Technologies\mono\mono\metadata\icall.c:1842:
C:\build\output\Unity-Technologies\mono\mono\metadata\icall.c:1842:
C:\build\output\Unity-Technologies\mono\mono\metadata\icall.c:1842:
Symbol file LoadedFromMemory doesn't match image C:\Users\aaron\Documents\GitHub\Future-Alien-Drug-Game\Future-Alien-Drug-Game\Library\PackageCache\com.unity.visualscripting@1.8.0\Editor\VisualScripting.Core\Dependencies\YamlDotNet\Unity.VisualScripting.YamlDotNet.dll
Symbol file LoadedFromMemory doesn't match image C:\Users\aaron\Documents\GitHub\Future-Alien-Drug-Game\Future-Alien-Drug-Game\Library\PackageCache\com.unity.visualscripting@1.8.0\Editor\VisualScripting.Core\Dependencies\DotNetZip\Unity.VisualScripting.IonicZip.dll
- Loaded All Assemblies, in  0.644 seconds
Refreshing native plugins compatible for Editor in 0.98 ms, found 3 plugins.
Native extension for WindowsStandalone target not found
Mono: successfully reloaded assembly
- Finished resetting the current domain, in  0.814 seconds
Domain Reload Profiling: 1457ms
	BeginReloadAssembly (200ms)
		ExecutionOrderSort (0ms)
		DisableScriptedObjects (12ms)
		BackupInstance (0ms)
		ReleaseScriptingObjects (0ms)
		CreateAndSetChildDomain (58ms)
	RebuildCommonClasses (30ms)
	RebuildNativeTypeToScriptingClass (11ms)
	initialDomainReloadingComplete (28ms)
	LoadAllAssembliesAndSetupDomain (374ms)
		LoadAssemblies (337ms)
		RebuildTransferFunctionScriptingTraits (0ms)
		AnalyzeDomain (123ms)
			TypeCache.Refresh (6ms)
				TypeCache.ScanAssembly (0ms)
			BuildScriptInfoCaches (105ms)
			ResolveRequiredComponents (9ms)
	FinalizeReload (814ms)
		ReleaseScriptCaches (0ms)
		RebuildScriptCaches (0ms)
		SetupLoadedEditorAssemblies (582ms)
			LogAssemblyErrors (0ms)
			InitializePlatformSupportModulesInManaged (3ms)
			SetLoadedEditorAssemblies (7ms)
			BeforeProcessingInitializeOnLoad (128ms)
			ProcessInitializeOnLoadAttributes (396ms)
			ProcessInitializeOnLoadMethodAttributes (39ms)
			AfterProcessingInitializeOnLoad (8ms)
			EditorAssembliesLoaded (0ms)
		ExecutionOrderSort2 (0ms)
		AwakeInstancesAfterBackupRestoration (24ms)
Refreshing native plugins compatible for Editor in 0.85 ms, found 3 plugins.
Preloading 0 native plugins for Editor in 0.00 ms.
Unloading 20 Unused Serialized files (Serialized files now loaded: 0)
Unloading 5294 unused Assets / (4.0 MB). Loaded Objects now: 6103.
Memory consumption went from 164.8 MB to 160.9 MB.
Total: 6.835600 ms (FindLiveObjects: 0.645800 ms CreateObjectMapping: 0.323500 ms MarkObjects: 3.891500 ms  DeleteObjects: 1.973600 ms)

Prepare: number of updated asset objects reloaded= 0
========================================================================
Received Prepare
Begin MonoManager ReloadAssembly
C:\build\output\Unity-Technologies\mono\mono\metadata\icall.c:1842:
C:\build\output\Unity-Technologies\mono\mono\metadata\icall.c:1842:
C:\build\output\Unity-Technologies\mono\mono\metadata\icall.c:1842:
C:\build\output\Unity-Technologies\mono\mono\metadata\icall.c:1842:
C:\build\output\Unity-Technologies\mono\mono\metadata\icall.c:1842:
C:\build\output\Unity-Technologies\mono\mono\metadata\icall.c:1842:
C:\build\output\Unity-Technologies\mono\mono\metadata\icall.c:1842:
C:\build\output\Unity-Technologies\mono\mono\metadata\icall.c:1842:
C:\build\output\Unity-Technologies\mono\mono\metadata\icall.c:1842:
C:\build\output\Unity-Technologies\mono\mono\metadata\icall.c:1842:
C:\build\output\Unity-Technologies\mono\mono\metadata\icall.c:1842:
C:\build\output\Unity-Technologies\mono\mono\metadata\icall.c:1842:
Symbol file LoadedFromMemory doesn't match image C:\Users\aaron\Documents\GitHub\Future-Alien-Drug-Game\Future-Alien-Drug-Game\Library\PackageCache\com.unity.visualscripting@1.8.0\Editor\VisualScripting.Core\Dependencies\YamlDotNet\Unity.VisualScripting.YamlDotNet.dll
Symbol file LoadedFromMemory doesn't match image C:\Users\aaron\Documents\GitHub\Future-Alien-Drug-Game\Future-Alien-Drug-Game\Library\PackageCache\com.unity.visualscripting@1.8.0\Editor\VisualScripting.Core\Dependencies\DotNetZip\Unity.VisualScripting.IonicZip.dll
- Loaded All Assemblies, in  0.653 seconds
Refreshing native plugins compatible for Editor in 1.12 ms, found 3 plugins.
Native extension for WindowsStandalone target not found
Mono: successfully reloaded assembly
- Finished resetting the current domain, in  0.822 seconds
Domain Reload Profiling: 1474ms
	BeginReloadAssembly (184ms)
		ExecutionOrderSort (0ms)
		DisableScriptedObjects (5ms)
		BackupInstance (0ms)
		ReleaseScriptingObjects (0ms)
		CreateAndSetChildDomain (49ms)
	RebuildCommonClasses (39ms)
	RebuildNativeTypeToScriptingClass (14ms)
	initialDomainReloadingComplete (26ms)
	LoadAllAssembliesAndSetupDomain (388ms)
		LoadAssemblies (342ms)
		RebuildTransferFunctionScriptingTraits (0ms)
		AnalyzeDomain (133ms)
			TypeCache.Refresh (6ms)
				TypeCache.ScanAssembly (0ms)
			BuildScriptInfoCaches (115ms)
			ResolveRequiredComponents (9ms)
	FinalizeReload (823ms)
		ReleaseScriptCaches (0ms)
		RebuildScriptCaches (0ms)
		SetupLoadedEditorAssemblies (585ms)
			LogAssemblyErrors (0ms)
			InitializePlatformSupportModulesInManaged (2ms)
			SetLoadedEditorAssemblies (6ms)
			BeforeProcessingInitializeOnLoad (132ms)
			ProcessInitializeOnLoadAttributes (400ms)
			ProcessInitializeOnLoadMethodAttributes (37ms)
			AfterProcessingInitializeOnLoad (7ms)
			EditorAssembliesLoaded (0ms)
		ExecutionOrderSort2 (0ms)
		AwakeInstancesAfterBackupRestoration (20ms)
Refreshing native plugins compatible for Editor in 0.92 ms, found 3 plugins.
Preloading 0 native plugins for Editor in 0.00 ms.
Unloading 20 Unused Serialized files (Serialized files now loaded: 0)
Unloading 5293 unused Assets / (4.2 MB). Loaded Objects now: 6103.
Memory consumption went from 166.7 MB to 162.5 MB.
Total: 7.633900 ms (FindLiveObjects: 0.781800 ms CreateObjectMapping: 0.594500 ms MarkObjects: 4.014800 ms  DeleteObjects: 2.241800 ms)

Prepare: number of updated asset objects reloaded= 0
========================================================================
Received Prepare
Begin MonoManager ReloadAssembly
C:\build\output\Unity-Technologies\mono\mono\metadata\icall.c:1842:
C:\build\output\Unity-Technologies\mono\mono\metadata\icall.c:1842:
C:\build\output\Unity-Technologies\mono\mono\metadata\icall.c:1842:
C:\build\output\Unity-Technologies\mono\mono\metadata\icall.c:1842:
C:\build\output\Unity-Technologies\mono\mono\metadata\icall.c:1842:
C:\build\output\Unity-Technologies\mono\mono\metadata\icall.c:1842:
C:\build\output\Unity-Technologies\mono\mono\metadata\icall.c:1842:
C:\build\output\Unity-Technologies\mono\mono\metadata\icall.c:1842:
C:\build\output\Unity-Technologies\mono\mono\metadata\icall.c:1842:
C:\build\output\Unity-Technologies\mono\mono\metadata\icall.c:1842:
C:\build\output\Unity-Technologies\mono\mono\metadata\icall.c:1842:
C:\build\output\Unity-Technologies\mono\mono\metadata\icall.c:1842:
Symbol file LoadedFromMemory doesn't match image C:\Users\aaron\Documents\GitHub\Future-Alien-Drug-Game\Future-Alien-Drug-Game\Library\PackageCache\com.unity.visualscripting@1.8.0\Editor\VisualScripting.Core\Dependencies\YamlDotNet\Unity.VisualScripting.YamlDotNet.dll
Symbol file LoadedFromMemory doesn't match image C:\Users\aaron\Documents\GitHub\Future-Alien-Drug-Game\Future-Alien-Drug-Game\Library\PackageCache\com.unity.visualscripting@1.8.0\Editor\VisualScripting.Core\Dependencies\DotNetZip\Unity.VisualScripting.IonicZip.dll
- Loaded All Assemblies, in  0.653 seconds
Refreshing native plugins compatible for Editor in 0.92 ms, found 3 plugins.
Native extension for WindowsStandalone target not found
Mono: successfully reloaded assembly
- Finished resetting the current domain, in  0.722 seconds
Domain Reload Profiling: 1374ms
	BeginReloadAssembly (185ms)
		ExecutionOrderSort (0ms)
		DisableScriptedObjects (5ms)
		BackupInstance (0ms)
		ReleaseScriptingObjects (0ms)
		CreateAndSetChildDomain (48ms)
	RebuildCommonClasses (30ms)
	RebuildNativeTypeToScriptingClass (11ms)
	initialDomainReloadingComplete (26ms)
	LoadAllAssembliesAndSetupDomain (399ms)
		LoadAssemblies (349ms)
		RebuildTransferFunctionScriptingTraits (0ms)
		AnalyzeDomain (142ms)
			TypeCache.Refresh (7ms)
				TypeCache.ScanAssembly (0ms)
			BuildScriptInfoCaches (123ms)
			ResolveRequiredComponents (10ms)
	FinalizeReload (723ms)
		ReleaseScriptCaches (0ms)
		RebuildScriptCaches (0ms)
		SetupLoadedEditorAssemblies (511ms)
			LogAssemblyErrors (0ms)
			InitializePlatformSupportModulesInManaged (2ms)
			SetLoadedEditorAssemblies (7ms)
			BeforeProcessingInitializeOnLoad (118ms)
			ProcessInitializeOnLoadAttributes (344ms)
			ProcessInitializeOnLoadMethodAttributes (33ms)
			AfterProcessingInitializeOnLoad (6ms)
			EditorAssembliesLoaded (0ms)
		ExecutionOrderSort2 (0ms)
		AwakeInstancesAfterBackupRestoration (19ms)
Refreshing native plugins compatible for Editor in 0.76 ms, found 3 plugins.
Preloading 0 native plugins for Editor in 0.00 ms.
Unloading 20 Unused Serialized files (Serialized files now loaded: 0)
Unloading 5293 unused Assets / (4.0 MB). Loaded Objects now: 6103.
Memory consumption went from 168.6 MB to 164.5 MB.
Total: 7.562400 ms (FindLiveObjects: 0.675600 ms CreateObjectMapping: 0.424600 ms MarkObjects: 4.365100 ms  DeleteObjects: 2.096100 ms)

Prepare: number of updated asset objects reloaded= 0
========================================================================
Received Prepare
Begin MonoManager ReloadAssembly
C:\build\output\Unity-Technologies\mono\mono\metadata\icall.c:1842:
C:\build\output\Unity-Technologies\mono\mono\metadata\icall.c:1842:
C:\build\output\Unity-Technologies\mono\mono\metadata\icall.c:1842:
C:\build\output\Unity-Technologies\mono\mono\metadata\icall.c:1842:
C:\build\output\Unity-Technologies\mono\mono\metadata\icall.c:1842:
C:\build\output\Unity-Technologies\mono\mono\metadata\icall.c:1842:
C:\build\output\Unity-Technologies\mono\mono\metadata\icall.c:1842:
C:\build\output\Unity-Technologies\mono\mono\metadata\icall.c:1842:
C:\build\output\Unity-Technologies\mono\mono\metadata\icall.c:1842:
C:\build\output\Unity-Technologies\mono\mono\metadata\icall.c:1842:
C:\build\output\Unity-Technologies\mono\mono\metadata\icall.c:1842:
C:\build\output\Unity-Technologies\mono\mono\metadata\icall.c:1842:
Symbol file LoadedFromMemory doesn't match image C:\Users\aaron\Documents\GitHub\Future-Alien-Drug-Game\Future-Alien-Drug-Game\Library\PackageCache\com.unity.visualscripting@1.8.0\Editor\VisualScripting.Core\Dependencies\YamlDotNet\Unity.VisualScripting.YamlDotNet.dll
Symbol file LoadedFromMemory doesn't match image C:\Users\aaron\Documents\GitHub\Future-Alien-Drug-Game\Future-Alien-Drug-Game\Library\PackageCache\com.unity.visualscripting@1.8.0\Editor\VisualScripting.Core\Dependencies\DotNetZip\Unity.VisualScripting.IonicZip.dll
- Loaded All Assemblies, in  0.674 seconds
Refreshing native plugins compatible for Editor in 0.95 ms, found 3 plugins.
Native extension for WindowsStandalone target not found
Mono: successfully reloaded assembly
- Finished resetting the current domain, in  0.755 seconds
Domain Reload Profiling: 1429ms
	BeginReloadAssembly (184ms)
		ExecutionOrderSort (0ms)
		DisableScriptedObjects (6ms)
		BackupInstance (0ms)
		ReleaseScriptingObjects (0ms)
		CreateAndSetChildDomain (50ms)
	RebuildCommonClasses (32ms)
	RebuildNativeTypeToScriptingClass (12ms)
	initialDomainReloadingComplete (27ms)
	LoadAllAssembliesAndSetupDomain (418ms)
		LoadAssemblies (354ms)
		RebuildTransferFunctionScriptingTraits (0ms)
		AnalyzeDomain (149ms)
			TypeCache.Refresh (6ms)
				TypeCache.ScanAssembly (0ms)
			BuildScriptInfoCaches (130ms)
			ResolveRequiredComponents (9ms)
	FinalizeReload (756ms)
		ReleaseScriptCaches (0ms)
		RebuildScriptCaches (0ms)
		SetupLoadedEditorAssemblies (539ms)
			LogAssemblyErrors (0ms)
			InitializePlatformSupportModulesInManaged (2ms)
			SetLoadedEditorAssemblies (7ms)
			BeforeProcessingInitializeOnLoad (119ms)
			ProcessInitializeOnLoadAttributes (370ms)
			ProcessInitializeOnLoadMethodAttributes (33ms)
			AfterProcessingInitializeOnLoad (8ms)
			EditorAssembliesLoaded (0ms)
		ExecutionOrderSort2 (0ms)
		AwakeInstancesAfterBackupRestoration (23ms)
Refreshing native plugins compatible for Editor in 0.81 ms, found 3 plugins.
Preloading 0 native plugins for Editor in 0.00 ms.
Unloading 20 Unused Serialized files (Serialized files now loaded: 0)
Unloading 5293 unused Assets / (4.0 MB). Loaded Objects now: 6103.
Memory consumption went from 170.5 MB to 166.5 MB.
Total: 6.285000 ms (FindLiveObjects: 0.648700 ms CreateObjectMapping: 0.339300 ms MarkObjects: 3.396200 ms  DeleteObjects: 1.900100 ms)

Prepare: number of updated asset objects reloaded= 0
========================================================================
Received Prepare
Begin MonoManager ReloadAssembly
C:\build\output\Unity-Technologies\mono\mono\metadata\icall.c:1842:
C:\build\output\Unity-Technologies\mono\mono\metadata\icall.c:1842:
C:\build\output\Unity-Technologies\mono\mono\metadata\icall.c:1842:
C:\build\output\Unity-Technologies\mono\mono\metadata\icall.c:1842:
C:\build\output\Unity-Technologies\mono\mono\metadata\icall.c:1842:
C:\build\output\Unity-Technologies\mono\mono\metadata\icall.c:1842:
C:\build\output\Unity-Technologies\mono\mono\metadata\icall.c:1842:
C:\build\output\Unity-Technologies\mono\mono\metadata\icall.c:1842:
C:\build\output\Unity-Technologies\mono\mono\metadata\icall.c:1842:
C:\build\output\Unity-Technologies\mono\mono\metadata\icall.c:1842:
C:\build\output\Unity-Technologies\mono\mono\metadata\icall.c:1842:
C:\build\output\Unity-Technologies\mono\mono\metadata\icall.c:1842:
Symbol file LoadedFromMemory doesn't match image C:\Users\aaron\Documents\GitHub\Future-Alien-Drug-Game\Future-Alien-Drug-Game\Library\PackageCache\com.unity.visualscripting@1.8.0\Editor\VisualScripting.Core\Dependencies\YamlDotNet\Unity.VisualScripting.YamlDotNet.dll
Symbol file LoadedFromMemory doesn't match image C:\Users\aaron\Documents\GitHub\Future-Alien-Drug-Game\Future-Alien-Drug-Game\Library\PackageCache\com.unity.visualscripting@1.8.0\Editor\VisualScripting.Core\Dependencies\DotNetZip\Unity.VisualScripting.IonicZip.dll
- Loaded All Assemblies, in  0.817 seconds
Refreshing native plugins compatible for Editor in 0.75 ms, found 3 plugins.
Native extension for WindowsStandalone target not found
Mono: successfully reloaded assembly
- Finished resetting the current domain, in  0.806 seconds
Domain Reload Profiling: 1621ms
	BeginReloadAssembly (221ms)
		ExecutionOrderSort (0ms)
		DisableScriptedObjects (6ms)
		BackupInstance (0ms)
		ReleaseScriptingObjects (0ms)
		CreateAndSetChildDomain (55ms)
	RebuildCommonClasses (42ms)
	RebuildNativeTypeToScriptingClass (14ms)
	initialDomainReloadingComplete (35ms)
	LoadAllAssembliesAndSetupDomain (502ms)
		LoadAssemblies (460ms)
		RebuildTransferFunctionScriptingTraits (0ms)
		AnalyzeDomain (158ms)
			TypeCache.Refresh (8ms)
				TypeCache.ScanAssembly (0ms)
			BuildScriptInfoCaches (133ms)
			ResolveRequiredComponents (13ms)
	FinalizeReload (806ms)
		ReleaseScriptCaches (0ms)
		RebuildScriptCaches (0ms)
		SetupLoadedEditorAssemblies (548ms)
			LogAssemblyErrors (0ms)
			InitializePlatformSupportModulesInManaged (5ms)
			SetLoadedEditorAssemblies (9ms)
			BeforeProcessingInitializeOnLoad (138ms)
			ProcessInitializeOnLoadAttributes (356ms)
			ProcessInitializeOnLoadMethodAttributes (34ms)
			AfterProcessingInitializeOnLoad (7ms)
			EditorAssembliesLoaded (0ms)
		ExecutionOrderSort2 (0ms)
		AwakeInstancesAfterBackupRestoration (19ms)
Refreshing native plugins compatible for Editor in 0.93 ms, found 3 plugins.
Preloading 0 native plugins for Editor in 0.00 ms.
Unloading 20 Unused Serialized files (Serialized files now loaded: 0)
Unloading 5293 unused Assets / (4.4 MB). Loaded Objects now: 6103.
Memory consumption went from 172.4 MB to 168.0 MB.
Total: 7.467300 ms (FindLiveObjects: 0.578400 ms CreateObjectMapping: 0.599500 ms MarkObjects: 3.719500 ms  DeleteObjects: 2.569300 ms)

Prepare: number of updated asset objects reloaded= 0
========================================================================
Received Import Request.
  Time since last request: 1741.225520 seconds.
  path: Assets/Prefab/Slab (2) 1.prefab
  artifactKey: Guid(2c8c0e15070e8ef419a6742d2dd7cea9) Importer(815301076,1909f56bfc062723c751e8b465ee728b)
Start importing Assets/Prefab/Slab (2) 1.prefab using Guid(2c8c0e15070e8ef419a6742d2dd7cea9) Importer(815301076,1909f56bfc062723c751e8b465ee728b) (PreviewImporter) -> (artifact id: '369ceca2a0ce9123698b33451136b160') in 0.3456349 seconds
Number of updated asset objects reloaded before import = 0Number of asset objects unloaded after import = 45

========================================================================
Received Import Request.
  Time since last request: 0.000029 seconds.
  path: Assets/Prefab/Wood 4.prefab
  artifactKey: Guid(5e7ce08dd3a19e54ab55e77cfdc351d8) Importer(815301076,1909f56bfc062723c751e8b465ee728b)
Start importing Assets/Prefab/Wood 4.prefab using Guid(5e7ce08dd3a19e54ab55e77cfdc351d8) Importer(815301076,1909f56bfc062723c751e8b465ee728b) (PreviewImporter) -> (artifact id: '711a10969d48010fc3d2ee3241e16d38') in 0.0333514 seconds
Number of updated asset objects reloaded before import = 0Number of asset objects unloaded after import = 279

========================================================================
Received Import Request.
  Time since last request: 0.000034 seconds.
  path: Assets/Prefab/Stack (2).prefab
  artifactKey: Guid(814ae28cf3c1b4d4a800eea9c556f9c5) Importer(815301076,1909f56bfc062723c751e8b465ee728b)
Start importing Assets/Prefab/Stack (2).prefab using Guid(814ae28cf3c1b4d4a800eea9c556f9c5) Importer(815301076,1909f56bfc062723c751e8b465ee728b) (PreviewImporter) -> (artifact id: '9cf05f2142afe3d4d045e1ea42ccf6ec') in 0.0353754 seconds
Number of updated asset objects reloaded before import = 0Number of asset objects unloaded after import = 107

========================================================================
Received Import Request.
  Time since last request: 0.000031 seconds.
  path: Assets/Prefab/Stack (1) 1.prefab
  artifactKey: Guid(5772fc4fdea7bf9428b31daf7953d45c) Importer(815301076,1909f56bfc062723c751e8b465ee728b)
Start importing Assets/Prefab/Stack (1) 1.prefab using Guid(5772fc4fdea7bf9428b31daf7953d45c) Importer(815301076,1909f56bfc062723c751e8b465ee728b) (PreviewImporter) -> (artifact id: '7ee52e77bed3a37961acadd66f491f00') in 0.0317649 seconds
Number of updated asset objects reloaded before import = 0Number of asset objects unloaded after import = 106

========================================================================
Received Import Request.
  Time since last request: 0.000023 seconds.
  path: Assets/Prefab/Stack (1).prefab
  artifactKey: Guid(0ca7c246833bbea4399f56d3d5b70bdf) Importer(815301076,1909f56bfc062723c751e8b465ee728b)
Start importing Assets/Prefab/Stack (1).prefab using Guid(0ca7c246833bbea4399f56d3d5b70bdf) Importer(815301076,1909f56bfc062723c751e8b465ee728b) (PreviewImporter) -> (artifact id: '2e69d5924f38c7d7a0eb656babe9e75c') in 0.036389 seconds
Number of updated asset objects reloaded before import = 0Number of asset objects unloaded after import = 106

========================================================================
Received Import Request.
  Time since last request: 0.000032 seconds.
  path: Assets/Prefab/Stack (2) 1.prefab
  artifactKey: Guid(553ee712bf8c7bd4eacfaf6f082de9cc) Importer(815301076,1909f56bfc062723c751e8b465ee728b)
Start importing Assets/Prefab/Stack (2) 1.prefab using Guid(553ee712bf8c7bd4eacfaf6f082de9cc) Importer(815301076,1909f56bfc062723c751e8b465ee728b) (PreviewImporter) -> (artifact id: '28a26119f6454242814b8e76ea313168') in 0.0275025 seconds
Number of updated asset objects reloaded before import = 0Number of asset objects unloaded after import = 106

========================================================================
Received Prepare
Begin MonoManager ReloadAssembly
C:\build\output\Unity-Technologies\mono\mono\metadata\icall.c:1842:
C:\build\output\Unity-Technologies\mono\mono\metadata\icall.c:1842:
C:\build\output\Unity-Technologies\mono\mono\metadata\icall.c:1842:
C:\build\output\Unity-Technologies\mono\mono\metadata\icall.c:1842:
C:\build\output\Unity-Technologies\mono\mono\metadata\icall.c:1842:
C:\build\output\Unity-Technologies\mono\mono\metadata\icall.c:1842:
C:\build\output\Unity-Technologies\mono\mono\metadata\icall.c:1842:
C:\build\output\Unity-Technologies\mono\mono\metadata\icall.c:1842:
C:\build\output\Unity-Technologies\mono\mono\metadata\icall.c:1842:
C:\build\output\Unity-Technologies\mono\mono\metadata\icall.c:1842:
C:\build\output\Unity-Technologies\mono\mono\metadata\icall.c:1842:
C:\build\output\Unity-Technologies\mono\mono\metadata\icall.c:1842:
Symbol file LoadedFromMemory doesn't match image C:\Users\aaron\Documents\GitHub\Future-Alien-Drug-Game\Future-Alien-Drug-Game\Library\PackageCache\com.unity.visualscripting@1.8.0\Editor\VisualScripting.Core\Dependencies\YamlDotNet\Unity.VisualScripting.YamlDotNet.dll
Symbol file LoadedFromMemory doesn't match image C:\Users\aaron\Documents\GitHub\Future-Alien-Drug-Game\Future-Alien-Drug-Game\Library\PackageCache\com.unity.visualscripting@1.8.0\Editor\VisualScripting.Core\Dependencies\DotNetZip\Unity.VisualScripting.IonicZip.dll
- Loaded All Assemblies, in  0.697 seconds
Refreshing native plugins compatible for Editor in 0.77 ms, found 3 plugins.
Native extension for WindowsStandalone target not found
Mono: successfully reloaded assembly
- Finished resetting the current domain, in  0.736 seconds
Domain Reload Profiling: 1432ms
	BeginReloadAssembly (211ms)
		ExecutionOrderSort (0ms)
		DisableScriptedObjects (12ms)
		BackupInstance (0ms)
		ReleaseScriptingObjects (0ms)
		CreateAndSetChildDomain (66ms)
	RebuildCommonClasses (34ms)
	RebuildNativeTypeToScriptingClass (11ms)
	initialDomainReloadingComplete (28ms)
	LoadAllAssembliesAndSetupDomain (411ms)
		LoadAssemblies (362ms)
		RebuildTransferFunctionScriptingTraits (0ms)
		AnalyzeDomain (138ms)
			TypeCache.Refresh (6ms)
				TypeCache.ScanAssembly (0ms)
			BuildScriptInfoCaches (119ms)
			ResolveRequiredComponents (9ms)
	FinalizeReload (736ms)
		ReleaseScriptCaches (0ms)
		RebuildScriptCaches (0ms)
		SetupLoadedEditorAssemblies (524ms)
			LogAssemblyErrors (0ms)
			InitializePlatformSupportModulesInManaged (2ms)
			SetLoadedEditorAssemblies (5ms)
			BeforeProcessingInitializeOnLoad (118ms)
			ProcessInitializeOnLoadAttributes (355ms)
			ProcessInitializeOnLoadMethodAttributes (37ms)
			AfterProcessingInitializeOnLoad (7ms)
			EditorAssembliesLoaded (0ms)
		ExecutionOrderSort2 (0ms)
		AwakeInstancesAfterBackupRestoration (21ms)
Refreshing native plugins compatible for Editor in 0.99 ms, found 3 plugins.
Preloading 0 native plugins for Editor in 0.00 ms.
Unloading 20 Unused Serialized files (Serialized files now loaded: 0)
Unloading 5294 unused Assets / (4.6 MB). Loaded Objects now: 6126.
Memory consumption went from 174.5 MB to 169.9 MB.
Total: 12.087000 ms (FindLiveObjects: 1.641700 ms CreateObjectMapping: 1.314200 ms MarkObjects: 5.791300 ms  DeleteObjects: 3.338500 ms)

Prepare: number of updated asset objects reloaded= 0
========================================================================
Received Prepare
Begin MonoManager ReloadAssembly
C:\build\output\Unity-Technologies\mono\mono\metadata\icall.c:1842:
C:\build\output\Unity-Technologies\mono\mono\metadata\icall.c:1842:
C:\build\output\Unity-Technologies\mono\mono\metadata\icall.c:1842:
C:\build\output\Unity-Technologies\mono\mono\metadata\icall.c:1842:
C:\build\output\Unity-Technologies\mono\mono\metadata\icall.c:1842:
C:\build\output\Unity-Technologies\mono\mono\metadata\icall.c:1842:
C:\build\output\Unity-Technologies\mono\mono\metadata\icall.c:1842:
C:\build\output\Unity-Technologies\mono\mono\metadata\icall.c:1842:
C:\build\output\Unity-Technologies\mono\mono\metadata\icall.c:1842:
C:\build\output\Unity-Technologies\mono\mono\metadata\icall.c:1842:
C:\build\output\Unity-Technologies\mono\mono\metadata\icall.c:1842:
C:\build\output\Unity-Technologies\mono\mono\metadata\icall.c:1842:
Symbol file LoadedFromMemory doesn't match image C:\Users\aaron\Documents\GitHub\Future-Alien-Drug-Game\Future-Alien-Drug-Game\Library\PackageCache\com.unity.visualscripting@1.8.0\Editor\VisualScripting.Core\Dependencies\YamlDotNet\Unity.VisualScripting.YamlDotNet.dll
Symbol file LoadedFromMemory doesn't match image C:\Users\aaron\Documents\GitHub\Future-Alien-Drug-Game\Future-Alien-Drug-Game\Library\PackageCache\com.unity.visualscripting@1.8.0\Editor\VisualScripting.Core\Dependencies\DotNetZip\Unity.VisualScripting.IonicZip.dll
- Loaded All Assemblies, in  0.700 seconds
Refreshing native plugins compatible for Editor in 1.09 ms, found 3 plugins.
Native extension for WindowsStandalone target not found
Mono: successfully reloaded assembly
- Finished resetting the current domain, in  0.830 seconds
Domain Reload Profiling: 1529ms
	BeginReloadAssembly (185ms)
		ExecutionOrderSort (0ms)
		DisableScriptedObjects (4ms)
		BackupInstance (0ms)
		ReleaseScriptingObjects (0ms)
		CreateAndSetChildDomain (49ms)
	RebuildCommonClasses (33ms)
	RebuildNativeTypeToScriptingClass (17ms)
	initialDomainReloadingComplete (29ms)
	LoadAllAssembliesAndSetupDomain (434ms)
		LoadAssemblies (366ms)
		RebuildTransferFunctionScriptingTraits (0ms)
		AnalyzeDomain (158ms)
			TypeCache.Refresh (10ms)
				TypeCache.ScanAssembly (0ms)
			BuildScriptInfoCaches (134ms)
			ResolveRequiredComponents (10ms)
	FinalizeReload (831ms)
		ReleaseScriptCaches (0ms)
		RebuildScriptCaches (0ms)
		SetupLoadedEditorAssemblies (584ms)
			LogAssemblyErrors (0ms)
			InitializePlatformSupportModulesInManaged (2ms)
			SetLoadedEditorAssemblies (7ms)
			BeforeProcessingInitializeOnLoad (134ms)
			ProcessInitializeOnLoadAttributes (394ms)
			ProcessInitializeOnLoadMethodAttributes (39ms)
			AfterProcessingInitializeOnLoad (7ms)
			EditorAssembliesLoaded (0ms)
		ExecutionOrderSort2 (0ms)
		AwakeInstancesAfterBackupRestoration (22ms)
Refreshing native plugins compatible for Editor in 0.80 ms, found 3 plugins.
Preloading 0 native plugins for Editor in 0.00 ms.
Unloading 20 Unused Serialized files (Serialized files now loaded: 0)
Unloading 5293 unused Assets / (4.4 MB). Loaded Objects now: 6126.
Memory consumption went from 176.3 MB to 171.9 MB.
Total: 10.117900 ms (FindLiveObjects: 1.081100 ms CreateObjectMapping: 1.529500 ms MarkObjects: 5.077400 ms  DeleteObjects: 2.429100 ms)

Prepare: number of updated asset objects reloaded= 0
========================================================================
Received Import Request.
  Time since last request: 1425.028698 seconds.
  path: Assets/Art/Light Metal.mat
  artifactKey: Guid(ece6ce2932120af47abf940c5d3a5290) Importer(815301076,1909f56bfc062723c751e8b465ee728b)
Start importing Assets/Art/Light Metal.mat using Guid(ece6ce2932120af47abf940c5d3a5290) Importer(815301076,1909f56bfc062723c751e8b465ee728b) (PreviewImporter) -> (artifact id: 'a768eaa248df0bf1a4b2c3a6170738a8') in 0.3326271 seconds
Number of updated asset objects reloaded before import = 0Number of asset objects unloaded after import = 30

========================================================================
Received Import Request.
  Time since last request: 0.000033 seconds.
  path: Assets/Art/MetalRoof.mat
  artifactKey: Guid(32a423737229a6346880484388f3b664) Importer(815301076,1909f56bfc062723c751e8b465ee728b)
Start importing Assets/Art/MetalRoof.mat using Guid(32a423737229a6346880484388f3b664) Importer(815301076,1909f56bfc062723c751e8b465ee728b) (PreviewImporter) -> (artifact id: '109017d2543660e75b602a7381c11e63') in 0.023164 seconds
Number of updated asset objects reloaded before import = 0Number of asset objects unloaded after import = 29

========================================================================
Received Import Request.
  Time since last request: 0.000038 seconds.
  path: Assets/Art/Sand.mat
  artifactKey: Guid(4336e32e554bf4d4ba860f866158316a) Importer(815301076,1909f56bfc062723c751e8b465ee728b)
Start importing Assets/Art/Sand.mat using Guid(4336e32e554bf4d4ba860f866158316a) Importer(815301076,1909f56bfc062723c751e8b465ee728b) (PreviewImporter) -> (artifact id: '8a3649c711ba6544165db323d5f57c37') in 0.0355288 seconds
Number of updated asset objects reloaded before import = 0Number of asset objects unloaded after import = 29

========================================================================
Received Import Request.
  Time since last request: 0.000028 seconds.
  path: Assets/Art/Red Metal.mat
  artifactKey: Guid(e19f0df2c56e3d24192e47b477aaddc7) Importer(815301076,1909f56bfc062723c751e8b465ee728b)
Start importing Assets/Art/Red Metal.mat using Guid(e19f0df2c56e3d24192e47b477aaddc7) Importer(815301076,1909f56bfc062723c751e8b465ee728b) (PreviewImporter) -> (artifact id: '345bae9f6240bcea74f78c5c43f8c72e') in 0.0306276 seconds
Number of updated asset objects reloaded before import = 0Number of asset objects unloaded after import = 29

========================================================================
Received Import Request.
  Time since last request: 0.000032 seconds.
  path: Assets/Art/Mesh.mat
  artifactKey: Guid(cd9e955a3b707ff47ba5779d5290b5b1) Importer(815301076,1909f56bfc062723c751e8b465ee728b)
Start importing Assets/Art/Mesh.mat using Guid(cd9e955a3b707ff47ba5779d5290b5b1) Importer(815301076,1909f56bfc062723c751e8b465ee728b) (PreviewImporter) -> (artifact id: '8327f6d23a6a5a8af9c69f1171429292') in 0.0338263 seconds
Number of updated asset objects reloaded before import = 0Number of asset objects unloaded after import = 30

========================================================================
Received Import Request.
  Time since last request: 27.999137 seconds.
  path: Assets/Art/Wood.mat
  artifactKey: Guid(af8b26ce03022cd43941bf1033d66c6a) Importer(815301076,1909f56bfc062723c751e8b465ee728b)
Start importing Assets/Art/Wood.mat using Guid(af8b26ce03022cd43941bf1033d66c6a) Importer(815301076,1909f56bfc062723c751e8b465ee728b) (PreviewImporter) -> (artifact id: 'ed9900a51e9c0f601e9256ae831fa507') in 0.0180645 seconds
Number of updated asset objects reloaded before import = 0Number of asset objects unloaded after import = 29

========================================================================
Received Prepare
Begin MonoManager ReloadAssembly
C:\build\output\Unity-Technologies\mono\mono\metadata\icall.c:1842:
C:\build\output\Unity-Technologies\mono\mono\metadata\icall.c:1842:
C:\build\output\Unity-Technologies\mono\mono\metadata\icall.c:1842:
C:\build\output\Unity-Technologies\mono\mono\metadata\icall.c:1842:
C:\build\output\Unity-Technologies\mono\mono\metadata\icall.c:1842:
C:\build\output\Unity-Technologies\mono\mono\metadata\icall.c:1842:
C:\build\output\Unity-Technologies\mono\mono\metadata\icall.c:1842:
C:\build\output\Unity-Technologies\mono\mono\metadata\icall.c:1842:
C:\build\output\Unity-Technologies\mono\mono\metadata\icall.c:1842:
C:\build\output\Unity-Technologies\mono\mono\metadata\icall.c:1842:
C:\build\output\Unity-Technologies\mono\mono\metadata\icall.c:1842:
C:\build\output\Unity-Technologies\mono\mono\metadata\icall.c:1842:
Symbol file LoadedFromMemory doesn't match image C:\Users\aaron\Documents\GitHub\Future-Alien-Drug-Game\Future-Alien-Drug-Game\Library\PackageCache\com.unity.visualscripting@1.8.0\Editor\VisualScripting.Core\Dependencies\YamlDotNet\Unity.VisualScripting.YamlDotNet.dll
Symbol file LoadedFromMemory doesn't match image C:\Users\aaron\Documents\GitHub\Future-Alien-Drug-Game\Future-Alien-Drug-Game\Library\PackageCache\com.unity.visualscripting@1.8.0\Editor\VisualScripting.Core\Dependencies\DotNetZip\Unity.VisualScripting.IonicZip.dll
- Loaded All Assemblies, in  0.734 seconds
Refreshing native plugins compatible for Editor in 0.79 ms, found 3 plugins.
Native extension for WindowsStandalone target not found
Mono: successfully reloaded assembly
- Finished resetting the current domain, in  0.745 seconds
Domain Reload Profiling: 1477ms
	BeginReloadAssembly (206ms)
		ExecutionOrderSort (0ms)
		DisableScriptedObjects (12ms)
		BackupInstance (0ms)
		ReleaseScriptingObjects (0ms)
		CreateAndSetChildDomain (58ms)
	RebuildCommonClasses (29ms)
	RebuildNativeTypeToScriptingClass (15ms)
	initialDomainReloadingComplete (35ms)
	LoadAllAssembliesAndSetupDomain (447ms)
		LoadAssemblies (356ms)
		RebuildTransferFunctionScriptingTraits (0ms)
		AnalyzeDomain (184ms)
			TypeCache.Refresh (6ms)
				TypeCache.ScanAssembly (0ms)
			BuildScriptInfoCaches (166ms)
			ResolveRequiredComponents (9ms)
	FinalizeReload (745ms)
		ReleaseScriptCaches (0ms)
		RebuildScriptCaches (0ms)
		SetupLoadedEditorAssemblies (523ms)
			LogAssemblyErrors (0ms)
			InitializePlatformSupportModulesInManaged (2ms)
			SetLoadedEditorAssemblies (5ms)
			BeforeProcessingInitializeOnLoad (104ms)
			ProcessInitializeOnLoadAttributes (363ms)
			ProcessInitializeOnLoadMethodAttributes (39ms)
			AfterProcessingInitializeOnLoad (9ms)
			EditorAssembliesLoaded (0ms)
		ExecutionOrderSort2 (0ms)
		AwakeInstancesAfterBackupRestoration (30ms)
Refreshing native plugins compatible for Editor in 0.90 ms, found 3 plugins.
Preloading 0 native plugins for Editor in 0.00 ms.
Unloading 20 Unused Serialized files (Serialized files now loaded: 0)
Unloading 5294 unused Assets / (3.9 MB). Loaded Objects now: 6148.
Memory consumption went from 178.4 MB to 174.5 MB.
Total: 6.524400 ms (FindLiveObjects: 0.601500 ms CreateObjectMapping: 0.260200 ms MarkObjects: 3.797300 ms  DeleteObjects: 1.864400 ms)

Prepare: number of updated asset objects reloaded= 0
========================================================================
Received Prepare
Begin MonoManager ReloadAssembly
C:\build\output\Unity-Technologies\mono\mono\metadata\icall.c:1842:
C:\build\output\Unity-Technologies\mono\mono\metadata\icall.c:1842:
C:\build\output\Unity-Technologies\mono\mono\metadata\icall.c:1842:
C:\build\output\Unity-Technologies\mono\mono\metadata\icall.c:1842:
C:\build\output\Unity-Technologies\mono\mono\metadata\icall.c:1842:
C:\build\output\Unity-Technologies\mono\mono\metadata\icall.c:1842:
C:\build\output\Unity-Technologies\mono\mono\metadata\icall.c:1842:
C:\build\output\Unity-Technologies\mono\mono\metadata\icall.c:1842:
C:\build\output\Unity-Technologies\mono\mono\metadata\icall.c:1842:
C:\build\output\Unity-Technologies\mono\mono\metadata\icall.c:1842:
C:\build\output\Unity-Technologies\mono\mono\metadata\icall.c:1842:
C:\build\output\Unity-Technologies\mono\mono\metadata\icall.c:1842:
Symbol file LoadedFromMemory doesn't match image C:\Users\aaron\Documents\GitHub\Future-Alien-Drug-Game\Future-Alien-Drug-Game\Library\PackageCache\com.unity.visualscripting@1.8.0\Editor\VisualScripting.Core\Dependencies\YamlDotNet\Unity.VisualScripting.YamlDotNet.dll
Symbol file LoadedFromMemory doesn't match image C:\Users\aaron\Documents\GitHub\Future-Alien-Drug-Game\Future-Alien-Drug-Game\Library\PackageCache\com.unity.visualscripting@1.8.0\Editor\VisualScripting.Core\Dependencies\DotNetZip\Unity.VisualScripting.IonicZip.dll
- Loaded All Assemblies, in  0.679 seconds
Refreshing native plugins compatible for Editor in 1.50 ms, found 3 plugins.
Native extension for WindowsStandalone target not found
Mono: successfully reloaded assembly
- Finished resetting the current domain, in  0.822 seconds
Domain Reload Profiling: 1498ms
	BeginReloadAssembly (200ms)
		ExecutionOrderSort (0ms)
		DisableScriptedObjects (5ms)
		BackupInstance (0ms)
		ReleaseScriptingObjects (0ms)
		CreateAndSetChildDomain (59ms)
	RebuildCommonClasses (37ms)
	RebuildNativeTypeToScriptingClass (11ms)
	initialDomainReloadingComplete (31ms)
	LoadAllAssembliesAndSetupDomain (397ms)
		LoadAssemblies (358ms)
		RebuildTransferFunctionScriptingTraits (0ms)
		AnalyzeDomain (134ms)
			TypeCache.Refresh (6ms)
				TypeCache.ScanAssembly (0ms)
			BuildScriptInfoCaches (115ms)
			ResolveRequiredComponents (9ms)
	FinalizeReload (823ms)
		ReleaseScriptCaches (0ms)
		RebuildScriptCaches (0ms)
		SetupLoadedEditorAssemblies (586ms)
			LogAssemblyErrors (0ms)
			InitializePlatformSupportModulesInManaged (2ms)
			SetLoadedEditorAssemblies (7ms)
			BeforeProcessingInitializeOnLoad (135ms)
			ProcessInitializeOnLoadAttributes (396ms)
			ProcessInitializeOnLoadMethodAttributes (39ms)
			AfterProcessingInitializeOnLoad (7ms)
			EditorAssembliesLoaded (0ms)
		ExecutionOrderSort2 (0ms)
		AwakeInstancesAfterBackupRestoration (21ms)
Refreshing native plugins compatible for Editor in 1.38 ms, found 3 plugins.
Preloading 0 native plugins for Editor in 0.00 ms.
Unloading 20 Unused Serialized files (Serialized files now loaded: 0)
Unloading 5293 unused Assets / (4.3 MB). Loaded Objects now: 6148.
Memory consumption went from 180.3 MB to 175.9 MB.
Total: 8.006200 ms (FindLiveObjects: 0.878700 ms CreateObjectMapping: 0.464700 ms MarkObjects: 4.051400 ms  DeleteObjects: 2.610700 ms)

Prepare: number of updated asset objects reloaded= 0
========================================================================
Received Import Request.
  Time since last request: 608.965539 seconds.
  path: Assets/Prefab/Slab (3).prefab
  artifactKey: Guid(33d031aaa4c71fb449adf137ac37ac81) Importer(815301076,1909f56bfc062723c751e8b465ee728b)
Start importing Assets/Prefab/Slab (3).prefab using Guid(33d031aaa4c71fb449adf137ac37ac81) Importer(815301076,1909f56bfc062723c751e8b465ee728b) (PreviewImporter) -> (artifact id: 'c0d6146fafff872bd01c17c199478336') in 0.3037149 seconds
Number of updated asset objects reloaded before import = 0Number of asset objects unloaded after import = 45

========================================================================
Received Import Request.
  Time since last request: 0.000029 seconds.
  path: Assets/Prefab/Wood 2.prefab
  artifactKey: Guid(fb04d91901e107e4eac152338c8cfc05) Importer(815301076,1909f56bfc062723c751e8b465ee728b)
Start importing Assets/Prefab/Wood 2.prefab using Guid(fb04d91901e107e4eac152338c8cfc05) Importer(815301076,1909f56bfc062723c751e8b465ee728b) (PreviewImporter) -> (artifact id: '187c7ef25a9da724b06c8f94a3b948c0') in 0.0228993 seconds
Number of updated asset objects reloaded before import = 0Number of asset objects unloaded after import = 41

========================================================================
Received Import Request.
  Time since last request: 0.000039 seconds.
  path: Assets/Prefab/Stack (2).prefab
  artifactKey: Guid(814ae28cf3c1b4d4a800eea9c556f9c5) Importer(815301076,1909f56bfc062723c751e8b465ee728b)
Start importing Assets/Prefab/Stack (2).prefab using Guid(814ae28cf3c1b4d4a800eea9c556f9c5) Importer(815301076,1909f56bfc062723c751e8b465ee728b) (PreviewImporter) -> (artifact id: '14a64d4c5a2af9b977679c783c9e4197') in 0.0263925 seconds
Number of updated asset objects reloaded before import = 0Number of asset objects unloaded after import = 106

========================================================================
Received Import Request.
  Time since last request: 0.000031 seconds.
  path: Assets/Prefab/Stack (4).prefab
  artifactKey: Guid(1deb0178132853d49909b93780bb9097) Importer(815301076,1909f56bfc062723c751e8b465ee728b)
Start importing Assets/Prefab/Stack (4).prefab using Guid(1deb0178132853d49909b93780bb9097) Importer(815301076,1909f56bfc062723c751e8b465ee728b) (PreviewImporter) -> (artifact id: '320d0753faffd2aa772d20b14048692f') in 0.0249227 seconds
Number of updated asset objects reloaded before import = 0Number of asset objects unloaded after import = 101

========================================================================
Received Import Request.
  Time since last request: 2.808243 seconds.
  path: Assets/Prefab/Stack (2).prefab
  artifactKey: Guid(814ae28cf3c1b4d4a800eea9c556f9c5) Importer(815301076,1909f56bfc062723c751e8b465ee728b)
Start importing Assets/Prefab/Stack (2).prefab using Guid(814ae28cf3c1b4d4a800eea9c556f9c5) Importer(815301076,1909f56bfc062723c751e8b465ee728b) (PreviewImporter) -> (artifact id: '64a3631f15256889bc0878a87842d41c') in 0.0231343 seconds
Number of updated asset objects reloaded before import = 0Number of asset objects unloaded after import = 106

========================================================================
Received Import Request.
  Time since last request: 0.000031 seconds.
  path: Assets/Prefab/Stack (3).prefab
  artifactKey: Guid(6c43092109b26304e98140acf8a746c2) Importer(815301076,1909f56bfc062723c751e8b465ee728b)
Start importing Assets/Prefab/Stack (3).prefab using Guid(6c43092109b26304e98140acf8a746c2) Importer(815301076,1909f56bfc062723c751e8b465ee728b) (PreviewImporter) -> (artifact id: 'e570b9934bc44edccda5d789e398b16c') in 0.024556 seconds
Number of updated asset objects reloaded before import = 0Number of asset objects unloaded after import = 106

========================================================================
Received Prepare
Begin MonoManager ReloadAssembly
C:\build\output\Unity-Technologies\mono\mono\metadata\icall.c:1842:
C:\build\output\Unity-Technologies\mono\mono\metadata\icall.c:1842:
C:\build\output\Unity-Technologies\mono\mono\metadata\icall.c:1842:
C:\build\output\Unity-Technologies\mono\mono\metadata\icall.c:1842:
C:\build\output\Unity-Technologies\mono\mono\metadata\icall.c:1842:
C:\build\output\Unity-Technologies\mono\mono\metadata\icall.c:1842:
C:\build\output\Unity-Technologies\mono\mono\metadata\icall.c:1842:
C:\build\output\Unity-Technologies\mono\mono\metadata\icall.c:1842:
C:\build\output\Unity-Technologies\mono\mono\metadata\icall.c:1842:
C:\build\output\Unity-Technologies\mono\mono\metadata\icall.c:1842:
C:\build\output\Unity-Technologies\mono\mono\metadata\icall.c:1842:
C:\build\output\Unity-Technologies\mono\mono\metadata\icall.c:1842:
Symbol file LoadedFromMemory doesn't match image C:\Users\aaron\Documents\GitHub\Future-Alien-Drug-Game\Future-Alien-Drug-Game\Library\PackageCache\com.unity.visualscripting@1.8.0\Editor\VisualScripting.Core\Dependencies\YamlDotNet\Unity.VisualScripting.YamlDotNet.dll
Symbol file LoadedFromMemory doesn't match image C:\Users\aaron\Documents\GitHub\Future-Alien-Drug-Game\Future-Alien-Drug-Game\Library\PackageCache\com.unity.visualscripting@1.8.0\Editor\VisualScripting.Core\Dependencies\DotNetZip\Unity.VisualScripting.IonicZip.dll
- Loaded All Assemblies, in  0.692 seconds
Refreshing native plugins compatible for Editor in 1.49 ms, found 3 plugins.
Native extension for WindowsStandalone target not found
Mono: successfully reloaded assembly
- Finished resetting the current domain, in  0.829 seconds
Domain Reload Profiling: 1519ms
	BeginReloadAssembly (208ms)
		ExecutionOrderSort (0ms)
		DisableScriptedObjects (12ms)
		BackupInstance (0ms)
		ReleaseScriptingObjects (0ms)
		CreateAndSetChildDomain (61ms)
	RebuildCommonClasses (32ms)
	RebuildNativeTypeToScriptingClass (11ms)
	initialDomainReloadingComplete (29ms)
	LoadAllAssembliesAndSetupDomain (410ms)
		LoadAssemblies (367ms)
		RebuildTransferFunctionScriptingTraits (0ms)
		AnalyzeDomain (135ms)
			TypeCache.Refresh (6ms)
				TypeCache.ScanAssembly (0ms)
			BuildScriptInfoCaches (117ms)
			ResolveRequiredComponents (9ms)
	FinalizeReload (830ms)
		ReleaseScriptCaches (0ms)
		RebuildScriptCaches (0ms)
		SetupLoadedEditorAssemblies (593ms)
			LogAssemblyErrors (0ms)
			InitializePlatformSupportModulesInManaged (3ms)
			SetLoadedEditorAssemblies (8ms)
			BeforeProcessingInitializeOnLoad (133ms)
			ProcessInitializeOnLoadAttributes (403ms)
			ProcessInitializeOnLoadMethodAttributes (39ms)
			AfterProcessingInitializeOnLoad (6ms)
			EditorAssembliesLoaded (0ms)
		ExecutionOrderSort2 (0ms)
		AwakeInstancesAfterBackupRestoration (23ms)
Refreshing native plugins compatible for Editor in 1.16 ms, found 3 plugins.
Preloading 0 native plugins for Editor in 0.00 ms.
Unloading 20 Unused Serialized files (Serialized files now loaded: 0)
Unloading 5294 unused Assets / (4.0 MB). Loaded Objects now: 6170.
Memory consumption went from 182.3 MB to 178.3 MB.
Total: 6.687400 ms (FindLiveObjects: 0.619900 ms CreateObjectMapping: 0.287900 ms MarkObjects: 3.812100 ms  DeleteObjects: 1.966700 ms)

Prepare: number of updated asset objects reloaded= 0
========================================================================
Received Prepare
Begin MonoManager ReloadAssembly
C:\build\output\Unity-Technologies\mono\mono\metadata\icall.c:1842:
C:\build\output\Unity-Technologies\mono\mono\metadata\icall.c:1842:
C:\build\output\Unity-Technologies\mono\mono\metadata\icall.c:1842:
C:\build\output\Unity-Technologies\mono\mono\metadata\icall.c:1842:
C:\build\output\Unity-Technologies\mono\mono\metadata\icall.c:1842:
C:\build\output\Unity-Technologies\mono\mono\metadata\icall.c:1842:
C:\build\output\Unity-Technologies\mono\mono\metadata\icall.c:1842:
C:\build\output\Unity-Technologies\mono\mono\metadata\icall.c:1842:
C:\build\output\Unity-Technologies\mono\mono\metadata\icall.c:1842:
C:\build\output\Unity-Technologies\mono\mono\metadata\icall.c:1842:
C:\build\output\Unity-Technologies\mono\mono\metadata\icall.c:1842:
C:\build\output\Unity-Technologies\mono\mono\metadata\icall.c:1842:
Symbol file LoadedFromMemory doesn't match image C:\Users\aaron\Documents\GitHub\Future-Alien-Drug-Game\Future-Alien-Drug-Game\Library\PackageCache\com.unity.visualscripting@1.8.0\Editor\VisualScripting.Core\Dependencies\YamlDotNet\Unity.VisualScripting.YamlDotNet.dll
Symbol file LoadedFromMemory doesn't match image C:\Users\aaron\Documents\GitHub\Future-Alien-Drug-Game\Future-Alien-Drug-Game\Library\PackageCache\com.unity.visualscripting@1.8.0\Editor\VisualScripting.Core\Dependencies\DotNetZip\Unity.VisualScripting.IonicZip.dll
- Loaded All Assemblies, in  0.646 seconds
Refreshing native plugins compatible for Editor in 0.72 ms, found 3 plugins.
Native extension for WindowsStandalone target not found
Mono: successfully reloaded assembly
- Finished resetting the current domain, in  0.732 seconds
Domain Reload Profiling: 1376ms
	BeginReloadAssembly (185ms)
		ExecutionOrderSort (0ms)
		DisableScriptedObjects (5ms)
		BackupInstance (0ms)
		ReleaseScriptingObjects (0ms)
		CreateAndSetChildDomain (50ms)
	RebuildCommonClasses (30ms)
	RebuildNativeTypeToScriptingClass (10ms)
	initialDomainReloadingComplete (30ms)
	LoadAllAssembliesAndSetupDomain (389ms)
		LoadAssemblies (345ms)
		RebuildTransferFunctionScriptingTraits (0ms)
		AnalyzeDomain (132ms)
			TypeCache.Refresh (6ms)
				TypeCache.ScanAssembly (0ms)
			BuildScriptInfoCaches (113ms)
			ResolveRequiredComponents (9ms)
	FinalizeReload (732ms)
		ReleaseScriptCaches (0ms)
		RebuildScriptCaches (0ms)
		SetupLoadedEditorAssemblies (531ms)
			LogAssemblyErrors (0ms)
			InitializePlatformSupportModulesInManaged (2ms)
			SetLoadedEditorAssemblies (6ms)
			BeforeProcessingInitializeOnLoad (130ms)
			ProcessInitializeOnLoadAttributes (354ms)
			ProcessInitializeOnLoadMethodAttributes (33ms)
			AfterProcessingInitializeOnLoad (6ms)
			EditorAssembliesLoaded (0ms)
		ExecutionOrderSort2 (0ms)
		AwakeInstancesAfterBackupRestoration (18ms)
Refreshing native plugins compatible for Editor in 0.84 ms, found 3 plugins.
Preloading 0 native plugins for Editor in 0.00 ms.
Unloading 20 Unused Serialized files (Serialized files now loaded: 0)
Unloading 5293 unused Assets / (4.1 MB). Loaded Objects now: 6170.
Memory consumption went from 184.2 MB to 180.1 MB.
Total: 6.664400 ms (FindLiveObjects: 0.605300 ms CreateObjectMapping: 0.262000 ms MarkObjects: 3.479900 ms  DeleteObjects: 2.316500 ms)

Prepare: number of updated asset objects reloaded= 0
========================================================================
Received Prepare
Begin MonoManager ReloadAssembly
C:\build\output\Unity-Technologies\mono\mono\metadata\icall.c:1842:
C:\build\output\Unity-Technologies\mono\mono\metadata\icall.c:1842:
C:\build\output\Unity-Technologies\mono\mono\metadata\icall.c:1842:
C:\build\output\Unity-Technologies\mono\mono\metadata\icall.c:1842:
C:\build\output\Unity-Technologies\mono\mono\metadata\icall.c:1842:
C:\build\output\Unity-Technologies\mono\mono\metadata\icall.c:1842:
C:\build\output\Unity-Technologies\mono\mono\metadata\icall.c:1842:
C:\build\output\Unity-Technologies\mono\mono\metadata\icall.c:1842:
C:\build\output\Unity-Technologies\mono\mono\metadata\icall.c:1842:
C:\build\output\Unity-Technologies\mono\mono\metadata\icall.c:1842:
C:\build\output\Unity-Technologies\mono\mono\metadata\icall.c:1842:
C:\build\output\Unity-Technologies\mono\mono\metadata\icall.c:1842:
Symbol file LoadedFromMemory doesn't match image C:\Users\aaron\Documents\GitHub\Future-Alien-Drug-Game\Future-Alien-Drug-Game\Library\PackageCache\com.unity.visualscripting@1.8.0\Editor\VisualScripting.Core\Dependencies\YamlDotNet\Unity.VisualScripting.YamlDotNet.dll
Symbol file LoadedFromMemory doesn't match image C:\Users\aaron\Documents\GitHub\Future-Alien-Drug-Game\Future-Alien-Drug-Game\Library\PackageCache\com.unity.visualscripting@1.8.0\Editor\VisualScripting.Core\Dependencies\DotNetZip\Unity.VisualScripting.IonicZip.dll
- Loaded All Assemblies, in  0.642 seconds
Refreshing native plugins compatible for Editor in 0.99 ms, found 3 plugins.
Native extension for WindowsStandalone target not found
Mono: successfully reloaded assembly
- Finished resetting the current domain, in  0.788 seconds
Domain Reload Profiling: 1430ms
	BeginReloadAssembly (185ms)
		ExecutionOrderSort (0ms)
		DisableScriptedObjects (5ms)
		BackupInstance (0ms)
		ReleaseScriptingObjects (0ms)
		CreateAndSetChildDomain (48ms)
	RebuildCommonClasses (32ms)
	RebuildNativeTypeToScriptingClass (16ms)
	initialDomainReloadingComplete (28ms)
	LoadAllAssembliesAndSetupDomain (380ms)
		LoadAssemblies (341ms)
		RebuildTransferFunctionScriptingTraits (0ms)
		AnalyzeDomain (129ms)
			TypeCache.Refresh (7ms)
				TypeCache.ScanAssembly (0ms)
			BuildScriptInfoCaches (111ms)
			ResolveRequiredComponents (8ms)
	FinalizeReload (789ms)
		ReleaseScriptCaches (0ms)
		RebuildScriptCaches (0ms)
		SetupLoadedEditorAssemblies (555ms)
			LogAssemblyErrors (0ms)
			InitializePlatformSupportModulesInManaged (3ms)
			SetLoadedEditorAssemblies (7ms)
			BeforeProcessingInitializeOnLoad (119ms)
			ProcessInitializeOnLoadAttributes (382ms)
			ProcessInitializeOnLoadMethodAttributes (37ms)
			AfterProcessingInitializeOnLoad (8ms)
			EditorAssembliesLoaded (0ms)
		ExecutionOrderSort2 (0ms)
		AwakeInstancesAfterBackupRestoration (23ms)
Refreshing native plugins compatible for Editor in 0.81 ms, found 3 plugins.
Preloading 0 native plugins for Editor in 0.00 ms.
Unloading 20 Unused Serialized files (Serialized files now loaded: 0)
Unloading 5293 unused Assets / (4.5 MB). Loaded Objects now: 6170.
Memory consumption went from 186.1 MB to 181.6 MB.
Total: 8.186600 ms (FindLiveObjects: 0.691800 ms CreateObjectMapping: 0.511200 ms MarkObjects: 4.355800 ms  DeleteObjects: 2.627000 ms)

Prepare: number of updated asset objects reloaded= 0
========================================================================
Received Prepare
Begin MonoManager ReloadAssembly
C:\build\output\Unity-Technologies\mono\mono\metadata\icall.c:1842:
C:\build\output\Unity-Technologies\mono\mono\metadata\icall.c:1842:
C:\build\output\Unity-Technologies\mono\mono\metadata\icall.c:1842:
C:\build\output\Unity-Technologies\mono\mono\metadata\icall.c:1842:
C:\build\output\Unity-Technologies\mono\mono\metadata\icall.c:1842:
C:\build\output\Unity-Technologies\mono\mono\metadata\icall.c:1842:
C:\build\output\Unity-Technologies\mono\mono\metadata\icall.c:1842:
C:\build\output\Unity-Technologies\mono\mono\metadata\icall.c:1842:
C:\build\output\Unity-Technologies\mono\mono\metadata\icall.c:1842:
C:\build\output\Unity-Technologies\mono\mono\metadata\icall.c:1842:
C:\build\output\Unity-Technologies\mono\mono\metadata\icall.c:1842:
C:\build\output\Unity-Technologies\mono\mono\metadata\icall.c:1842:
Symbol file LoadedFromMemory doesn't match image C:\Users\aaron\Documents\GitHub\Future-Alien-Drug-Game\Future-Alien-Drug-Game\Library\PackageCache\com.unity.visualscripting@1.8.0\Editor\VisualScripting.Core\Dependencies\YamlDotNet\Unity.VisualScripting.YamlDotNet.dll
Symbol file LoadedFromMemory doesn't match image C:\Users\aaron\Documents\GitHub\Future-Alien-Drug-Game\Future-Alien-Drug-Game\Library\PackageCache\com.unity.visualscripting@1.8.0\Editor\VisualScripting.Core\Dependencies\DotNetZip\Unity.VisualScripting.IonicZip.dll
- Loaded All Assemblies, in  0.788 seconds
Refreshing native plugins compatible for Editor in 0.85 ms, found 3 plugins.
Native extension for WindowsStandalone target not found
Mono: successfully reloaded assembly
- Finished resetting the current domain, in  0.858 seconds
Domain Reload Profiling: 1638ms
	BeginReloadAssembly (208ms)
		ExecutionOrderSort (0ms)
		DisableScriptedObjects (5ms)
		BackupInstance (0ms)
		ReleaseScriptingObjects (0ms)
		CreateAndSetChildDomain (56ms)
	RebuildCommonClasses (48ms)
	RebuildNativeTypeToScriptingClass (18ms)
	initialDomainReloadingComplete (38ms)
	LoadAllAssembliesAndSetupDomain (467ms)
		LoadAssemblies (418ms)
		RebuildTransferFunctionScriptingTraits (0ms)
		AnalyzeDomain (149ms)
			TypeCache.Refresh (6ms)
				TypeCache.ScanAssembly (0ms)
			BuildScriptInfoCaches (130ms)
			ResolveRequiredComponents (9ms)
	FinalizeReload (858ms)
		ReleaseScriptCaches (0ms)
		RebuildScriptCaches (0ms)
		SetupLoadedEditorAssemblies (606ms)
			LogAssemblyErrors (0ms)
			InitializePlatformSupportModulesInManaged (3ms)
			SetLoadedEditorAssemblies (6ms)
			BeforeProcessingInitializeOnLoad (139ms)
			ProcessInitializeOnLoadAttributes (410ms)
			ProcessInitializeOnLoadMethodAttributes (39ms)
			AfterProcessingInitializeOnLoad (8ms)
			EditorAssembliesLoaded (0ms)
		ExecutionOrderSort2 (0ms)
		AwakeInstancesAfterBackupRestoration (24ms)
Refreshing native plugins compatible for Editor in 0.79 ms, found 3 plugins.
Preloading 0 native plugins for Editor in 0.00 ms.
Unloading 20 Unused Serialized files (Serialized files now loaded: 0)
Unloading 5293 unused Assets / (4.2 MB). Loaded Objects now: 6170.
Memory consumption went from 188.0 MB to 183.8 MB.
Total: 8.856200 ms (FindLiveObjects: 0.769200 ms CreateObjectMapping: 0.367600 ms MarkObjects: 5.302000 ms  DeleteObjects: 2.416100 ms)

Prepare: number of updated asset objects reloaded= 0
========================================================================
Received Prepare
Begin MonoManager ReloadAssembly
C:\build\output\Unity-Technologies\mono\mono\metadata\icall.c:1842:
C:\build\output\Unity-Technologies\mono\mono\metadata\icall.c:1842:
C:\build\output\Unity-Technologies\mono\mono\metadata\icall.c:1842:
C:\build\output\Unity-Technologies\mono\mono\metadata\icall.c:1842:
C:\build\output\Unity-Technologies\mono\mono\metadata\icall.c:1842:
C:\build\output\Unity-Technologies\mono\mono\metadata\icall.c:1842:
C:\build\output\Unity-Technologies\mono\mono\metadata\icall.c:1842:
C:\build\output\Unity-Technologies\mono\mono\metadata\icall.c:1842:
C:\build\output\Unity-Technologies\mono\mono\metadata\icall.c:1842:
C:\build\output\Unity-Technologies\mono\mono\metadata\icall.c:1842:
C:\build\output\Unity-Technologies\mono\mono\metadata\icall.c:1842:
C:\build\output\Unity-Technologies\mono\mono\metadata\icall.c:1842:
Symbol file LoadedFromMemory doesn't match image C:\Users\aaron\Documents\GitHub\Future-Alien-Drug-Game\Future-Alien-Drug-Game\Library\PackageCache\com.unity.visualscripting@1.8.0\Editor\VisualScripting.Core\Dependencies\YamlDotNet\Unity.VisualScripting.YamlDotNet.dll
Symbol file LoadedFromMemory doesn't match image C:\Users\aaron\Documents\GitHub\Future-Alien-Drug-Game\Future-Alien-Drug-Game\Library\PackageCache\com.unity.visualscripting@1.8.0\Editor\VisualScripting.Core\Dependencies\DotNetZip\Unity.VisualScripting.IonicZip.dll
- Loaded All Assemblies, in  0.725 seconds
Refreshing native plugins compatible for Editor in 1.02 ms, found 3 plugins.
Native extension for WindowsStandalone target not found
Mono: successfully reloaded assembly
- Finished resetting the current domain, in  0.929 seconds
Domain Reload Profiling: 1654ms
	BeginReloadAssembly (203ms)
		ExecutionOrderSort (0ms)
		DisableScriptedObjects (5ms)
		BackupInstance (0ms)
		ReleaseScriptingObjects (0ms)
		CreateAndSetChildDomain (54ms)
	RebuildCommonClasses (36ms)
	RebuildNativeTypeToScriptingClass (10ms)
	initialDomainReloadingComplete (28ms)
	LoadAllAssembliesAndSetupDomain (447ms)
		LoadAssemblies (393ms)
		RebuildTransferFunctionScriptingTraits (0ms)
		AnalyzeDomain (154ms)
			TypeCache.Refresh (8ms)
				TypeCache.ScanAssembly (0ms)
			BuildScriptInfoCaches (132ms)
			ResolveRequiredComponents (10ms)
	FinalizeReload (930ms)
		ReleaseScriptCaches (0ms)
		RebuildScriptCaches (0ms)
		SetupLoadedEditorAssemblies (669ms)
			LogAssemblyErrors (0ms)
			InitializePlatformSupportModulesInManaged (4ms)
			SetLoadedEditorAssemblies (7ms)
			BeforeProcessingInitializeOnLoad (129ms)
			ProcessInitializeOnLoadAttributes (483ms)
			ProcessInitializeOnLoadMethodAttributes (39ms)
			AfterProcessingInitializeOnLoad (7ms)
			EditorAssembliesLoaded (0ms)
		ExecutionOrderSort2 (0ms)
		AwakeInstancesAfterBackupRestoration (25ms)
Refreshing native plugins compatible for Editor in 0.95 ms, found 3 plugins.
Preloading 0 native plugins for Editor in 0.00 ms.
Unloading 20 Unused Serialized files (Serialized files now loaded: 0)
Unloading 5293 unused Assets / (4.1 MB). Loaded Objects now: 6170.
Memory consumption went from 190.0 MB to 185.8 MB.
Total: 9.990800 ms (FindLiveObjects: 0.653800 ms CreateObjectMapping: 0.436700 ms MarkObjects: 6.032900 ms  DeleteObjects: 2.866100 ms)

Prepare: number of updated asset objects reloaded= 0
========================================================================
Received Prepare
Begin MonoManager ReloadAssembly
C:\build\output\Unity-Technologies\mono\mono\metadata\icall.c:1842:
C:\build\output\Unity-Technologies\mono\mono\metadata\icall.c:1842:
C:\build\output\Unity-Technologies\mono\mono\metadata\icall.c:1842:
C:\build\output\Unity-Technologies\mono\mono\metadata\icall.c:1842:
C:\build\output\Unity-Technologies\mono\mono\metadata\icall.c:1842:
C:\build\output\Unity-Technologies\mono\mono\metadata\icall.c:1842:
C:\build\output\Unity-Technologies\mono\mono\metadata\icall.c:1842:
C:\build\output\Unity-Technologies\mono\mono\metadata\icall.c:1842:
C:\build\output\Unity-Technologies\mono\mono\metadata\icall.c:1842:
C:\build\output\Unity-Technologies\mono\mono\metadata\icall.c:1842:
C:\build\output\Unity-Technologies\mono\mono\metadata\icall.c:1842:
C:\build\output\Unity-Technologies\mono\mono\metadata\icall.c:1842:
Symbol file LoadedFromMemory doesn't match image C:\Users\aaron\Documents\GitHub\Future-Alien-Drug-Game\Future-Alien-Drug-Game\Library\PackageCache\com.unity.visualscripting@1.8.0\Editor\VisualScripting.Core\Dependencies\YamlDotNet\Unity.VisualScripting.YamlDotNet.dll
Symbol file LoadedFromMemory doesn't match image C:\Users\aaron\Documents\GitHub\Future-Alien-Drug-Game\Future-Alien-Drug-Game\Library\PackageCache\com.unity.visualscripting@1.8.0\Editor\VisualScripting.Core\Dependencies\DotNetZip\Unity.VisualScripting.IonicZip.dll
- Loaded All Assemblies, in  0.675 seconds
Refreshing native plugins compatible for Editor in 1.00 ms, found 3 plugins.
Native extension for WindowsStandalone target not found
Mono: successfully reloaded assembly
- Finished resetting the current domain, in  0.834 seconds
Domain Reload Profiling: 1506ms
	BeginReloadAssembly (186ms)
		ExecutionOrderSort (0ms)
		DisableScriptedObjects (6ms)
		BackupInstance (0ms)
		ReleaseScriptingObjects (0ms)
		CreateAndSetChildDomain (50ms)
	RebuildCommonClasses (34ms)
	RebuildNativeTypeToScriptingClass (14ms)
	initialDomainReloadingComplete (30ms)
	LoadAllAssembliesAndSetupDomain (408ms)
		LoadAssemblies (360ms)
		RebuildTransferFunctionScriptingTraits (0ms)
		AnalyzeDomain (139ms)
			TypeCache.Refresh (6ms)
				TypeCache.ScanAssembly (0ms)
			BuildScriptInfoCaches (121ms)
			ResolveRequiredComponents (9ms)
	FinalizeReload (834ms)
		ReleaseScriptCaches (0ms)
		RebuildScriptCaches (0ms)
		SetupLoadedEditorAssemblies (589ms)
			LogAssemblyErrors (0ms)
			InitializePlatformSupportModulesInManaged (2ms)
			SetLoadedEditorAssemblies (8ms)
			BeforeProcessingInitializeOnLoad (132ms)
			ProcessInitializeOnLoadAttributes (399ms)
			ProcessInitializeOnLoadMethodAttributes (40ms)
			AfterProcessingInitializeOnLoad (7ms)
			EditorAssembliesLoaded (0ms)
		ExecutionOrderSort2 (0ms)
		AwakeInstancesAfterBackupRestoration (24ms)
Refreshing native plugins compatible for Editor in 0.78 ms, found 3 plugins.
Preloading 0 native plugins for Editor in 0.00 ms.
Unloading 20 Unused Serialized files (Serialized files now loaded: 0)
Unloading 5293 unused Assets / (4.3 MB). Loaded Objects now: 6170.
Memory consumption went from 191.9 MB to 187.6 MB.
Total: 7.942200 ms (FindLiveObjects: 0.968900 ms CreateObjectMapping: 0.533200 ms MarkObjects: 3.806800 ms  DeleteObjects: 2.632400 ms)

Prepare: number of updated asset objects reloaded= 0
========================================================================
Received Import Request.
  Time since last request: 2235.486061 seconds.
  path: Assets/Prefab/Camper 3.prefab
  artifactKey: Guid(7cbe1cc725921904486050d3f05efae0) Importer(815301076,1909f56bfc062723c751e8b465ee728b)
Start importing Assets/Prefab/Camper 3.prefab using Guid(7cbe1cc725921904486050d3f05efae0) Importer(815301076,1909f56bfc062723c751e8b465ee728b) (PreviewImporter) -> (artifact id: 'ca5897e5968189340f02ebcfc05e29dc') in 0.2746917 seconds
Number of updated asset objects reloaded before import = 0Number of asset objects unloaded after import = 86

========================================================================
Received Import Request.
  Time since last request: 12.815108 seconds.
  path: Assets/Prefab/Camper 2.prefab
  artifactKey: Guid(a4755b1ec4b898749b88db7d4b2a11fb) Importer(815301076,1909f56bfc062723c751e8b465ee728b)
Start importing Assets/Prefab/Camper 2.prefab using Guid(a4755b1ec4b898749b88db7d4b2a11fb) Importer(815301076,1909f56bfc062723c751e8b465ee728b) (PreviewImporter) -> (artifact id: 'ed8c84b40e3d68d1abcc0c08addd34df') in 0.0219008 seconds
Number of updated asset objects reloaded before import = 0Number of asset objects unloaded after import = 80

========================================================================
Received Import Request.
  Time since last request: 0.000033 seconds.
  path: Assets/Prefab/Camper 3.prefab
  artifactKey: Guid(7cbe1cc725921904486050d3f05efae0) Importer(815301076,1909f56bfc062723c751e8b465ee728b)
Start importing Assets/Prefab/Camper 3.prefab using Guid(7cbe1cc725921904486050d3f05efae0) Importer(815301076,1909f56bfc062723c751e8b465ee728b) (PreviewImporter) -> (artifact id: '49426a470577096f6f4bd42015ec0996') in 0.0215904 seconds
Number of updated asset objects reloaded before import = 0Number of asset objects unloaded after import = 85

========================================================================
Received Import Request.
  Time since last request: 1.358075 seconds.
  path: Assets/Prefab/Camper 2.prefab
  artifactKey: Guid(a4755b1ec4b898749b88db7d4b2a11fb) Importer(815301076,1909f56bfc062723c751e8b465ee728b)
Start importing Assets/Prefab/Camper 2.prefab using Guid(a4755b1ec4b898749b88db7d4b2a11fb) Importer(815301076,1909f56bfc062723c751e8b465ee728b) (PreviewImporter) -> (artifact id: 'efb6519b3ae50404a7fb8a714b38b82f') in 0.0237221 seconds
Number of updated asset objects reloaded before import = 0Number of asset objects unloaded after import = 80

========================================================================
Received Import Request.
  Time since last request: 0.000025 seconds.
  path: Assets/Prefab/Camper 4.prefab
  artifactKey: Guid(7afedbfb47198f645b5e24975262a9c5) Importer(815301076,1909f56bfc062723c751e8b465ee728b)
Start importing Assets/Prefab/Camper 4.prefab using Guid(7afedbfb47198f645b5e24975262a9c5) Importer(815301076,1909f56bfc062723c751e8b465ee728b) (PreviewImporter) -> (artifact id: 'd57dfe0dfad11b596e795202e6aad3dd') in 0.024967 seconds
Number of updated asset objects reloaded before import = 0Number of asset objects unloaded after import = 85

========================================================================
Received Prepare
Begin MonoManager ReloadAssembly
C:\build\output\Unity-Technologies\mono\mono\metadata\icall.c:1842:
C:\build\output\Unity-Technologies\mono\mono\metadata\icall.c:1842:
C:\build\output\Unity-Technologies\mono\mono\metadata\icall.c:1842:
C:\build\output\Unity-Technologies\mono\mono\metadata\icall.c:1842:
C:\build\output\Unity-Technologies\mono\mono\metadata\icall.c:1842:
C:\build\output\Unity-Technologies\mono\mono\metadata\icall.c:1842:
C:\build\output\Unity-Technologies\mono\mono\metadata\icall.c:1842:
C:\build\output\Unity-Technologies\mono\mono\metadata\icall.c:1842:
C:\build\output\Unity-Technologies\mono\mono\metadata\icall.c:1842:
C:\build\output\Unity-Technologies\mono\mono\metadata\icall.c:1842:
C:\build\output\Unity-Technologies\mono\mono\metadata\icall.c:1842:
C:\build\output\Unity-Technologies\mono\mono\metadata\icall.c:1842:
Symbol file LoadedFromMemory doesn't match image C:\Users\aaron\Documents\GitHub\Future-Alien-Drug-Game\Future-Alien-Drug-Game\Library\PackageCache\com.unity.visualscripting@1.8.0\Editor\VisualScripting.Core\Dependencies\YamlDotNet\Unity.VisualScripting.YamlDotNet.dll
Symbol file LoadedFromMemory doesn't match image C:\Users\aaron\Documents\GitHub\Future-Alien-Drug-Game\Future-Alien-Drug-Game\Library\PackageCache\com.unity.visualscripting@1.8.0\Editor\VisualScripting.Core\Dependencies\DotNetZip\Unity.VisualScripting.IonicZip.dll
- Loaded All Assemblies, in  0.668 seconds
Refreshing native plugins compatible for Editor in 1.18 ms, found 3 plugins.
Native extension for WindowsStandalone target not found
Mono: successfully reloaded assembly
- Finished resetting the current domain, in  0.812 seconds
Domain Reload Profiling: 1478ms
	BeginReloadAssembly (200ms)
		ExecutionOrderSort (0ms)
		DisableScriptedObjects (12ms)
		BackupInstance (0ms)
		ReleaseScriptingObjects (0ms)
		CreateAndSetChildDomain (56ms)
	RebuildCommonClasses (32ms)
	RebuildNativeTypeToScriptingClass (11ms)
	initialDomainReloadingComplete (30ms)
	LoadAllAssembliesAndSetupDomain (392ms)
		LoadAssemblies (348ms)
		RebuildTransferFunctionScriptingTraits (0ms)
		AnalyzeDomain (135ms)
			TypeCache.Refresh (5ms)
				TypeCache.ScanAssembly (0ms)
			BuildScriptInfoCaches (117ms)
			ResolveRequiredComponents (9ms)
	FinalizeReload (813ms)
		ReleaseScriptCaches (0ms)
		RebuildScriptCaches (0ms)
		SetupLoadedEditorAssemblies (575ms)
			LogAssemblyErrors (0ms)
			InitializePlatformSupportModulesInManaged (3ms)
			SetLoadedEditorAssemblies (7ms)
			BeforeProcessingInitializeOnLoad (124ms)
			ProcessInitializeOnLoadAttributes (396ms)
			ProcessInitializeOnLoadMethodAttributes (36ms)
			AfterProcessingInitializeOnLoad (9ms)
			EditorAssembliesLoaded (0ms)
		ExecutionOrderSort2 (0ms)
		AwakeInstancesAfterBackupRestoration (24ms)
Refreshing native plugins compatible for Editor in 0.97 ms, found 3 plugins.
Preloading 0 native plugins for Editor in 0.00 ms.
Unloading 20 Unused Serialized files (Serialized files now loaded: 0)
Unloading 5294 unused Assets / (4.1 MB). Loaded Objects now: 6192.
Memory consumption went from 194.0 MB to 189.9 MB.
Total: 7.221500 ms (FindLiveObjects: 0.644900 ms CreateObjectMapping: 0.330900 ms MarkObjects: 4.086200 ms  DeleteObjects: 2.158400 ms)

Prepare: number of updated asset objects reloaded= 0
========================================================================
Received Import Request.
  Time since last request: 37.837952 seconds.
  path: Assets/Prefab/Camper 2.prefab
  artifactKey: Guid(a4755b1ec4b898749b88db7d4b2a11fb) Importer(815301076,1909f56bfc062723c751e8b465ee728b)
Start importing Assets/Prefab/Camper 2.prefab using Guid(a4755b1ec4b898749b88db7d4b2a11fb) Importer(815301076,1909f56bfc062723c751e8b465ee728b) (PreviewImporter) -> (artifact id: '187e01f0fde9f28b86ee531b8159dbd2') in 0.2847731 seconds
Number of updated asset objects reloaded before import = 0Number of asset objects unloaded after import = 81

========================================================================
Received Import Request.
  Time since last request: 0.000029 seconds.
  path: Assets/Prefab/Camper 3.prefab
  artifactKey: Guid(7cbe1cc725921904486050d3f05efae0) Importer(815301076,1909f56bfc062723c751e8b465ee728b)
Start importing Assets/Prefab/Camper 3.prefab using Guid(7cbe1cc725921904486050d3f05efae0) Importer(815301076,1909f56bfc062723c751e8b465ee728b) (PreviewImporter) -> (artifact id: 'c7ba4b9fd173c5de266cb79287f3a21d') in 0.030126 seconds
Number of updated asset objects reloaded before import = 0Number of asset objects unloaded after import = 85

========================================================================
Received Import Request.
  Time since last request: 1.624688 seconds.
  path: Assets/Prefab/Camper 2.prefab
  artifactKey: Guid(a4755b1ec4b898749b88db7d4b2a11fb) Importer(815301076,1909f56bfc062723c751e8b465ee728b)
Start importing Assets/Prefab/Camper 2.prefab using Guid(a4755b1ec4b898749b88db7d4b2a11fb) Importer(815301076,1909f56bfc062723c751e8b465ee728b) (PreviewImporter) -> (artifact id: '85dcec5bab00987bce9eec8799904ff2') in 0.0210765 seconds
Number of updated asset objects reloaded before import = 0Number of asset objects unloaded after import = 80

========================================================================
Received Import Request.
  Time since last request: 0.000024 seconds.
  path: Assets/Prefab/Camper 4.prefab
  artifactKey: Guid(7afedbfb47198f645b5e24975262a9c5) Importer(815301076,1909f56bfc062723c751e8b465ee728b)
Start importing Assets/Prefab/Camper 4.prefab using Guid(7afedbfb47198f645b5e24975262a9c5) Importer(815301076,1909f56bfc062723c751e8b465ee728b) (PreviewImporter) -> (artifact id: 'f74326b9a7bc17ce008b6a89e6b4dbe0') in 0.0213635 seconds
Number of updated asset objects reloaded before import = 0Number of asset objects unloaded after import = 85

========================================================================
Received Import Request.
  Time since last request: 1.148089 seconds.
  path: Assets/Prefab/Camper 2.prefab
  artifactKey: Guid(a4755b1ec4b898749b88db7d4b2a11fb) Importer(815301076,1909f56bfc062723c751e8b465ee728b)
Start importing Assets/Prefab/Camper 2.prefab using Guid(a4755b1ec4b898749b88db7d4b2a11fb) Importer(815301076,1909f56bfc062723c751e8b465ee728b) (PreviewImporter) -> (artifact id: '2ce72d41c26477e9ee8febd9255414e5') in 0.031878 seconds
Number of updated asset objects reloaded before import = 0Number of asset objects unloaded after import = 80

========================================================================
Received Import Request.
  Time since last request: 0.000064 seconds.
  path: Assets/Prefab/Camper 4.prefab
  artifactKey: Guid(7afedbfb47198f645b5e24975262a9c5) Importer(815301076,1909f56bfc062723c751e8b465ee728b)
Start importing Assets/Prefab/Camper 4.prefab using Guid(7afedbfb47198f645b5e24975262a9c5) Importer(815301076,1909f56bfc062723c751e8b465ee728b) (PreviewImporter) -> (artifact id: '63d1b98047127e6eb0da5047c20073d1') in 0.0212497 seconds
Number of updated asset objects reloaded before import = 0Number of asset objects unloaded after import = 85

========================================================================
Received Prepare
Begin MonoManager ReloadAssembly
C:\build\output\Unity-Technologies\mono\mono\metadata\icall.c:1842:
C:\build\output\Unity-Technologies\mono\mono\metadata\icall.c:1842:
C:\build\output\Unity-Technologies\mono\mono\metadata\icall.c:1842:
C:\build\output\Unity-Technologies\mono\mono\metadata\icall.c:1842:
C:\build\output\Unity-Technologies\mono\mono\metadata\icall.c:1842:
C:\build\output\Unity-Technologies\mono\mono\metadata\icall.c:1842:
C:\build\output\Unity-Technologies\mono\mono\metadata\icall.c:1842:
C:\build\output\Unity-Technologies\mono\mono\metadata\icall.c:1842:
C:\build\output\Unity-Technologies\mono\mono\metadata\icall.c:1842:
C:\build\output\Unity-Technologies\mono\mono\metadata\icall.c:1842:
C:\build\output\Unity-Technologies\mono\mono\metadata\icall.c:1842:
C:\build\output\Unity-Technologies\mono\mono\metadata\icall.c:1842:
Symbol file LoadedFromMemory doesn't match image C:\Users\aaron\Documents\GitHub\Future-Alien-Drug-Game\Future-Alien-Drug-Game\Library\PackageCache\com.unity.visualscripting@1.8.0\Editor\VisualScripting.Core\Dependencies\YamlDotNet\Unity.VisualScripting.YamlDotNet.dll
Symbol file LoadedFromMemory doesn't match image C:\Users\aaron\Documents\GitHub\Future-Alien-Drug-Game\Future-Alien-Drug-Game\Library\PackageCache\com.unity.visualscripting@1.8.0\Editor\VisualScripting.Core\Dependencies\DotNetZip\Unity.VisualScripting.IonicZip.dll
- Loaded All Assemblies, in  0.670 seconds
Refreshing native plugins compatible for Editor in 0.74 ms, found 3 plugins.
Native extension for WindowsStandalone target not found
Mono: successfully reloaded assembly
- Finished resetting the current domain, in  0.800 seconds
Domain Reload Profiling: 1468ms
	BeginReloadAssembly (216ms)
		ExecutionOrderSort (0ms)
		DisableScriptedObjects (12ms)
		BackupInstance (0ms)
		ReleaseScriptingObjects (0ms)
		CreateAndSetChildDomain (62ms)
	RebuildCommonClasses (30ms)
	RebuildNativeTypeToScriptingClass (10ms)
	initialDomainReloadingComplete (28ms)
	LoadAllAssembliesAndSetupDomain (384ms)
		LoadAssemblies (342ms)
		RebuildTransferFunctionScriptingTraits (0ms)
		AnalyzeDomain (139ms)
			TypeCache.Refresh (6ms)
				TypeCache.ScanAssembly (0ms)
			BuildScriptInfoCaches (119ms)
			ResolveRequiredComponents (10ms)
	FinalizeReload (800ms)
		ReleaseScriptCaches (0ms)
		RebuildScriptCaches (0ms)
		SetupLoadedEditorAssemblies (565ms)
			LogAssemblyErrors (0ms)
			InitializePlatformSupportModulesInManaged (3ms)
			SetLoadedEditorAssemblies (7ms)
			BeforeProcessingInitializeOnLoad (122ms)
			ProcessInitializeOnLoadAttributes (382ms)
			ProcessInitializeOnLoadMethodAttributes (44ms)
			AfterProcessingInitializeOnLoad (7ms)
			EditorAssembliesLoaded (0ms)
		ExecutionOrderSort2 (0ms)
		AwakeInstancesAfterBackupRestoration (25ms)
Refreshing native plugins compatible for Editor in 0.90 ms, found 3 plugins.
Preloading 0 native plugins for Editor in 0.00 ms.
Unloading 20 Unused Serialized files (Serialized files now loaded: 0)
Unloading 5294 unused Assets / (3.9 MB). Loaded Objects now: 6214.
Memory consumption went from 195.9 MB to 192.1 MB.
Total: 7.997000 ms (FindLiveObjects: 0.660100 ms CreateObjectMapping: 0.324100 ms MarkObjects: 4.867300 ms  DeleteObjects: 2.144300 ms)

Prepare: number of updated asset objects reloaded= 0
========================================================================
Received Prepare
Begin MonoManager ReloadAssembly
C:\build\output\Unity-Technologies\mono\mono\metadata\icall.c:1842:
C:\build\output\Unity-Technologies\mono\mono\metadata\icall.c:1842:
C:\build\output\Unity-Technologies\mono\mono\metadata\icall.c:1842:
C:\build\output\Unity-Technologies\mono\mono\metadata\icall.c:1842:
C:\build\output\Unity-Technologies\mono\mono\metadata\icall.c:1842:
C:\build\output\Unity-Technologies\mono\mono\metadata\icall.c:1842:
C:\build\output\Unity-Technologies\mono\mono\metadata\icall.c:1842:
C:\build\output\Unity-Technologies\mono\mono\metadata\icall.c:1842:
C:\build\output\Unity-Technologies\mono\mono\metadata\icall.c:1842:
C:\build\output\Unity-Technologies\mono\mono\metadata\icall.c:1842:
C:\build\output\Unity-Technologies\mono\mono\metadata\icall.c:1842:
C:\build\output\Unity-Technologies\mono\mono\metadata\icall.c:1842:
Symbol file LoadedFromMemory doesn't match image C:\Users\aaron\Documents\GitHub\Future-Alien-Drug-Game\Future-Alien-Drug-Game\Library\PackageCache\com.unity.visualscripting@1.8.0\Editor\VisualScripting.Core\Dependencies\YamlDotNet\Unity.VisualScripting.YamlDotNet.dll
Symbol file LoadedFromMemory doesn't match image C:\Users\aaron\Documents\GitHub\Future-Alien-Drug-Game\Future-Alien-Drug-Game\Library\PackageCache\com.unity.visualscripting@1.8.0\Editor\VisualScripting.Core\Dependencies\DotNetZip\Unity.VisualScripting.IonicZip.dll
- Loaded All Assemblies, in  0.655 seconds
Refreshing native plugins compatible for Editor in 0.94 ms, found 3 plugins.
Native extension for WindowsStandalone target not found
Mono: successfully reloaded assembly
- Finished resetting the current domain, in  0.832 seconds
Domain Reload Profiling: 1485ms
	BeginReloadAssembly (178ms)
		ExecutionOrderSort (0ms)
		DisableScriptedObjects (6ms)
		BackupInstance (0ms)
		ReleaseScriptingObjects (0ms)
		CreateAndSetChildDomain (47ms)
	RebuildCommonClasses (32ms)
	RebuildNativeTypeToScriptingClass (12ms)
	initialDomainReloadingComplete (29ms)
	LoadAllAssembliesAndSetupDomain (400ms)
		LoadAssemblies (337ms)
		RebuildTransferFunctionScriptingTraits (0ms)
		AnalyzeDomain (146ms)
			TypeCache.Refresh (6ms)
				TypeCache.ScanAssembly (0ms)
			BuildScriptInfoCaches (127ms)
			ResolveRequiredComponents (9ms)
	FinalizeReload (833ms)
		ReleaseScriptCaches (0ms)
		RebuildScriptCaches (0ms)
		SetupLoadedEditorAssemblies (586ms)
			LogAssemblyErrors (0ms)
			InitializePlatformSupportModulesInManaged (3ms)
			SetLoadedEditorAssemblies (7ms)
			BeforeProcessingInitializeOnLoad (127ms)
			ProcessInitializeOnLoadAttributes (399ms)
			ProcessInitializeOnLoadMethodAttributes (42ms)
			AfterProcessingInitializeOnLoad (8ms)
			EditorAssembliesLoaded (0ms)
		ExecutionOrderSort2 (0ms)
		AwakeInstancesAfterBackupRestoration (23ms)
Refreshing native plugins compatible for Editor in 0.98 ms, found 3 plugins.
Preloading 0 native plugins for Editor in 0.00 ms.
Unloading 20 Unused Serialized files (Serialized files now loaded: 0)
Unloading 5293 unused Assets / (4.0 MB). Loaded Objects now: 6214.
Memory consumption went from 197.8 MB to 193.7 MB.
Total: 7.545200 ms (FindLiveObjects: 0.844800 ms CreateObjectMapping: 0.529500 ms MarkObjects: 4.005400 ms  DeleteObjects: 2.164600 ms)

Prepare: number of updated asset objects reloaded= 0
========================================================================
Received Prepare
Begin MonoManager ReloadAssembly
C:\build\output\Unity-Technologies\mono\mono\metadata\icall.c:1842:
C:\build\output\Unity-Technologies\mono\mono\metadata\icall.c:1842:
C:\build\output\Unity-Technologies\mono\mono\metadata\icall.c:1842:
C:\build\output\Unity-Technologies\mono\mono\metadata\icall.c:1842:
C:\build\output\Unity-Technologies\mono\mono\metadata\icall.c:1842:
C:\build\output\Unity-Technologies\mono\mono\metadata\icall.c:1842:
C:\build\output\Unity-Technologies\mono\mono\metadata\icall.c:1842:
C:\build\output\Unity-Technologies\mono\mono\metadata\icall.c:1842:
C:\build\output\Unity-Technologies\mono\mono\metadata\icall.c:1842:
C:\build\output\Unity-Technologies\mono\mono\metadata\icall.c:1842:
C:\build\output\Unity-Technologies\mono\mono\metadata\icall.c:1842:
C:\build\output\Unity-Technologies\mono\mono\metadata\icall.c:1842:
Symbol file LoadedFromMemory doesn't match image C:\Users\aaron\Documents\GitHub\Future-Alien-Drug-Game\Future-Alien-Drug-Game\Library\PackageCache\com.unity.visualscripting@1.8.0\Editor\VisualScripting.Core\Dependencies\YamlDotNet\Unity.VisualScripting.YamlDotNet.dll
Symbol file LoadedFromMemory doesn't match image C:\Users\aaron\Documents\GitHub\Future-Alien-Drug-Game\Future-Alien-Drug-Game\Library\PackageCache\com.unity.visualscripting@1.8.0\Editor\VisualScripting.Core\Dependencies\DotNetZip\Unity.VisualScripting.IonicZip.dll
- Loaded All Assemblies, in  0.637 seconds
Refreshing native plugins compatible for Editor in 1.00 ms, found 3 plugins.
Native extension for WindowsStandalone target not found
Mono: successfully reloaded assembly
- Finished resetting the current domain, in  0.858 seconds
Domain Reload Profiling: 1494ms
	BeginReloadAssembly (177ms)
		ExecutionOrderSort (0ms)
		DisableScriptedObjects (5ms)
		BackupInstance (0ms)
		ReleaseScriptingObjects (0ms)
		CreateAndSetChildDomain (48ms)
	RebuildCommonClasses (31ms)
	RebuildNativeTypeToScriptingClass (11ms)
	initialDomainReloadingComplete (25ms)
	LoadAllAssembliesAndSetupDomain (391ms)
		LoadAssemblies (338ms)
		RebuildTransferFunctionScriptingTraits (0ms)
		AnalyzeDomain (136ms)
			TypeCache.Refresh (7ms)
				TypeCache.ScanAssembly (0ms)
			BuildScriptInfoCaches (115ms)
			ResolveRequiredComponents (9ms)
	FinalizeReload (859ms)
		ReleaseScriptCaches (0ms)
		RebuildScriptCaches (0ms)
		SetupLoadedEditorAssemblies (629ms)
			LogAssemblyErrors (0ms)
			InitializePlatformSupportModulesInManaged (2ms)
			SetLoadedEditorAssemblies (6ms)
			BeforeProcessingInitializeOnLoad (131ms)
			ProcessInitializeOnLoadAttributes (443ms)
			ProcessInitializeOnLoadMethodAttributes (40ms)
			AfterProcessingInitializeOnLoad (7ms)
			EditorAssembliesLoaded (0ms)
		ExecutionOrderSort2 (0ms)
		AwakeInstancesAfterBackupRestoration (25ms)
Refreshing native plugins compatible for Editor in 1.30 ms, found 3 plugins.
Preloading 0 native plugins for Editor in 0.00 ms.
Unloading 20 Unused Serialized files (Serialized files now loaded: 0)
Unloading 5293 unused Assets / (4.0 MB). Loaded Objects now: 6214.
Memory consumption went from 199.7 MB to 195.6 MB.
Total: 8.044700 ms (FindLiveObjects: 0.697000 ms CreateObjectMapping: 0.372300 ms MarkObjects: 4.621500 ms  DeleteObjects: 2.353200 ms)

Prepare: number of updated asset objects reloaded= 0
========================================================================
Received Prepare
Begin MonoManager ReloadAssembly
C:\build\output\Unity-Technologies\mono\mono\metadata\icall.c:1842:
C:\build\output\Unity-Technologies\mono\mono\metadata\icall.c:1842:
C:\build\output\Unity-Technologies\mono\mono\metadata\icall.c:1842:
C:\build\output\Unity-Technologies\mono\mono\metadata\icall.c:1842:
C:\build\output\Unity-Technologies\mono\mono\metadata\icall.c:1842:
C:\build\output\Unity-Technologies\mono\mono\metadata\icall.c:1842:
C:\build\output\Unity-Technologies\mono\mono\metadata\icall.c:1842:
C:\build\output\Unity-Technologies\mono\mono\metadata\icall.c:1842:
C:\build\output\Unity-Technologies\mono\mono\metadata\icall.c:1842:
C:\build\output\Unity-Technologies\mono\mono\metadata\icall.c:1842:
C:\build\output\Unity-Technologies\mono\mono\metadata\icall.c:1842:
C:\build\output\Unity-Technologies\mono\mono\metadata\icall.c:1842:
Symbol file LoadedFromMemory doesn't match image C:\Users\aaron\Documents\GitHub\Future-Alien-Drug-Game\Future-Alien-Drug-Game\Library\PackageCache\com.unity.visualscripting@1.8.0\Editor\VisualScripting.Core\Dependencies\YamlDotNet\Unity.VisualScripting.YamlDotNet.dll
Symbol file LoadedFromMemory doesn't match image C:\Users\aaron\Documents\GitHub\Future-Alien-Drug-Game\Future-Alien-Drug-Game\Library\PackageCache\com.unity.visualscripting@1.8.0\Editor\VisualScripting.Core\Dependencies\DotNetZip\Unity.VisualScripting.IonicZip.dll
- Loaded All Assemblies, in  0.660 seconds
Refreshing native plugins compatible for Editor in 0.77 ms, found 3 plugins.
Native extension for WindowsStandalone target not found
Mono: successfully reloaded assembly
- Finished resetting the current domain, in  0.817 seconds
Domain Reload Profiling: 1473ms
	BeginReloadAssembly (180ms)
		ExecutionOrderSort (0ms)
		DisableScriptedObjects (5ms)
		BackupInstance (0ms)
		ReleaseScriptingObjects (0ms)
		CreateAndSetChildDomain (46ms)
	RebuildCommonClasses (33ms)
	RebuildNativeTypeToScriptingClass (11ms)
	initialDomainReloadingComplete (26ms)
	LoadAllAssembliesAndSetupDomain (406ms)
		LoadAssemblies (349ms)
		RebuildTransferFunctionScriptingTraits (0ms)
		AnalyzeDomain (144ms)
			TypeCache.Refresh (5ms)
				TypeCache.ScanAssembly (0ms)
			BuildScriptInfoCaches (127ms)
			ResolveRequiredComponents (8ms)
	FinalizeReload (817ms)
		ReleaseScriptCaches (0ms)
		RebuildScriptCaches (0ms)
		SetupLoadedEditorAssemblies (578ms)
			LogAssemblyErrors (0ms)
			InitializePlatformSupportModulesInManaged (2ms)
			SetLoadedEditorAssemblies (6ms)
			BeforeProcessingInitializeOnLoad (127ms)
			ProcessInitializeOnLoadAttributes (399ms)
			ProcessInitializeOnLoadMethodAttributes (37ms)
			AfterProcessingInitializeOnLoad (7ms)
			EditorAssembliesLoaded (0ms)
		ExecutionOrderSort2 (0ms)
		AwakeInstancesAfterBackupRestoration (21ms)
Refreshing native plugins compatible for Editor in 0.97 ms, found 3 plugins.
Preloading 0 native plugins for Editor in 0.00 ms.
Unloading 20 Unused Serialized files (Serialized files now loaded: 0)
Unloading 5293 unused Assets / (4.1 MB). Loaded Objects now: 6214.
Memory consumption went from 201.6 MB to 197.5 MB.
Total: 7.553500 ms (FindLiveObjects: 0.655700 ms CreateObjectMapping: 0.286000 ms MarkObjects: 4.335400 ms  DeleteObjects: 2.275500 ms)

Prepare: number of updated asset objects reloaded= 0
========================================================================
Received Prepare
Begin MonoManager ReloadAssembly
C:\build\output\Unity-Technologies\mono\mono\metadata\icall.c:1842:
C:\build\output\Unity-Technologies\mono\mono\metadata\icall.c:1842:
C:\build\output\Unity-Technologies\mono\mono\metadata\icall.c:1842:
C:\build\output\Unity-Technologies\mono\mono\metadata\icall.c:1842:
C:\build\output\Unity-Technologies\mono\mono\metadata\icall.c:1842:
C:\build\output\Unity-Technologies\mono\mono\metadata\icall.c:1842:
C:\build\output\Unity-Technologies\mono\mono\metadata\icall.c:1842:
C:\build\output\Unity-Technologies\mono\mono\metadata\icall.c:1842:
C:\build\output\Unity-Technologies\mono\mono\metadata\icall.c:1842:
C:\build\output\Unity-Technologies\mono\mono\metadata\icall.c:1842:
C:\build\output\Unity-Technologies\mono\mono\metadata\icall.c:1842:
C:\build\output\Unity-Technologies\mono\mono\metadata\icall.c:1842:
Symbol file LoadedFromMemory doesn't match image C:\Users\aaron\Documents\GitHub\Future-Alien-Drug-Game\Future-Alien-Drug-Game\Library\PackageCache\com.unity.visualscripting@1.8.0\Editor\VisualScripting.Core\Dependencies\YamlDotNet\Unity.VisualScripting.YamlDotNet.dll
Symbol file LoadedFromMemory doesn't match image C:\Users\aaron\Documents\GitHub\Future-Alien-Drug-Game\Future-Alien-Drug-Game\Library\PackageCache\com.unity.visualscripting@1.8.0\Editor\VisualScripting.Core\Dependencies\DotNetZip\Unity.VisualScripting.IonicZip.dll
- Loaded All Assemblies, in  0.653 seconds
Refreshing native plugins compatible for Editor in 1.08 ms, found 3 plugins.
Native extension for WindowsStandalone target not found
Mono: successfully reloaded assembly
- Finished resetting the current domain, in  0.790 seconds
Domain Reload Profiling: 1441ms
	BeginReloadAssembly (185ms)
		ExecutionOrderSort (0ms)
		DisableScriptedObjects (5ms)
		BackupInstance (0ms)
		ReleaseScriptingObjects (0ms)
		CreateAndSetChildDomain (49ms)
	RebuildCommonClasses (31ms)
	RebuildNativeTypeToScriptingClass (11ms)
	initialDomainReloadingComplete (29ms)
	LoadAllAssembliesAndSetupDomain (395ms)
		LoadAssemblies (341ms)
		RebuildTransferFunctionScriptingTraits (0ms)
		AnalyzeDomain (143ms)
			TypeCache.Refresh (7ms)
				TypeCache.ScanAssembly (0ms)
			BuildScriptInfoCaches (120ms)
			ResolveRequiredComponents (12ms)
	FinalizeReload (790ms)
		ReleaseScriptCaches (0ms)
		RebuildScriptCaches (0ms)
		SetupLoadedEditorAssemblies (552ms)
			LogAssemblyErrors (0ms)
			InitializePlatformSupportModulesInManaged (3ms)
			SetLoadedEditorAssemblies (6ms)
			BeforeProcessingInitializeOnLoad (123ms)
			ProcessInitializeOnLoadAttributes (376ms)
			ProcessInitializeOnLoadMethodAttributes (37ms)
			AfterProcessingInitializeOnLoad (7ms)
			EditorAssembliesLoaded (0ms)
		ExecutionOrderSort2 (0ms)
		AwakeInstancesAfterBackupRestoration (23ms)
Refreshing native plugins compatible for Editor in 1.24 ms, found 3 plugins.
Preloading 0 native plugins for Editor in 0.00 ms.
Unloading 20 Unused Serialized files (Serialized files now loaded: 0)
Unloading 5293 unused Assets / (4.0 MB). Loaded Objects now: 6214.
Memory consumption went from 203.5 MB to 199.5 MB.
Total: 7.969500 ms (FindLiveObjects: 0.973100 ms CreateObjectMapping: 0.562800 ms MarkObjects: 4.345500 ms  DeleteObjects: 2.086900 ms)

Prepare: number of updated asset objects reloaded= 0
========================================================================
Received Prepare
Begin MonoManager ReloadAssembly
C:\build\output\Unity-Technologies\mono\mono\metadata\icall.c:1842:
C:\build\output\Unity-Technologies\mono\mono\metadata\icall.c:1842:
C:\build\output\Unity-Technologies\mono\mono\metadata\icall.c:1842:
C:\build\output\Unity-Technologies\mono\mono\metadata\icall.c:1842:
C:\build\output\Unity-Technologies\mono\mono\metadata\icall.c:1842:
C:\build\output\Unity-Technologies\mono\mono\metadata\icall.c:1842:
C:\build\output\Unity-Technologies\mono\mono\metadata\icall.c:1842:
C:\build\output\Unity-Technologies\mono\mono\metadata\icall.c:1842:
C:\build\output\Unity-Technologies\mono\mono\metadata\icall.c:1842:
C:\build\output\Unity-Technologies\mono\mono\metadata\icall.c:1842:
C:\build\output\Unity-Technologies\mono\mono\metadata\icall.c:1842:
C:\build\output\Unity-Technologies\mono\mono\metadata\icall.c:1842:
Symbol file LoadedFromMemory doesn't match image C:\Users\aaron\Documents\GitHub\Future-Alien-Drug-Game\Future-Alien-Drug-Game\Library\PackageCache\com.unity.visualscripting@1.8.0\Editor\VisualScripting.Core\Dependencies\YamlDotNet\Unity.VisualScripting.YamlDotNet.dll
Symbol file LoadedFromMemory doesn't match image C:\Users\aaron\Documents\GitHub\Future-Alien-Drug-Game\Future-Alien-Drug-Game\Library\PackageCache\com.unity.visualscripting@1.8.0\Editor\VisualScripting.Core\Dependencies\DotNetZip\Unity.VisualScripting.IonicZip.dll
- Loaded All Assemblies, in  0.662 seconds
Refreshing native plugins compatible for Editor in 0.73 ms, found 3 plugins.
Native extension for WindowsStandalone target not found
Mono: successfully reloaded assembly
- Finished resetting the current domain, in  0.857 seconds
Domain Reload Profiling: 1516ms
	BeginReloadAssembly (186ms)
		ExecutionOrderSort (0ms)
		DisableScriptedObjects (5ms)
		BackupInstance (0ms)
		ReleaseScriptingObjects (0ms)
		CreateAndSetChildDomain (46ms)
	RebuildCommonClasses (31ms)
	RebuildNativeTypeToScriptingClass (11ms)
	initialDomainReloadingComplete (28ms)
	LoadAllAssembliesAndSetupDomain (403ms)
		LoadAssemblies (360ms)
		RebuildTransferFunctionScriptingTraits (0ms)
		AnalyzeDomain (137ms)
			TypeCache.Refresh (6ms)
				TypeCache.ScanAssembly (0ms)
			BuildScriptInfoCaches (119ms)
			ResolveRequiredComponents (9ms)
	FinalizeReload (858ms)
		ReleaseScriptCaches (0ms)
		RebuildScriptCaches (0ms)
		SetupLoadedEditorAssemblies (611ms)
			LogAssemblyErrors (0ms)
			InitializePlatformSupportModulesInManaged (3ms)
			SetLoadedEditorAssemblies (7ms)
			BeforeProcessingInitializeOnLoad (137ms)
			ProcessInitializeOnLoadAttributes (415ms)
			ProcessInitializeOnLoadMethodAttributes (42ms)
			AfterProcessingInitializeOnLoad (7ms)
			EditorAssembliesLoaded (0ms)
		ExecutionOrderSort2 (0ms)
		AwakeInstancesAfterBackupRestoration (28ms)
Refreshing native plugins compatible for Editor in 1.05 ms, found 3 plugins.
Preloading 0 native plugins for Editor in 0.00 ms.
Unloading 20 Unused Serialized files (Serialized files now loaded: 0)
Unloading 5293 unused Assets / (4.0 MB). Loaded Objects now: 6214.
Memory consumption went from 205.5 MB to 201.5 MB.
Total: 7.558800 ms (FindLiveObjects: 0.712400 ms CreateObjectMapping: 0.478500 ms MarkObjects: 3.969000 ms  DeleteObjects: 2.397400 ms)

Prepare: number of updated asset objects reloaded= 0
========================================================================
Received Prepare
Begin MonoManager ReloadAssembly
C:\build\output\Unity-Technologies\mono\mono\metadata\icall.c:1842:
C:\build\output\Unity-Technologies\mono\mono\metadata\icall.c:1842:
C:\build\output\Unity-Technologies\mono\mono\metadata\icall.c:1842:
C:\build\output\Unity-Technologies\mono\mono\metadata\icall.c:1842:
C:\build\output\Unity-Technologies\mono\mono\metadata\icall.c:1842:
C:\build\output\Unity-Technologies\mono\mono\metadata\icall.c:1842:
C:\build\output\Unity-Technologies\mono\mono\metadata\icall.c:1842:
C:\build\output\Unity-Technologies\mono\mono\metadata\icall.c:1842:
C:\build\output\Unity-Technologies\mono\mono\metadata\icall.c:1842:
C:\build\output\Unity-Technologies\mono\mono\metadata\icall.c:1842:
C:\build\output\Unity-Technologies\mono\mono\metadata\icall.c:1842:
C:\build\output\Unity-Technologies\mono\mono\metadata\icall.c:1842:
Symbol file LoadedFromMemory doesn't match image C:\Users\aaron\Documents\GitHub\Future-Alien-Drug-Game\Future-Alien-Drug-Game\Library\PackageCache\com.unity.visualscripting@1.8.0\Editor\VisualScripting.Core\Dependencies\YamlDotNet\Unity.VisualScripting.YamlDotNet.dll
Symbol file LoadedFromMemory doesn't match image C:\Users\aaron\Documents\GitHub\Future-Alien-Drug-Game\Future-Alien-Drug-Game\Library\PackageCache\com.unity.visualscripting@1.8.0\Editor\VisualScripting.Core\Dependencies\DotNetZip\Unity.VisualScripting.IonicZip.dll
- Loaded All Assemblies, in  0.643 seconds
Refreshing native plugins compatible for Editor in 1.02 ms, found 3 plugins.
Native extension for WindowsStandalone target not found
Mono: successfully reloaded assembly
- Finished resetting the current domain, in  0.823 seconds
Domain Reload Profiling: 1464ms
	BeginReloadAssembly (183ms)
		ExecutionOrderSort (0ms)
		DisableScriptedObjects (6ms)
		BackupInstance (0ms)
		ReleaseScriptingObjects (0ms)
		CreateAndSetChildDomain (45ms)
	RebuildCommonClasses (32ms)
	RebuildNativeTypeToScriptingClass (11ms)
	initialDomainReloadingComplete (27ms)
	LoadAllAssembliesAndSetupDomain (388ms)
		LoadAssemblies (346ms)
		RebuildTransferFunctionScriptingTraits (0ms)
		AnalyzeDomain (135ms)
			TypeCache.Refresh (6ms)
				TypeCache.ScanAssembly (0ms)
			BuildScriptInfoCaches (116ms)
			ResolveRequiredComponents (10ms)
	FinalizeReload (823ms)
		ReleaseScriptCaches (0ms)
		RebuildScriptCaches (0ms)
		SetupLoadedEditorAssemblies (556ms)
			LogAssemblyErrors (0ms)
			InitializePlatformSupportModulesInManaged (2ms)
			SetLoadedEditorAssemblies (7ms)
			BeforeProcessingInitializeOnLoad (126ms)
			ProcessInitializeOnLoadAttributes (377ms)
			ProcessInitializeOnLoadMethodAttributes (37ms)
			AfterProcessingInitializeOnLoad (7ms)
			EditorAssembliesLoaded (0ms)
		ExecutionOrderSort2 (0ms)
		AwakeInstancesAfterBackupRestoration (21ms)
Refreshing native plugins compatible for Editor in 1.27 ms, found 3 plugins.
Preloading 0 native plugins for Editor in 0.00 ms.
Unloading 20 Unused Serialized files (Serialized files now loaded: 0)
Unloading 5293 unused Assets / (3.9 MB). Loaded Objects now: 6214.
Memory consumption went from 207.4 MB to 203.5 MB.
Total: 7.375300 ms (FindLiveObjects: 0.654000 ms CreateObjectMapping: 0.291400 ms MarkObjects: 4.166100 ms  DeleteObjects: 2.262100 ms)

Prepare: number of updated asset objects reloaded= 0
========================================================================
Received Prepare
Begin MonoManager ReloadAssembly
C:\build\output\Unity-Technologies\mono\mono\metadata\icall.c:1842:
C:\build\output\Unity-Technologies\mono\mono\metadata\icall.c:1842:
C:\build\output\Unity-Technologies\mono\mono\metadata\icall.c:1842:
C:\build\output\Unity-Technologies\mono\mono\metadata\icall.c:1842:
C:\build\output\Unity-Technologies\mono\mono\metadata\icall.c:1842:
C:\build\output\Unity-Technologies\mono\mono\metadata\icall.c:1842:
C:\build\output\Unity-Technologies\mono\mono\metadata\icall.c:1842:
C:\build\output\Unity-Technologies\mono\mono\metadata\icall.c:1842:
C:\build\output\Unity-Technologies\mono\mono\metadata\icall.c:1842:
C:\build\output\Unity-Technologies\mono\mono\metadata\icall.c:1842:
C:\build\output\Unity-Technologies\mono\mono\metadata\icall.c:1842:
C:\build\output\Unity-Technologies\mono\mono\metadata\icall.c:1842:
Symbol file LoadedFromMemory doesn't match image C:\Users\aaron\Documents\GitHub\Future-Alien-Drug-Game\Future-Alien-Drug-Game\Library\PackageCache\com.unity.visualscripting@1.8.0\Editor\VisualScripting.Core\Dependencies\YamlDotNet\Unity.VisualScripting.YamlDotNet.dll
Symbol file LoadedFromMemory doesn't match image C:\Users\aaron\Documents\GitHub\Future-Alien-Drug-Game\Future-Alien-Drug-Game\Library\PackageCache\com.unity.visualscripting@1.8.0\Editor\VisualScripting.Core\Dependencies\DotNetZip\Unity.VisualScripting.IonicZip.dll
- Loaded All Assemblies, in  0.645 seconds
Refreshing native plugins compatible for Editor in 1.10 ms, found 3 plugins.
Native extension for WindowsStandalone target not found
Mono: successfully reloaded assembly
- Finished resetting the current domain, in  0.804 seconds
Domain Reload Profiling: 1445ms
	BeginReloadAssembly (176ms)
		ExecutionOrderSort (0ms)
		DisableScriptedObjects (5ms)
		BackupInstance (0ms)
		ReleaseScriptingObjects (0ms)
		CreateAndSetChildDomain (45ms)
	RebuildCommonClasses (31ms)
	RebuildNativeTypeToScriptingClass (13ms)
	initialDomainReloadingComplete (26ms)
	LoadAllAssembliesAndSetupDomain (396ms)
		LoadAssemblies (334ms)
		RebuildTransferFunctionScriptingTraits (0ms)
		AnalyzeDomain (148ms)
			TypeCache.Refresh (5ms)
				TypeCache.ScanAssembly (0ms)
			BuildScriptInfoCaches (129ms)
			ResolveRequiredComponents (10ms)
	FinalizeReload (804ms)
		ReleaseScriptCaches (0ms)
		RebuildScriptCaches (0ms)
		SetupLoadedEditorAssemblies (568ms)
			LogAssemblyErrors (0ms)
			InitializePlatformSupportModulesInManaged (2ms)
			SetLoadedEditorAssemblies (7ms)
			BeforeProcessingInitializeOnLoad (122ms)
			ProcessInitializeOnLoadAttributes (394ms)
			ProcessInitializeOnLoadMethodAttributes (36ms)
			AfterProcessingInitializeOnLoad (7ms)
			EditorAssembliesLoaded (0ms)
		ExecutionOrderSort2 (0ms)
		AwakeInstancesAfterBackupRestoration (25ms)
Refreshing native plugins compatible for Editor in 1.34 ms, found 3 plugins.
Preloading 0 native plugins for Editor in 0.00 ms.
Unloading 20 Unused Serialized files (Serialized files now loaded: 0)
Unloading 5293 unused Assets / (4.3 MB). Loaded Objects now: 6214.
Memory consumption went from 209.3 MB to 205.0 MB.
Total: 6.896000 ms (FindLiveObjects: 0.639700 ms CreateObjectMapping: 0.289800 ms MarkObjects: 3.506100 ms  DeleteObjects: 2.459600 ms)

Prepare: number of updated asset objects reloaded= 0
========================================================================
Received Prepare
Begin MonoManager ReloadAssembly
C:\build\output\Unity-Technologies\mono\mono\metadata\icall.c:1842:
C:\build\output\Unity-Technologies\mono\mono\metadata\icall.c:1842:
C:\build\output\Unity-Technologies\mono\mono\metadata\icall.c:1842:
C:\build\output\Unity-Technologies\mono\mono\metadata\icall.c:1842:
C:\build\output\Unity-Technologies\mono\mono\metadata\icall.c:1842:
C:\build\output\Unity-Technologies\mono\mono\metadata\icall.c:1842:
C:\build\output\Unity-Technologies\mono\mono\metadata\icall.c:1842:
C:\build\output\Unity-Technologies\mono\mono\metadata\icall.c:1842:
C:\build\output\Unity-Technologies\mono\mono\metadata\icall.c:1842:
C:\build\output\Unity-Technologies\mono\mono\metadata\icall.c:1842:
C:\build\output\Unity-Technologies\mono\mono\metadata\icall.c:1842:
C:\build\output\Unity-Technologies\mono\mono\metadata\icall.c:1842:
Symbol file LoadedFromMemory doesn't match image C:\Users\aaron\Documents\GitHub\Future-Alien-Drug-Game\Future-Alien-Drug-Game\Library\PackageCache\com.unity.visualscripting@1.8.0\Editor\VisualScripting.Core\Dependencies\YamlDotNet\Unity.VisualScripting.YamlDotNet.dll
Symbol file LoadedFromMemory doesn't match image C:\Users\aaron\Documents\GitHub\Future-Alien-Drug-Game\Future-Alien-Drug-Game\Library\PackageCache\com.unity.visualscripting@1.8.0\Editor\VisualScripting.Core\Dependencies\DotNetZip\Unity.VisualScripting.IonicZip.dll
- Loaded All Assemblies, in  0.649 seconds
Refreshing native plugins compatible for Editor in 0.77 ms, found 3 plugins.
Native extension for WindowsStandalone target not found
Mono: successfully reloaded assembly
- Finished resetting the current domain, in  0.844 seconds
Domain Reload Profiling: 1492ms
	BeginReloadAssembly (186ms)
		ExecutionOrderSort (0ms)
		DisableScriptedObjects (7ms)
		BackupInstance (0ms)
		ReleaseScriptingObjects (0ms)
		CreateAndSetChildDomain (49ms)
	RebuildCommonClasses (31ms)
	RebuildNativeTypeToScriptingClass (13ms)
	initialDomainReloadingComplete (28ms)
	LoadAllAssembliesAndSetupDomain (389ms)
		LoadAssemblies (343ms)
		RebuildTransferFunctionScriptingTraits (0ms)
		AnalyzeDomain (133ms)
			TypeCache.Refresh (6ms)
				TypeCache.ScanAssembly (0ms)
			BuildScriptInfoCaches (115ms)
			ResolveRequiredComponents (8ms)
	FinalizeReload (845ms)
		ReleaseScriptCaches (0ms)
		RebuildScriptCaches (0ms)
		SetupLoadedEditorAssemblies (605ms)
			LogAssemblyErrors (0ms)
			InitializePlatformSupportModulesInManaged (2ms)
			SetLoadedEditorAssemblies (6ms)
			BeforeProcessingInitializeOnLoad (169ms)
			ProcessInitializeOnLoadAttributes (384ms)
			ProcessInitializeOnLoadMethodAttributes (38ms)
			AfterProcessingInitializeOnLoad (6ms)
			EditorAssembliesLoaded (0ms)
		ExecutionOrderSort2 (0ms)
		AwakeInstancesAfterBackupRestoration (25ms)
Refreshing native plugins compatible for Editor in 0.98 ms, found 3 plugins.
Preloading 0 native plugins for Editor in 0.00 ms.
Unloading 20 Unused Serialized files (Serialized files now loaded: 0)
Unloading 5293 unused Assets / (4.2 MB). Loaded Objects now: 6214.
Memory consumption went from 211.2 MB to 207.1 MB.
Total: 7.912700 ms (FindLiveObjects: 0.672000 ms CreateObjectMapping: 0.302100 ms MarkObjects: 4.896200 ms  DeleteObjects: 2.041200 ms)

Prepare: number of updated asset objects reloaded= 0
========================================================================
Received Import Request.
  Time since last request: 1388.163612 seconds.
  path: Assets/Prefab/Camper 2.prefab
  artifactKey: Guid(a4755b1ec4b898749b88db7d4b2a11fb) Importer(815301076,1909f56bfc062723c751e8b465ee728b)
Start importing Assets/Prefab/Camper 2.prefab using Guid(a4755b1ec4b898749b88db7d4b2a11fb) Importer(815301076,1909f56bfc062723c751e8b465ee728b) (PreviewImporter) -> (artifact id: '4c7623b14755ca818a1880b9f8d1da93') in 0.3708374 seconds
Number of updated asset objects reloaded before import = 0Number of asset objects unloaded after import = 81

========================================================================
Received Import Request.
  Time since last request: 0.000029 seconds.
  path: Assets/Prefab/Wood 2.prefab
  artifactKey: Guid(fb04d91901e107e4eac152338c8cfc05) Importer(815301076,1909f56bfc062723c751e8b465ee728b)
Start importing Assets/Prefab/Wood 2.prefab using Guid(fb04d91901e107e4eac152338c8cfc05) Importer(815301076,1909f56bfc062723c751e8b465ee728b) (PreviewImporter) -> (artifact id: 'beaba2cbdca6d5bb1c849968588adad6') in 0.0249385 seconds
Number of updated asset objects reloaded before import = 0Number of asset objects unloaded after import = 40

========================================================================
Received Import Request.
  Time since last request: 0.000037 seconds.
  path: Assets/Prefab/Wood 1.prefab
  artifactKey: Guid(13f72199ec0887840b138266012ca130) Importer(815301076,1909f56bfc062723c751e8b465ee728b)
Start importing Assets/Prefab/Wood 1.prefab using Guid(13f72199ec0887840b138266012ca130) Importer(815301076,1909f56bfc062723c751e8b465ee728b) (PreviewImporter) -> (artifact id: 'fe69876d79910ae9c17b46c2f9473076') in 0.0277616 seconds
Number of updated asset objects reloaded before import = 0Number of asset objects unloaded after import = 40

========================================================================
Received Prepare
Begin MonoManager ReloadAssembly
C:\build\output\Unity-Technologies\mono\mono\metadata\icall.c:1842:
C:\build\output\Unity-Technologies\mono\mono\metadata\icall.c:1842:
C:\build\output\Unity-Technologies\mono\mono\metadata\icall.c:1842:
C:\build\output\Unity-Technologies\mono\mono\metadata\icall.c:1842:
C:\build\output\Unity-Technologies\mono\mono\metadata\icall.c:1842:
C:\build\output\Unity-Technologies\mono\mono\metadata\icall.c:1842:
C:\build\output\Unity-Technologies\mono\mono\metadata\icall.c:1842:
C:\build\output\Unity-Technologies\mono\mono\metadata\icall.c:1842:
C:\build\output\Unity-Technologies\mono\mono\metadata\icall.c:1842:
C:\build\output\Unity-Technologies\mono\mono\metadata\icall.c:1842:
C:\build\output\Unity-Technologies\mono\mono\metadata\icall.c:1842:
C:\build\output\Unity-Technologies\mono\mono\metadata\icall.c:1842:
Symbol file LoadedFromMemory doesn't match image C:\Users\aaron\Documents\GitHub\Future-Alien-Drug-Game\Future-Alien-Drug-Game\Library\PackageCache\com.unity.visualscripting@1.8.0\Editor\VisualScripting.Core\Dependencies\YamlDotNet\Unity.VisualScripting.YamlDotNet.dll
Symbol file LoadedFromMemory doesn't match image C:\Users\aaron\Documents\GitHub\Future-Alien-Drug-Game\Future-Alien-Drug-Game\Library\PackageCache\com.unity.visualscripting@1.8.0\Editor\VisualScripting.Core\Dependencies\DotNetZip\Unity.VisualScripting.IonicZip.dll
- Loaded All Assemblies, in  0.797 seconds
Refreshing native plugins compatible for Editor in 1.22 ms, found 3 plugins.
Native extension for WindowsStandalone target not found
Mono: successfully reloaded assembly
- Finished resetting the current domain, in  0.939 seconds
Domain Reload Profiling: 1735ms
	BeginReloadAssembly (223ms)
		ExecutionOrderSort (0ms)
		DisableScriptedObjects (16ms)
		BackupInstance (0ms)
		ReleaseScriptingObjects (0ms)
		CreateAndSetChildDomain (67ms)
	RebuildCommonClasses (34ms)
	RebuildNativeTypeToScriptingClass (12ms)
	initialDomainReloadingComplete (28ms)
	LoadAllAssembliesAndSetupDomain (498ms)
		LoadAssemblies (395ms)
		RebuildTransferFunctionScriptingTraits (0ms)
		AnalyzeDomain (197ms)
			TypeCache.Refresh (10ms)
				TypeCache.ScanAssembly (0ms)
			BuildScriptInfoCaches (173ms)
			ResolveRequiredComponents (11ms)
	FinalizeReload (940ms)
		ReleaseScriptCaches (0ms)
		RebuildScriptCaches (0ms)
		SetupLoadedEditorAssemblies (671ms)
			LogAssemblyErrors (0ms)
			InitializePlatformSupportModulesInManaged (3ms)
			SetLoadedEditorAssemblies (8ms)
			BeforeProcessingInitializeOnLoad (150ms)
			ProcessInitializeOnLoadAttributes (454ms)
			ProcessInitializeOnLoadMethodAttributes (47ms)
			AfterProcessingInitializeOnLoad (8ms)
			EditorAssembliesLoaded (1ms)
		ExecutionOrderSort2 (0ms)
		AwakeInstancesAfterBackupRestoration (27ms)
Refreshing native plugins compatible for Editor in 1.23 ms, found 3 plugins.
Preloading 0 native plugins for Editor in 0.00 ms.
Unloading 20 Unused Serialized files (Serialized files now loaded: 0)
Unloading 5294 unused Assets / (4.4 MB). Loaded Objects now: 6236.
Memory consumption went from 213.3 MB to 208.9 MB.
Total: 10.062200 ms (FindLiveObjects: 1.092200 ms CreateObjectMapping: 0.550100 ms MarkObjects: 5.634800 ms  DeleteObjects: 2.783800 ms)

Prepare: number of updated asset objects reloaded= 0
Editor requested this worker to shutdown with reason: Scaling down because of idle timeout
AssetImportWorker is now disconnected from the server
Process exiting
Exiting without the bug reporter. Application will terminate with return code 0